protocol,scenario,seed,run_index,encode_p50_ns,encode_p99_ns,encode_p999_ns,encode_p9999_ns,encode_mean_ns,encode_min_ns,encode_max_ns,encode_stddev_ns,encode_cv,encode_tar_p99,encode_tar_p999,encode_tar_p9999,decode_p50_ns,decode_p99_ns,decode_p999_ns,decode_p9999_ns,decode_mean_ns,decode_min_ns,decode_max_ns,decode_stddev_ns,decode_cv,decode_tar_p99,decode_tar_p999,decode_tar_p9999,rt_p50_ns,rt_p99_ns,rt_p999_ns,rt_p9999_ns,rt_mean_ns,rt_min_ns,rt_max_ns,rt_stddev_ns,rt_cv,rt_lsc,rt_tar_p99,rt_tar_p999,rt_tar_p9999,size_median,size_mean,size_min,size_max,throughput_msg_sec,throughput_bytes_sec,throughput_corpus_exhausted,throughput_processed,total_messages,warmup_messages,measured_messages
bincode,book_large,42,0,2065,2451,5175,7567,2074.0,1643,9791,229.8,0.110800,1.1869,2.5061,3.6644,2833,3319,6131,8095,2844.2,2322,15903,334.7,0.117667,1.1715,2.1641,2.8574,4903,5735,8583,11911,4918.0,4004,18047,507.0,0.103086,0.077708,1.1697,1.7506,2.4293,1646.0,1645.3,1336,1958,215132.4,353954527.9,true,95000,100000,5000,95000
bincode,book_large,43,1,2038,2429,5191,9287,2048.9,1628,20463,257.5,0.125680,1.1919,2.5471,4.5569,2767,3255,6107,13599,2782.5,2278,23343,359.4,0.129158,1.1764,2.2071,4.9147,4811,5643,8671,16735,4831.2,3940,25775,535.8,0.110911,0.078154,1.1729,1.8023,3.4785,1646.0,1645.8,1336,1958,217605.5,358131207.2,true,95000,100000,5000,95000
bincode,book_large,44,2,2039,2425,5155,8927,2047.7,1636,22559,259.6,0.126770,1.1893,2.5282,4.3781,2767,3237,6035,11103,2776.9,2278,17039,340.3,0.122540,1.1699,2.1811,4.0126,4811,5623,8551,16207,4824.4,3926,25775,523.0,0.108399,0.077531,1.1688,1.7774,3.3687,1646.0,1646.6,1336,1958,217580.4,358260637.6,true,95000,100000,5000,95000
bincode,book_large,45,3,2038,2429,5095,9087,2047.3,1648,13591,244.4,0.119374,1.1919,2.5000,4.4588,2763,3247,6243,14127,2779.5,2288,18911,370.6,0.133318,1.1752,2.2595,5.1129,4811,5635,9207,16399,4826.6,3950,20703,538.3,0.111536,0.077946,1.1713,1.9137,3.4086,1646.0,1645.8,1336,1958,217164.2,357402036.0,true,95000,100000,5000,95000
bincode,book_large,46,4,2169,2563,5255,7319,2179.7,1751,17935,238.9,0.109582,1.1817,2.4228,3.3744,2785,3259,6055,10839,2795.6,2308,19135,342.5,0.122498,1.1702,2.1741,3.8919,4959,5779,8695,13655,4975.0,4082,21343,514.5,0.103412,0.075620,1.1654,1.7534,2.7536,1646.0,1645.4,1336,1958,217450.0,357799223.6,true,95000,100000,5000,95000
bincode,book_large,47,5,2053,2441,5099,7503,2061.0,1653,23551,255.2,0.123818,1.1890,2.4837,3.6547,2775,3245,6043,11287,2786.2,2278,24895,354.4,0.127205,1.1694,2.1777,4.0674,4831,5647,8551,16687,4847.0,3960,27023,527.7,0.108881,0.077210,1.1689,1.7700,3.4542,1646.0,1645.3,1336,1958,217709.2,358187849.1,true,95000,100000,5000,95000
bincode,book_large,48,6,2040,2429,5103,7559,2050.1,1640,15695,234.8,0.114539,1.1907,2.5015,3.7054,2763,3241,6003,8335,2775.1,2278,13911,327.7,0.118091,1.1730,2.1726,3.0166,4807,5639,8439,12623,4824.9,3950,18575,502.5,0.104144,0.077803,1.1731,1.7556,2.6260,1646.0,1645.3,1336,1958,217620.7,358041172.4,true,95000,100000,5000,95000
bincode,book_large,49,7,2069,2453,5211,8415,2076.8,1664,26351,260.5,0.125412,1.1856,2.5186,4.0672,2767,3229,6091,10767,2774.3,2290,25663,360.9,0.130098,1.1670,2.2013,3.8912,4839,5647,8599,16247,4850.8,3962,29503,536.4,0.110577,0.076669,1.1670,1.7770,3.3575,1646.0,1646.6,1336,1958,217141.8,357551029.4,true,95000,100000,5000,95000
bincode,book_large,50,8,2042,2435,5231,14343,2052.5,1641,19487,279.5,0.136156,1.1925,2.5617,7.0240,2825,3357,6259,15303,2849.0,2344,18063,385.4,0.135279,1.1883,2.2156,5.4170,4875,5747,8855,18399,4901.2,4004,22431,568.8,0.116062,0.081026,1.1789,1.8164,3.7742,1646.0,1645.1,1336,1958,215148.9,353939387.0,true,95000,100000,5000,95000
bincode,book_large,51,9,2065,2447,5159,9815,2073.2,1646,19535,252.1,0.121598,1.1850,2.4983,4.7530,2759,3237,6087,12823,2772.3,2296,19855,356.5,0.128589,1.1733,2.2062,4.6477,4827,5643,8567,17951,4845.2,3960,22751,528.7,0.109127,0.077274,1.1690,1.7748,3.7189,1644.0,1645.2,1336,1958,217971.6,358610277.3,true,95000,100000,5000,95000
bincode,book_large,52,10,2042,2431,5127,7211,2051.5,1653,13631,232.2,0.113191,1.1905,2.5108,3.5313,2821,3309,6027,8183,2831.0,2332,15727,335.3,0.118436,1.1730,2.1365,2.9007,4867,5707,8519,13143,4882.2,4010,17951,508.0,0.104044,0.078077,1.1726,1.7504,2.7004,1646.0,1646.3,1336,1958,215168.0,354238215.3,true,95000,100000,5000,95000
bincode,book_large,53,11,2041,2441,5199,12135,2053.8,1636,325119,1079.6,0.525664,1.1960,2.5473,5.9456,2771,3243,6075,323583,2820.0,2294,363519,3617.9,1.282946,1.1703,2.1923,116.7748,4819,5639,8535,327679,4873.6,3944,365823,3814.1,0.782608,0.077817,1.1702,1.7711,67.9973,1646.0,1646.0,1336,1956,217415.1,357855348.2,true,95000,100000,5000,95000
bincode,book_large,54,12,2042,2445,5115,6543,2050.5,1636,16335,240.8,0.117436,1.1974,2.5049,3.2042,2769,3239,5987,8591,2779.8,2278,18271,340.8,0.122605,1.1697,2.1622,3.1026,4815,5643,8431,16879,4830.0,3940,20431,512.1,0.106032,0.077674,1.1720,1.7510,3.5055,1646.0,1646.1,1336,1958,217637.1,358248489.9,true,95000,100000,5000,95000
bincode,book_large,55,13,2041,2431,5147,6495,2050.3,1637,20831,234.7,0.114467,1.1911,2.5218,3.1823,2771,3245,6083,10735,2781.9,2276,25759,347.9,0.125062,1.1711,2.1952,3.8741,4815,5639,8479,13575,4832.0,3950,28031,514.8,0.106541,0.077466,1.1711,1.7610,2.8193,1646.0,1645.7,1336,1958,217643.1,358175417.5,true,95000,100000,5000,95000
bincode,book_large,56,14,2046,2431,5091,7743,2053.6,1637,16895,237.9,0.115843,1.1882,2.4883,3.7845,2835,3371,6119,8823,2854.8,2334,17711,352.8,0.123599,1.1891,2.1584,3.1122,4883,5763,8583,12695,4908.1,3998,20079,526.6,0.107285,0.081098,1.1802,1.7577,2.5998,1646.0,1646.2,1336,1958,215041.4,353992485.4,true,95000,100000,5000,95000
bincode,book_large,57,15,2043,2435,5159,7731,2052.0,1619,17359,241.2,0.117569,1.1919,2.5252,3.7841,2771,3243,6063,11047,2783.0,2274,16623,348.5,0.125217,1.1703,2.1880,3.9866,4819,5643,8615,15823,4834.7,3930,20383,519.0,0.107355,0.077609,1.1710,1.7877,3.2835,1646.0,1646.1,1336,1958,217649.2,358263186.2,true,95000,100000,5000,95000
bincode,book_large,58,16,2069,2459,5143,7623,2076.9,1703,16295,237.1,0.114145,1.1885,2.4857,3.6844,2781,3299,6035,10047,2801.5,2298,17839,354.2,0.126445,1.1863,2.1701,3.6127,4851,5711,8535,15863,4878.1,4018,19935,524.9,0.107599,0.080602,1.1773,1.7594,3.2700,1646.0,1646.1,1336,1958,216773.2,356829251.6,true,95000,100000,5000,95000
bincode,book_large,59,17,2057,2441,5099,7363,2065.2,1644,15063,229.8,0.111266,1.1867,2.4789,3.5795,2771,3239,6011,9311,2779.6,2288,14111,333.5,0.119967,1.1689,2.1693,3.3602,4831,5647,8487,12679,4844.6,3946,17631,503.8,0.103988,0.077624,1.1689,1.7568,2.6245,1646.0,1645.5,1336,1958,217469.3,357844957.7,true,95000,100000,5000,95000
bincode,book_large,60,18,2061,2465,5127,7019,2067.7,1654,16399,239.2,0.115694,1.1960,2.4876,3.4056,2777,3247,5943,7343,2786.2,2276,9839,320.7,0.115091,1.1692,2.1401,2.6442,4843,5675,8431,11551,4853.7,3972,19407,498.1,0.102627,0.077225,1.1718,1.7409,2.3851,1646.0,1647.0,1336,1958,217510.2,358233041.5,true,95000,100000,5000,95000
bincode,book_large,61,19,2039,2425,5107,7323,2047.2,1629,16943,239.1,0.116775,1.1893,2.5047,3.5915,2789,3269,6003,11815,2797.1,2286,17471,348.7,0.124666,1.1721,2.1524,4.2363,4831,5655,8415,17471,4844.1,3948,20031,516.4,0.106609,0.077417,1.1706,1.7419,3.6164,1646.0,1645.5,1336,1956,216831.4,356806550.7,true,95000,100000,5000,95000
bincode,book_large,62,20,2047,2439,5087,6011,2055.4,1646,14399,232.4,0.113049,1.1915,2.4851,2.9365,2825,3361,6015,6879,2846.6,2332,11599,337.3,0.118509,1.1897,2.1292,2.4350,4875,5759,8431,9871,4901.8,3996,17407,511.8,0.104412,0.081026,1.1813,1.7294,2.0248,1644.0,1645.0,1336,1958,215331.7,354224744.8,true,95000,100000,5000,95000
bincode,book_large,63,21,2115,2523,5155,5663,2121.4,1741,6603,217.8,0.102679,1.1929,2.4374,2.6775,2843,3373,6155,7043,2862.4,2354,8179,338.6,0.118296,1.1864,2.1650,2.4773,4959,5847,8607,9455,4983.5,4120,10415,506.0,0.101534,0.079855,1.1791,1.7356,1.9066,1646.0,1645.5,1336,1958,217068.7,357195983.6,true,95000,100000,5000,95000
bincode,book_large,64,22,2047,2431,5047,5483,2055.5,1648,6971,220.1,0.107099,1.1876,2.4656,2.6786,2771,3299,5959,7091,2795.7,2296,12951,333.7,0.119349,1.1905,2.1505,2.5590,4823,5691,8391,9559,4850.9,3964,14935,501.7,0.103418,0.080241,1.1800,1.7398,1.9820,1644.0,1645.3,1336,1958,217765.7,358296490.2,true,95000,100000,5000,95000
bincode,book_large,65,23,2053,2465,5159,6947,2063.4,1640,29295,259.9,0.125980,1.2007,2.5129,3.3838,2825,3297,5983,7419,2831.0,2326,19391,329.5,0.116374,1.1671,2.1179,2.6262,4883,5715,8503,11935,4894.1,3998,32415,515.8,0.105403,0.077821,1.1704,1.7413,2.4442,1646.0,1645.9,1336,1958,215003.0,353864592.3,true,95000,100000,5000,95000
bincode,book_large,66,24,2055,2441,5139,6839,2062.0,1651,9831,226.5,0.109861,1.1878,2.5007,3.3280,2767,3255,6063,9743,2778.0,2286,19567,337.7,0.121565,1.1764,2.1912,3.5211,4827,5651,8511,12023,4839.8,3950,21471,504.2,0.104187,0.077688,1.1707,1.7632,2.4908,1646.0,1645.8,1336,1958,217490.0,357941863.6,true,95000,100000,5000,95000
bincode,book_large,67,25,2038,2423,5019,6187,2046.1,1635,13679,224.5,0.109695,1.1889,2.4627,3.0358,2819,3307,5987,8527,2831.3,2336,13911,334.1,0.118011,1.1731,2.1238,3.0248,4863,5691,8439,12527,4877.1,3980,17135,501.7,0.102875,0.078141,1.1703,1.7353,2.5760,1644.0,1644.8,1336,1958,215308.5,354142016.6,true,95000,100000,5000,95000
bincode,book_large,68,26,2042,2431,5119,7415,2051.3,1637,10183,230.2,0.112199,1.1905,2.5069,3.6312,2777,3281,5987,8311,2794.9,2298,13023,335.5,0.120053,1.1815,2.1559,2.9928,4823,5675,8447,11439,4846.0,3958,15327,507.4,0.104709,0.080448,1.1767,1.7514,2.3718,1646.0,1646.1,1336,1958,217519.9,358051370.5,true,95000,100000,5000,95000
bincode,book_large,69,27,2095,2487,5231,9175,2108.2,1703,311551,1035.4,0.491118,1.1871,2.4969,4.3795,2837,3299,6127,27935,2870.4,2354,360703,3287.1,1.145156,1.1628,2.1597,9.8467,4931,5751,8703,316927,4978.4,4086,365055,3499.7,0.702979,0.075238,1.1663,1.7650,64.2724,1644.0,1644.8,1336,1958,217037.1,356981521.4,true,95000,100000,5000,95000
bincode,book_large,70,28,2037,2421,5007,6867,2044.6,1627,10199,219.8,0.107502,1.1885,2.4580,3.3711,2773,3243,5995,9231,2784.7,2276,14839,335.8,0.120580,1.1695,2.1619,3.3289,4815,5631,8399,12839,4829.0,3930,16991,499.7,0.103483,0.077259,1.1695,1.7443,2.6665,1646.0,1645.7,1336,1958,217563.3,358043395.6,true,95000,100000,5000,95000
bincode,book_large,71,29,2039,2433,5067,7135,2047.3,1626,10311,228.0,0.111390,1.1932,2.4850,3.4993,2791,3287,6019,9047,2802.3,2286,12943,332.4,0.118616,1.1777,2.1566,3.2415,4835,5671,8463,12031,4849.3,3934,18383,502.5,0.103615,0.077766,1.1729,1.7504,2.4883,1646.0,1646.1,1336,1958,217071.5,357320595.3,true,95000,100000,5000,95000
bincode,book_medium,42,0,753,907,1234,7123,766.4,603,19391,162.3,0.211749,1.2045,1.6388,9.4595,705,738,824,9511,713.6,695,18463,161.8,0.226772,1.0468,1.1688,13.4908,1463,1645,4651,12103,1479.9,1304,20191,232.2,0.156931,0.012987,1.1244,3.1791,8.2727,350.0,349.9,348,358,741160.8,259332273.0,true,95000,100000,5000,95000
bincode,book_medium,43,1,756,909,1547,6547,769.7,601,17647,154.4,0.200537,1.2024,2.0463,8.6601,704,734,1544,8703,709.9,695,15655,167.3,0.235679,1.0426,2.1932,12.3622,1462,1644,4659,14583,1479.6,1303,18687,232.1,0.156884,0.012312,1.1245,3.1867,9.9747,350.0,349.9,348,358,741358.9,259398054.9,true,95000,100000,5000,95000
bincode,book_medium,44,2,752,915,1199,5835,764.9,618,7559,105.8,0.138271,1.2168,1.5944,7.7593,720,774,834,4871,725.8,711,9223,94.5,0.130168,1.0750,1.1583,6.7653,1475,1662,4415,7363,1490.7,1335,9983,147.1,0.098684,0.012203,1.1268,2.9932,4.9919,350.0,349.9,348,358,733151.8,256527308.2,true,95000,100000,5000,95000
bincode,book_medium,45,3,752,918,1218,9047,765.7,611,11999,144.1,0.188163,1.2207,1.6197,12.0306,717,771,814,9535,723.7,707,13095,148.6,0.205312,1.0753,1.1353,13.2985,1472,1660,4647,10415,1489.3,1326,13887,209.1,0.140407,0.012228,1.1277,3.1569,7.0754,350.0,349.9,348,358,734813.4,257109677.8,true,95000,100000,5000,95000
bincode,book_medium,46,4,752,902,1201,5667,764.8,604,15687,121.8,0.159240,1.1995,1.5971,7.5359,718,772,803,5871,724.3,709,12615,106.7,0.147337,1.0752,1.1184,8.1769,1474,1649,4487,7995,1489.2,1319,16479,165.8,0.111312,0.012212,1.1187,3.0441,5.4240,350.0,349.9,348,358,734527.8,257006680.3,true,95000,100000,5000,95000
bincode,book_medium,47,5,744,910,1199,6683,763.8,682,15375,147.3,0.192883,1.2231,1.6116,8.9825,704,736,771,7399,710.7,694,13727,131.1,0.184447,1.0455,1.0952,10.5099,1453,1630,4575,10671,1474.4,1384,16191,199.9,0.135609,0.018582,1.1218,3.1487,7.3441,350.0,349.9,348,358,740045.9,258944545.0,true,95000,100000,5000,95000
bincode,book_medium,48,6,745,914,1558,5635,764.3,684,8503,113.0,0.147819,1.2268,2.0913,7.5638,706,736,1361,5823,711.4,695,8163,102.8,0.144485,1.0425,1.9278,8.2479,1455,1641,4419,7579,1475.8,1388,9295,157.7,0.106828,0.018557,1.1278,3.0371,5.2089,350.0,349.9,348,358,738682.2,258458282.7,true,95000,100000,5000,95000
bincode,book_medium,49,7,743,919,1360,5959,762.6,683,12463,124.0,0.162639,1.2369,1.8304,8.0202,704,734,1686,6427,710.3,695,9431,126.2,0.177667,1.0426,2.3949,9.1293,1451,1649,4459,8035,1472.9,1384,13263,182.8,0.124094,0.018608,1.1365,3.0731,5.5376,350.0,349.9,348,358,741882.2,259574536.9,true,95000,100000,5000,95000
bincode,book_medium,50,8,753,911,1238,5511,764.9,691,7515,106.4,0.139117,1.2098,1.6441,7.3187,717,771,805,5583,722.5,707,7135,97.0,0.134185,1.0753,1.1227,7.7866,1472,1655,4443,7211,1487.5,1410,9743,147.6,0.099246,0.012228,1.1243,3.0183,4.8988,350.0,349.9,348,358,734673.7,257063583.8,true,95000,100000,5000,95000
bincode,book_medium,51,9,757,907,1208,4183,769.0,631,14975,121.9,0.158497,1.1982,1.5958,5.5258,704,730,764,5991,707.8,695,7587,99.0,0.139833,1.0369,1.0852,8.5099,1462,1639,4571,7171,1476.8,1335,15831,160.6,0.108769,0.012312,1.1211,3.1265,4.9049,350.0,349.9,348,358,741851.1,259576098.8,true,95000,100000,5000,95000
bincode,book_medium,52,10,743,921,1905,5143,762.7,687,8775,115.6,0.151508,1.2396,2.5639,6.9219,703,734,1054,4047,708.8,695,8067,93.6,0.131998,1.0441,1.4993,5.7568,1450,1644,4475,7775,1471.5,1385,9559,154.1,0.104750,0.017931,1.1338,3.0862,5.3621,350.0,349.9,348,358,716624.5,250745983.5,true,95000,100000,5000,95000
bincode,book_medium,53,11,752,905,1215,5319,764.3,629,7387,108.1,0.141426,1.2035,1.6157,7.0731,704,735,777,5591,708.9,694,8359,93.6,0.132041,1.0440,1.1037,7.9418,1458,1637,4415,7155,1473.1,1333,9167,147.7,0.100258,0.012346,1.1228,3.0281,4.9074,350.0,349.9,348,358,743077.0,260001531.5,true,95000,100000,5000,95000
bincode,book_medium,54,12,758,912,1192,9599,770.8,601,16975,159.1,0.206421,1.2032,1.5726,12.6636,704,735,807,6731,710.0,696,13407,126.6,0.178392,1.0440,1.1463,9.5611,1465,1643,4583,10751,1480.7,1307,17791,207.4,0.140084,0.012969,1.1215,3.1283,7.3386,350.0,349.9,348,358,741536.2,259460337.6,true,95000,100000,5000,95000
bincode,book_medium,55,13,752,907,1191,5587,764.2,603,6887,104.2,0.136320,1.2061,1.5838,7.4295,706,734,777,5419,710.4,695,7191,92.7,0.130462,1.0397,1.1006,7.6756,1460,1639,4411,7151,1474.6,1308,9111,144.5,0.098017,0.011644,1.1226,3.0212,4.8979,350.0,349.9,348,358,740041.2,258935011.6,true,95000,100000,5000,95000
bincode,book_medium,56,14,752,918,1654,6659,766.3,609,14511,142.7,0.186229,1.2207,2.1995,8.8551,706,737,1160,6027,712.0,696,9983,112.5,0.157959,1.0439,1.6431,8.5368,1462,1658,4467,10095,1478.3,1311,16639,188.3,0.127412,0.012312,1.1341,3.0554,6.9049,350.0,349.9,348,358,738350.1,258350069.3,true,95000,100000,5000,95000
bincode,book_medium,57,15,752,908,1484,5211,764.3,605,6443,104.7,0.136968,1.2074,1.9734,6.9295,704,735,1197,5811,710.4,695,7943,101.0,0.142199,1.0440,1.7003,8.2543,1459,1641,4515,7615,1474.7,1309,8679,152.0,0.103049,0.011652,1.1247,3.0946,5.2193,350.0,349.9,348,358,741853.8,259573188.4,true,95000,100000,5000,95000
bincode,book_medium,58,16,752,910,1175,3823,763.9,692,9007,95.9,0.125560,1.2101,1.5625,5.0838,719,772,1169,5839,726.1,708,23007,129.1,0.177833,1.0737,1.6259,8.1210,1475,1662,4415,6835,1490.0,1406,23743,163.2,0.109524,0.012203,1.1268,2.9932,4.6339,350.0,349.9,348,358,732575.2,256324714.6,true,95000,100000,5000,95000
bincode,book_medium,59,17,755,890,1173,3967,766.9,607,7127,98.7,0.128713,1.1788,1.5536,5.2543,704,729,773,5511,708.6,695,16231,107.0,0.150984,1.0355,1.0980,7.8281,1461,1618,4419,6575,1475.5,1311,16975,149.4,0.101282,0.012320,1.1075,3.0246,4.5003,350.0,349.9,348,358,741422.3,259415249.0,true,95000,100000,5000,95000
bincode,book_medium,60,18,744,911,1225,5483,763.8,682,6739,109.1,0.142840,1.2245,1.6465,7.3696,702,733,779,5459,708.0,695,7755,97.9,0.138272,1.0442,1.1097,7.7764,1451,1632,4431,7211,1471.8,1383,8935,150.4,0.102215,0.018608,1.1247,3.0538,4.9697,350.0,349.9,348,358,741975.7,259612757.6,true,95000,100000,5000,95000
bincode,book_medium,61,19,752,934,1523,5683,771.0,686,7663,115.7,0.150039,1.2420,2.0253,7.5572,704,733,1556,5455,709.3,695,7951,99.8,0.140719,1.0412,2.2102,7.7486,1460,1660,4427,7707,1480.3,1391,9855,159.8,0.107919,0.019863,1.1370,3.0322,5.2788,350.0,349.9,348,358,737200.7,257946049.4,true,95000,100000,5000,95000
bincode,book_medium,62,20,760,924,1255,6143,773.4,600,13583,124.0,0.160344,1.2158,1.6513,8.0829,703,738,783,5195,708.9,695,14567,99.5,0.140304,1.0498,1.1138,7.3898,1467,1655,4463,8311,1482.3,1300,15367,164.9,0.111258,0.012270,1.1282,3.0423,5.6653,350.0,349.9,348,358,742549.2,259809726.2,true,95000,100000,5000,95000
bincode,book_medium,63,21,743,906,1204,5491,761.7,682,7763,105.7,0.138813,1.2194,1.6205,7.3903,704,735,872,5423,709.5,695,7091,96.7,0.136318,1.0440,1.2386,7.7031,1451,1624,4395,6999,1471.1,1383,10007,147.2,0.100081,0.017919,1.1192,3.0289,4.8236,350.0,349.9,348,358,741637.2,259500683.4,true,95000,100000,5000,95000
bincode,book_medium,64,22,753,913,1244,6359,765.5,599,18543,133.8,0.174780,1.2125,1.6521,8.4449,703,735,781,5539,708.9,694,14919,116.4,0.164246,1.0455,1.1110,7.8791,1459,1642,4475,9207,1474.5,1303,19359,182.2,0.123596,0.012337,1.1254,3.0672,6.3105,350.0,349.9,348,358,742338.1,259737629.7,true,95000,100000,5000,95000
bincode,book_medium,65,23,753,916,1568,5315,765.5,609,8415,108.7,0.142014,1.2165,2.0823,7.0584,704,734,1655,5435,710.0,695,7371,98.0,0.138078,1.0426,2.3509,7.7202,1460,1652,4439,7615,1475.6,1334,9303,153.3,0.103897,0.012329,1.1315,3.0404,5.2158,350.0,349.9,348,358,741999.7,259622578.5,true,95000,100000,5000,95000
bincode,book_medium,66,24,752,906,1175,5815,764.8,699,7499,113.0,0.147729,1.2048,1.5625,7.7327,704,733,849,5047,709.2,694,8983,95.3,0.134417,1.0412,1.2060,7.1690,1459,1632,4399,7655,1474.0,1399,9823,153.7,0.104292,0.011652,1.1186,3.0151,5.2467,350.0,349.9,348,358,741861.7,259575154.1,true,95000,100000,5000,95000
bincode,book_medium,67,25,743,905,1204,6095,761.6,685,12959,118.7,0.155837,1.2180,1.6205,8.2032,704,735,845,5475,709.7,694,8319,97.3,0.137126,1.0440,1.2003,7.7770,1451,1623,4419,7847,1471.2,1386,13831,158.4,0.107697,0.017919,1.1185,3.0455,5.4080,350.0,349.9,348,358,741785.3,259556563.1,true,95000,100000,5000,95000
bincode,book_medium,68,26,752,910,1238,5615,765.0,602,7619,111.7,0.146031,1.2101,1.6463,7.4668,717,770,795,5503,721.9,708,7131,89.9,0.124499,1.0739,1.1088,7.6750,1472,1647,4435,7171,1486.9,1318,9671,147.8,0.099409,0.012228,1.1189,3.0129,4.8716,350.0,349.9,348,358,734468.8,256996182.9,true,95000,100000,5000,95000
bincode,book_medium,69,27,757,905,1286,5951,769.4,599,13543,122.7,0.159533,1.1955,1.6988,7.8613,716,771,927,5831,721.5,707,7047,102.3,0.141719,1.0768,1.2947,8.1439,1475,1650,4603,7743,1490.9,1314,14399,165.9,0.111247,0.012203,1.1186,3.1207,5.2495,350.0,349.9,348,358,734912.3,257144378.0,true,95000,100000,5000,95000
bincode,book_medium,70,28,743,917,1719,6047,763.2,685,7595,127.2,0.166660,1.2342,2.3136,8.1386,704,734,1086,5435,709.6,695,8735,93.7,0.132039,1.0426,1.5426,7.7202,1452,1637,4407,8147,1472.8,1388,9543,165.5,0.112383,0.018595,1.1274,3.0351,5.6109,350.0,349.9,348,358,741423.1,259416633.2,true,95000,100000,5000,95000
bincode,book_medium,71,29,752,894,1192,5483,764.4,620,8147,107.9,0.141147,1.1888,1.5851,7.2912,717,769,806,5387,722.6,707,7815,95.6,0.132357,1.0725,1.1241,7.5132,1472,1644,4439,7651,1487.0,1333,8975,148.7,0.100030,0.012228,1.1168,3.0156,5.1977,350.0,349.9,348,358,734821.5,257117621.9,true,95000,100000,5000,95000
bincode,book_small,42,0,357,428,702,3447,362.5,258,5807,67.0,0.184808,1.1989,1.9664,9.6555,244,273,367,3153,247.1,239,7611,51.3,0.207816,1.1189,1.5041,12.9221,602,682,972,3819,609.6,503,7983,84.9,0.139268,0.009967,1.1329,1.6146,6.3439,108.0,108.7,108,110,1918318.6,208570255.8,true,95000,100000,5000,95000
bincode,book_small,43,1,361,435,747,6215,367.4,258,13871,111.6,0.303853,1.2050,2.0693,17.2161,246,270,322,5239,248.7,239,16039,107.1,0.430593,1.0976,1.3089,21.2967,607,688,1017,8375,616.1,502,16415,156.8,0.254542,0.009885,1.1334,1.6755,13.7974,108.0,108.7,108,110,1917558.0,208487563.9,true,95000,100000,5000,95000
bincode,book_small,44,2,357,428,709,4855,361.9,258,7739,74.5,0.205926,1.1989,1.9860,13.5994,244,268,314,3419,247.0,239,8071,68.2,0.276013,1.0984,1.2869,14.0123,602,677,1006,5623,608.9,503,8431,103.3,0.169678,0.009967,1.1246,1.6711,9.3405,108.0,108.7,108,110,1914850.0,208193131.0,true,95000,100000,5000,95000
bincode,book_small,45,3,387,459,755,5303,393.3,271,19647,106.9,0.271881,1.1860,1.9509,13.7028,287,315,362,3349,289.6,273,8935,68.8,0.237420,1.0976,1.2613,11.6690,675,752,1106,6043,682.9,545,20047,130.3,0.190732,0.008889,1.1141,1.6385,8.9526,108.0,108.7,108,110,1776558.8,193157346.3,true,95000,100000,5000,95000
bincode,book_small,46,4,360,436,722,5067,366.9,260,14151,94.1,0.256522,1.2111,2.0056,14.0750,244,268,307,4603,246.4,238,7655,62.7,0.254626,1.0984,1.2582,18.8648,605,683,1009,5951,613.3,502,14423,115.4,0.188183,0.011570,1.1289,1.6678,9.8364,108.0,108.7,108,110,1923267.7,209108352.9,true,95000,100000,5000,95000
bincode,book_small,47,5,359,431,719,5075,364.2,256,6863,75.6,0.207602,1.2006,2.0028,14.1365,244,268,317,3291,246.7,238,9503,63.6,0.257755,1.0984,1.2992,13.4877,604,679,1012,5687,610.9,501,9839,102.1,0.167180,0.009934,1.1242,1.6755,9.4156,108.0,108.7,108,110,1920648.9,208823627.0,true,95000,100000,5000,95000
bincode,book_small,48,6,357,430,742,5015,363.3,260,9303,83.4,0.229573,1.2045,2.0784,14.0476,247,269,595,3193,250.0,242,5971,54.1,0.216532,1.0891,2.4089,12.9271,605,682,1232,5811,613.2,507,9583,103.7,0.169174,0.008264,1.1273,2.0364,9.6050,108.0,108.7,108,110,1905410.8,207166855.9,true,95000,100000,5000,95000
bincode,book_small,49,7,369,442,741,3399,372.8,269,8271,68.7,0.184248,1.1978,2.0081,9.2114,244,265,311,4695,246.1,239,7563,70.2,0.285174,1.0861,1.2746,19.2418,614,687,1035,5463,618.9,514,9191,100.1,0.161818,0.014658,1.1189,1.6857,8.8974,108.0,108.7,108,110,1877104.7,204089258.8,true,95000,100000,5000,95000
bincode,book_small,50,8,360,435,721,5731,366.4,257,14887,121.3,0.331178,1.2083,2.0028,15.9194,244,266,307,4807,246.7,238,16879,85.7,0.347358,1.0902,1.2582,19.7008,604,684,1020,7259,613.0,500,17231,151.9,0.247733,0.009934,1.1325,1.6887,12.0182,108.0,108.7,108,110,1919422.3,208690263.4,true,95000,100000,5000,95000
bincode,book_small,51,9,360,431,728,3571,366.0,260,7715,77.3,0.211041,1.1972,2.0222,9.9194,244,268,287,3223,246.4,238,15215,65.6,0.266221,1.0984,1.1762,13.2090,605,679,994,4711,612.5,503,15623,102.6,0.167550,0.009917,1.1223,1.6430,7.7868,108.0,108.7,108,110,1918500.8,208590064.9,true,95000,100000,5000,95000
bincode,book_small,52,10,347,419,707,3389,352.6,259,5695,60.4,0.171422,1.2075,2.0375,9.7666,247,269,289,3395,249.5,241,12711,71.6,0.286970,1.0891,1.1700,13.7449,595,670,978,4093,602.1,505,13055,94.2,0.156378,0.008403,1.1261,1.6437,6.8790,108.0,108.7,108,110,1909699.4,207633128.7,true,95000,100000,5000,95000
bincode,book_small,53,11,358,429,684,3463,362.8,256,6043,65.2,0.179850,1.1983,1.9106,9.6732,245,268,305,3447,247.7,238,4867,57.8,0.233189,1.0939,1.2449,14.0694,603,679,974,3961,610.4,506,6319,87.4,0.143221,0.009950,1.1260,1.6153,6.5688,108.0,108.7,108,110,1924015.2,209189627.3,true,95000,100000,5000,95000
bincode,book_small,54,12,358,431,692,3835,363.5,258,19247,109.4,0.300859,1.2039,1.9330,10.7123,244,266,305,3511,246.5,238,5027,59.3,0.240600,1.0902,1.2500,14.3893,602,679,985,4611,610.1,502,19583,124.8,0.204534,0.009967,1.1279,1.6362,7.6595,108.0,108.7,108,110,1914303.7,208133735.3,true,95000,100000,5000,95000
bincode,book_small,55,13,357,426,676,3439,361.6,257,5031,62.1,0.171845,1.1933,1.8936,9.6331,247,269,288,3285,249.4,241,7471,54.1,0.216786,1.0891,1.1660,13.2996,605,677,961,3885,611.0,504,7835,82.7,0.135279,0.009917,1.1190,1.5884,6.4215,108.0,108.7,108,110,1910857.6,207759055.3,true,95000,100000,5000,95000
bincode,book_small,56,14,357,426,663,3459,361.6,256,4635,59.1,0.163384,1.1933,1.8571,9.6891,249,280,301,3291,251.8,242,5683,54.1,0.215040,1.1245,1.2088,13.2169,607,680,962,3975,613.4,503,6035,80.6,0.131358,0.009885,1.1203,1.5848,6.5486,108.0,108.7,108,110,1911208.9,207797253.5,true,95000,100000,5000,95000
bincode,book_small,57,15,358,431,703,3499,363.3,261,4959,65.9,0.181381,1.2039,1.9637,9.7737,244,266,305,3399,246.6,238,19631,80.9,0.328241,1.0902,1.2500,13.9303,603,680,973,3973,609.9,507,19983,104.7,0.171682,0.009950,1.1277,1.6136,6.5887,108.0,108.7,108,110,1919430.3,208691132.0,true,95000,100000,5000,95000
bincode,book_small,58,16,356,430,693,3727,361.3,255,10631,72.9,0.201911,1.2079,1.9466,10.4691,244,266,284,3297,246.6,239,12023,71.5,0.290032,1.0902,1.1639,13.5123,601,678,962,4155,607.9,498,12383,102.6,0.168759,0.009983,1.1281,1.6007,6.9135,108.0,108.7,108,110,1918183.0,208555516.1,true,95000,100000,5000,95000
bincode,book_small,59,17,361,436,698,3413,366.2,258,7375,64.7,0.176765,1.2078,1.9335,9.4543,247,279,290,3201,249.8,242,13783,64.9,0.259837,1.1296,1.1741,12.9595,609,687,986,3929,615.9,504,14135,91.9,0.149189,0.009852,1.1281,1.6190,6.4516,108.0,108.7,108,110,1902394.0,206838850.1,true,95000,100000,5000,95000
bincode,book_small,60,18,357,427,682,3447,362.2,257,5339,65.8,0.181574,1.1961,1.9104,9.6555,247,269,288,3185,249.1,242,7471,46.2,0.185658,1.0891,1.1660,12.8947,605,678,955,3851,611.3,505,7831,80.6,0.131863,0.009917,1.1207,1.5785,6.3653,108.0,108.7,108,110,1907426.4,207385996.6,true,95000,100000,5000,95000
bincode,book_small,61,19,357,429,681,3439,362.3,256,5167,61.8,0.170641,1.2017,1.9076,9.6331,244,266,305,3275,246.3,239,5527,51.8,0.210314,1.0902,1.2500,13.4221,602,677,959,3841,608.7,498,5907,80.8,0.132693,0.009967,1.1246,1.5930,6.3804,108.0,108.7,108,110,1921033.7,208865461.4,true,95000,100000,5000,95000
bincode,book_small,62,20,362,435,724,3571,367.5,260,6043,68.6,0.186652,1.2017,2.0000,9.8646,244,272,302,3301,247.5,239,17455,78.5,0.317049,1.1148,1.2377,13.5287,607,686,990,4009,615.0,504,17807,104.4,0.169792,0.009885,1.1301,1.6310,6.6046,108.0,108.7,108,110,1922602.0,209035978.6,true,95000,100000,5000,95000
bincode,book_small,63,21,357,429,716,3499,362.2,260,5347,66.8,0.184522,1.2017,2.0056,9.8011,247,269,291,3245,249.5,241,5595,56.3,0.225819,1.0891,1.1781,13.1377,605,679,1115,4191,611.7,505,6171,88.6,0.144778,0.009917,1.1223,1.8430,6.9273,108.0,108.7,108,110,1911176.6,207793737.8,true,95000,100000,5000,95000
bincode,book_small,64,22,357,428,710,3451,362.5,256,5059,64.9,0.179133,1.1989,1.9888,9.6667,244,266,305,3205,246.3,239,5327,50.5,0.205117,1.0902,1.2500,13.1352,602,676,978,3867,608.9,501,5679,82.7,0.135777,0.009967,1.1229,1.6246,6.4236,108.0,108.7,108,110,1921151.5,208878272.2,true,95000,100000,5000,95000
bincode,book_small,65,23,358,433,698,3969,363.8,258,11479,89.4,0.245767,1.2095,1.9497,11.0866,243,270,307,3465,246.2,239,10847,70.6,0.286881,1.1111,1.2634,14.2593,602,682,978,5339,610.0,500,11775,114.3,0.187317,0.009967,1.1329,1.6246,8.8688,108.0,108.7,108,110,1917641.3,208496624.7,true,95000,100000,5000,95000
bincode,book_small,66,24,347,419,730,3515,353.0,256,9111,74.4,0.210713,1.2075,2.1037,10.1297,244,266,317,3303,246.3,239,5095,48.9,0.198707,1.0902,1.2992,13.5369,592,667,1102,3961,599.3,500,9407,90.4,0.150792,0.010135,1.1267,1.8615,6.6909,108.0,108.7,108,110,1921457.8,208911567.4,true,95000,100000,5000,95000
bincode,book_small,67,25,358,429,688,3477,363.4,256,7279,67.4,0.185386,1.1983,1.9218,9.7123,244,275,309,3241,246.7,238,5687,52.2,0.211395,1.1270,1.2664,13.2828,603,679,962,3887,610.2,503,7563,85.6,0.140280,0.008292,1.1260,1.5954,6.4461,108.0,108.7,108,110,1920146.8,208769027.3,true,95000,100000,5000,95000
bincode,book_small,68,26,359,428,646,3601,363.8,256,6151,61.5,0.168979,1.1922,1.7994,10.0306,244,267,304,3385,246.3,239,8599,58.7,0.238094,1.0943,1.2459,13.8730,604,676,931,4079,610.1,498,8951,85.2,0.139618,0.009934,1.1192,1.5414,6.7533,108.0,108.7,108,110,1913988.3,208099450.7,true,95000,100000,5000,95000
bincode,book_small,69,27,357,435,758,5523,363.8,256,15455,128.8,0.354128,1.2185,2.1232,15.4706,243,276,447,5275,247.9,238,11431,89.5,0.361185,1.1358,1.8395,21.7078,602,685,1440,7479,611.7,499,15807,159.5,0.260786,0.009967,1.1379,2.3920,12.4236,108.0,108.7,108,110,1919814.8,208732938.6,true,95000,100000,5000,95000
bincode,book_small,70,28,359,432,721,5175,365.2,259,13143,95.1,0.260305,1.2033,2.0084,14.4150,244,276,319,4543,246.8,238,14991,78.6,0.318556,1.1311,1.3074,18.6189,604,680,1012,6551,612.0,503,15351,127.0,0.207489,0.009934,1.1258,1.6755,10.8460,108.0,108.7,108,110,1918056.9,208541801.7,true,95000,100000,5000,95000
bincode,book_small,71,29,357,429,739,5175,362.5,256,6627,80.0,0.220763,1.2017,2.0700,14.4958,244,267,316,4667,247.0,238,13831,80.3,0.324965,1.0943,1.2951,19.1270,602,677,1040,6183,609.4,501,14183,115.8,0.190026,0.009967,1.1246,1.7276,10.2708,108.0,108.7,108,110,1919142.1,208659791.2,true,95000,100000,5000,95000
bincode,burst,42,0,176,856,2289,3203,219.1,154,9519,205.4,0.937700,4.8636,13.0057,18.1989,70,744,3345,3479,141.9,59,12511,295.4,2.081654,10.6286,47.7857,49.7000,249,1587,5615,5875,361.0,216,13247,493.5,1.367084,0.068273,6.3735,22.5502,23.5944,44.0,69.9,40,1958,2810788.2,196522468.6,true,995000,1000000,5000,995000
bincode,burst,43,1,176,857,2543,3273,220.2,154,14847,227.0,1.030597,4.8693,14.4489,18.5966,68,739,3185,3307,139.8,58,9271,280.7,2.007500,10.8676,46.8382,48.6324,249,1583,5707,5951,360.0,216,17423,500.9,1.391199,0.068273,6.3574,22.9197,23.8996,44.0,69.9,40,1954,2752277.1,192350103.7,true,995000,1000000,5000,995000
bincode,burst,44,2,176,853,2291,3337,219.2,153,14767,207.2,0.945215,4.8466,13.0170,18.9602,69,753,3373,3491,140.5,58,11975,296.0,2.106066,10.9130,48.8841,50.5942,249,1592,5643,5923,359.7,217,19039,495.0,1.376122,0.068273,6.3936,22.6627,23.7871,44.0,69.7,40,1954,2703435.9,188429473.3,true,995000,1000000,5000,995000
bincode,burst,45,3,179,925,2291,4423,225.5,146,15351,209.2,0.927864,5.1676,12.7989,24.7095,69,747,3985,5847,144.6,59,16463,326.0,2.254543,10.8261,57.7536,84.7391,255,1662,6087,8019,370.1,208,18687,519.7,1.404397,0.105882,6.5176,23.8706,31.4471,44.0,69.6,40,1956,2608386.4,181598185.1,true,995000,1000000,5000,995000
bincode,burst,46,4,188,928,2307,4507,231.1,144,14807,211.2,0.913753,4.9362,12.2713,23.9734,70,740,3949,5663,143.0,59,18895,325.9,2.278980,10.5714,56.4143,80.9000,268,1654,6119,7995,374.1,206,21103,521.9,1.395021,0.134328,6.1716,22.8321,29.8321,44.0,69.6,40,1954,2749658.4,191429771.9,true,995000,1000000,5000,995000
bincode,burst,47,5,176,893,2257,3377,223.1,146,11135,204.0,0.914306,5.0739,12.8239,19.1875,70,752,3793,5671,143.3,58,12751,324.0,2.261397,10.7429,54.1857,81.0143,251,1638,5955,7935,366.4,209,14751,516.7,1.410206,0.091633,6.5259,23.7251,31.6135,44.0,69.8,40,1954,2687232.9,187636054.0,true,995000,1000000,5000,995000
bincode,burst,48,6,211,885,2321,4855,245.0,144,14967,219.5,0.895866,4.1943,11.0000,23.0095,69,738,4563,6591,145.1,58,13871,351.7,2.423659,10.6957,66.1304,95.5217,281,1613,6759,9671,390.1,207,15183,549.2,1.408021,0.128114,5.7402,24.0534,34.4164,44.0,69.3,40,1954,2671018.9,185028998.6,true,995000,1000000,5000,995000
bincode,burst,49,7,188,904,2299,3373,231.3,145,9423,205.4,0.888021,4.8085,12.2287,17.9415,68,741,4199,5995,143.6,58,11071,335.0,2.332910,10.8971,61.7500,88.1618,268,1638,6355,8279,374.9,207,13175,528.1,1.408610,0.134328,6.1119,23.7127,30.8918,44.0,69.5,40,1956,2868314.0,199437913.7,true,995000,1000000,5000,995000
bincode,burst,50,8,176,886,2341,3237,217.5,154,15407,210.2,0.966427,5.0341,13.3011,18.3920,69,752,3395,3547,140.4,58,9591,297.7,2.120285,10.8986,49.2029,51.4058,248,1622,5719,5991,357.9,217,15519,500.3,1.398067,0.064516,6.5403,23.0605,24.1573,44.0,69.9,40,1958,2741240.3,191534841.1,true,995000,1000000,5000,995000
bincode,burst,51,9,240,912,2313,5107,284.8,164,13919,212.3,0.745380,3.8000,9.6375,21.2792,97,778,4091,5851,173.8,85,16159,331.2,1.905422,8.0206,42.1753,60.3196,352,1689,6339,8623,458.6,267,18143,522.7,1.139690,0.096591,4.7983,18.0085,24.4972,44.0,69.7,40,1958,2241078.2,156125448.0,true,995000,1000000,5000,995000
bincode,burst,52,10,185,871,2299,4523,230.6,144,14831,207.8,0.901079,4.7081,12.4270,24.4486,71,754,4139,5887,143.7,59,13519,331.7,2.309008,10.6197,58.2958,82.9155,269,1615,6307,8147,374.2,208,15639,524.9,1.402781,0.141264,6.0037,23.4461,30.2862,44.0,69.4,40,1954,2687230.5,186535661.2,true,995000,1000000,5000,995000
bincode,burst,53,11,176,839,2353,3253,218.3,154,8311,207.5,0.950291,4.7670,13.3693,18.4830,69,754,3391,3525,140.5,58,14087,297.1,2.114913,10.9275,49.1449,51.0870,249,1580,5723,5979,358.8,217,14711,497.2,1.385762,0.068273,6.3454,22.9839,24.0120,44.0,69.6,40,1958,2832477.5,197146102.7,true,995000,1000000,5000,995000
bincode,burst,54,12,175,845,2285,3245,217.8,151,18367,205.6,0.943608,4.8286,13.0571,18.5429,68,740,3325,3437,139.3,59,10279,291.6,2.092940,10.8824,48.8971,50.5441,248,1570,5595,5851,357.1,214,18479,489.4,1.370178,0.068548,6.3306,22.5605,23.5927,44.0,69.8,40,1954,2703899.2,188720333.1,true,995000,1000000,5000,995000
bincode,burst,55,13,189,928,2313,3625,233.6,145,20111,213.2,0.912522,4.9101,12.2381,19.1799,68,736,4075,5883,143.0,57,17151,330.4,2.310812,10.8235,59.9265,86.5147,270,1657,6243,8367,376.6,210,23167,527.9,1.401857,0.137037,6.1370,23.1222,30.9889,44.0,69.5,40,1958,2711435.8,188506267.8,true,995000,1000000,5000,995000
bincode,burst,56,14,176,840,2289,3335,218.5,155,32959,207.7,0.950369,4.7727,13.0057,18.9489,68,738,3321,3455,139.9,59,32991,292.2,2.089510,10.8529,48.8382,50.8088,249,1567,5595,5863,358.4,218,33183,489.0,1.364262,0.068273,6.2932,22.4699,23.5462,44.0,69.5,40,1958,2707333.3,188141336.0,true,995000,1000000,5000,995000
bincode,burst,57,15,177,854,2513,3277,220.5,152,17711,224.9,1.020030,4.8249,14.1977,18.5141,69,738,3209,3315,139.4,58,18351,282.9,2.029091,10.6957,46.5072,48.0435,249,1579,5695,5939,359.9,216,18527,499.5,1.388014,0.064257,6.3414,22.8715,23.8514,44.0,69.8,40,1958,2798132.1,195269345.7,true,995000,1000000,5000,995000
bincode,burst,58,16,175,859,2225,3299,221.4,146,7963,199.8,0.902733,4.9086,12.7143,18.8514,69,756,3459,4671,142.2,58,13447,306.4,2.154412,10.9565,50.1304,67.6957,250,1602,5655,6899,363.6,208,16135,497.1,1.367095,0.088000,6.4080,22.6200,27.5960,44.0,70.0,40,1954,2700066.9,188975052.8,true,995000,1000000,5000,995000
bincode,burst,59,17,176,874,2305,3291,219.0,151,20143,208.9,0.953884,4.9659,13.0966,18.6989,72,738,3375,3495,144.6,62,14183,296.9,2.053448,10.2500,46.8750,48.5417,253,1605,5659,5915,363.6,217,22959,496.6,1.365588,0.079051,6.3439,22.3676,23.3794,44.0,69.8,40,1958,2645119.7,184605981.6,true,995000,1000000,5000,995000
bincode,burst,60,18,182,861,2261,4403,231.0,151,20815,209.1,0.905413,4.7308,12.4231,24.1923,91,773,3671,5431,169.4,71,19023,315.8,1.864199,8.4945,40.3407,59.6813,278,1627,5851,7747,400.4,227,24143,508.5,1.269869,0.100719,5.8525,21.0468,27.8669,44.0,69.6,40,1954,2498700.1,173916173.4,true,995000,1000000,5000,995000
bincode,burst,61,19,177,840,2289,3473,218.1,154,33503,217.5,0.996981,4.7458,12.9322,19.6215,71,751,3403,3541,141.1,59,31311,302.8,2.145942,10.5775,47.9296,49.8732,249,1579,5675,6063,359.3,217,33887,502.9,1.399794,0.064257,6.3414,22.7912,24.3494,44.0,69.6,40,1954,2713703.2,188861529.2,true,995000,1000000,5000,995000
bincode,burst,62,20,178,944,2471,3267,223.0,155,19167,223.6,1.002360,5.3034,13.8820,18.3539,68,754,3315,3489,141.4,58,19679,290.7,2.055656,11.0882,48.7500,51.3088,252,1683,5751,6011,364.4,218,21327,505.1,1.386054,0.071429,6.6786,22.8214,23.8532,44.0,69.5,40,1958,2775786.3,192977900.7,true,995000,1000000,5000,995000
bincode,burst,63,21,175,924,2293,4339,222.0,143,29183,210.5,0.948146,5.2800,13.1029,24.7943,69,741,4351,6135,144.0,58,31231,341.7,2.372474,10.7391,63.0580,88.9130,252,1655,6403,8271,366.0,205,31407,534.2,1.459564,0.107143,6.5675,25.4087,32.8214,44.0,69.6,40,1954,2726533.0,189888964.0,true,995000,1000000,5000,995000
bincode,burst,64,22,175,834,2339,3229,217.0,153,325375,387.9,1.787444,4.7657,13.3657,18.4514,68,738,3303,3421,141.4,58,378623,1018.3,7.199888,10.8529,48.5735,50.3088,247,1560,5623,5903,358.5,216,379135,1142.5,3.187311,0.064777,6.3158,22.7652,23.8988,44.0,69.4,40,1958,2774800.9,192517527.5,true,995000,1000000,5000,995000
bincode,burst,65,23,176,836,2279,3183,217.2,155,34111,206.7,0.951729,4.7500,12.9489,18.0852,68,740,3305,3437,138.7,58,32207,290.4,2.093111,10.8824,48.6029,50.5441,249,1563,5563,5811,355.9,218,34207,486.0,1.365548,0.068273,6.2771,22.3414,23.3373,44.0,69.4,40,1958,2734704.6,189672693.6,true,995000,1000000,5000,995000
bincode,burst,66,24,179,944,2307,4955,228.0,144,21279,220.1,0.965385,5.2737,12.8883,27.6816,69,739,3801,5479,142.1,59,34111,321.3,2.262103,10.7101,55.0870,79.4058,257,1678,6015,8663,370.0,205,34335,521.6,1.409614,0.116732,6.5292,23.4047,33.7082,44.0,69.6,40,1958,2727485.1,189880223.8,true,995000,1000000,5000,995000
bincode,burst,67,25,181,949,2325,5011,229.2,144,14583,216.9,0.946499,5.2431,12.8453,27.6851,68,738,3755,5435,141.5,59,9239,313.9,2.217800,10.8529,55.2206,79.9265,260,1677,5979,8343,370.7,206,14663,513.2,1.384251,0.123077,6.4500,22.9962,32.0885,44.0,69.3,40,1954,2728380.0,189197446.7,true,995000,1000000,5000,995000
bincode,burst,68,26,182,882,2335,3221,222.8,156,9319,207.6,0.931535,4.8462,12.8297,17.6978,79,736,3341,3477,147.2,59,15111,292.5,1.987070,9.3165,42.2911,44.0127,263,1606,5651,5907,370.0,218,15375,492.9,1.332044,0.060837,6.1065,21.4867,22.4601,44.0,69.8,40,1954,2705482.0,188781559.4,true,995000,1000000,5000,995000
bincode,burst,69,27,175,854,2497,3329,218.9,153,14535,222.0,1.013812,4.8800,14.2686,19.0229,69,749,3245,3365,138.7,59,11999,283.3,2.042104,10.8551,47.0290,48.7681,248,1589,5719,5955,357.6,216,17951,498.8,1.394747,0.064516,6.4073,23.0605,24.0121,44.0,69.6,40,1958,2678499.7,186516516.7,true,995000,1000000,5000,995000
bincode,burst,70,28,176,837,2285,3145,218.3,155,15671,202.1,0.925884,4.7557,12.9830,17.8693,70,737,3311,3435,139.2,58,7223,287.9,2.068542,10.5286,47.3000,49.0714,249,1561,5579,5803,357.5,218,15943,483.4,1.352104,0.064257,6.2691,22.4056,23.3052,44.0,69.5,40,1954,2730138.6,189809585.5,true,995000,1000000,5000,995000
bincode,burst,71,29,180,852,2253,3375,228.1,146,12919,199.7,0.875552,4.7333,12.5167,18.7500,72,755,3845,5463,144.1,59,15199,318.5,2.210474,10.4861,53.4028,75.8750,260,1596,5995,7803,372.2,208,15399,507.7,1.364035,0.119231,6.1385,23.0577,30.0115,44.0,69.6,40,1954,2688821.5,187106435.4,true,995000,1000000,5000,995000
bincode,mixed,42,0,177,1774,2291,3329,224.6,155,8679,215.8,0.960884,10.0226,12.9435,18.8079,75,2515,3353,3465,148.7,58,7863,309.2,2.079344,33.5333,44.7067,46.2000,252,4279,5623,5843,373.3,217,11935,517.9,1.387449,0.075397,16.9802,22.3135,23.1865,44.0,73.0,40,1958,2734411.5,199535616.7,true,995000,1000000,5000,995000
bincode,mixed,43,1,177,2002,2555,3265,226.1,154,6423,237.8,1.051837,11.3107,14.4350,18.4463,75,2369,3211,3311,147.5,58,6787,295.0,2.000139,31.5867,42.8133,44.1467,252,4355,5739,5959,373.6,215,9183,526.8,1.410219,0.075397,17.2817,22.7738,23.6468,44.0,72.8,40,1958,2702066.5,196715872.6,true,995000,1000000,5000,995000
bincode,mixed,44,2,177,1750,2285,3219,222.5,155,15039,214.2,0.962437,9.8870,12.9096,18.1864,75,2509,3391,3513,149.1,59,16719,311.9,2.092631,33.4533,45.2133,46.8400,252,4259,5659,5915,371.6,217,18783,518.4,1.395196,0.075397,16.9008,22.4563,23.4722,44.0,72.6,40,1954,2627641.3,190892234.1,true,995000,1000000,5000,995000
bincode,mixed,45,3,183,1686,2289,3537,234.3,146,17439,216.4,0.923852,9.2131,12.5082,19.3279,75,2437,3757,5527,151.8,58,14231,333.2,2.194492,32.4933,50.0933,73.6933,265,4171,5927,7995,386.1,208,18223,537.2,1.391274,0.128302,15.7396,22.3660,30.1698,44.0,72.6,40,1956,2600543.4,188685787.5,true,995000,1000000,5000,995000
bincode,mixed,46,4,178,2010,2573,3341,226.6,155,18447,240.6,1.061824,11.2921,14.4551,18.7697,75,2357,3205,3319,147.3,58,21551,295.4,2.006061,31.4267,42.7333,44.2533,253,4355,5755,5987,373.8,218,24175,527.7,1.411693,0.075099,17.2134,22.7470,23.6640,44.0,72.6,40,1954,2691739.2,195320647.1,true,995000,1000000,5000,995000
bincode,mixed,47,5,186,1710,2301,3385,236.4,146,12807,215.5,0.911438,9.1935,12.3710,18.1989,75,2485,4069,6055,151.5,58,17743,344.2,2.272628,33.1333,54.2533,80.7333,270,4239,6231,8255,387.9,208,19679,548.0,1.412754,0.144444,15.7000,23.0778,30.5741,44.0,72.7,40,1954,2609050.1,189802558.3,true,995000,1000000,5000,995000
bincode,mixed,48,6,178,1151,2327,3219,225.5,152,8559,214.9,0.952972,6.4663,13.0730,18.0843,75,764,3423,4739,148.3,58,8591,312.8,2.109596,10.1867,45.6400,63.1867,253,3155,5735,7379,373.7,215,10879,520.3,1.392127,0.083004,12.4704,22.6680,29.1660,44.0,72.2,40,1954,2625071.0,189576945.9,true,995000,1000000,5000,995000
bincode,mixed,49,7,187,1679,2307,3427,235.5,146,34591,217.8,0.924833,8.9786,12.3369,18.3262,75,2407,4007,5819,150.7,58,19327,340.6,2.260252,32.0933,53.4267,77.5867,269,3769,6155,8079,386.2,208,34687,544.7,1.410155,0.141264,14.0112,22.8810,30.0335,44.0,72.5,40,1956,2612930.1,189308111.5,true,995000,1000000,5000,995000
bincode,mixed,50,8,178,1753,2301,3277,224.1,155,15143,214.7,0.958377,9.8483,12.9270,18.4101,75,2499,3365,3487,148.5,59,12399,309.0,2.080319,33.3200,44.8667,46.4933,252,4247,5647,5875,372.6,217,18415,516.6,1.386456,0.075397,16.8532,22.4087,23.3135,44.0,72.8,40,1958,2730190.6,198761776.0,true,995000,1000000,5000,995000
bincode,mixed,51,9,218,1766,2321,3399,256.3,152,14855,213.9,0.834484,8.1009,10.6468,15.5917,75,2623,4839,6811,157.0,59,18703,391.7,2.494594,34.9733,64.5200,90.8133,291,4415,7007,9095,413.3,215,18927,593.3,1.435535,0.085911,15.1718,24.0790,31.2543,44.0,72.6,40,1958,2560906.7,185913122.4,true,995000,1000000,5000,995000
bincode,mixed,52,10,181,1642,2263,3373,232.9,146,12879,209.1,0.898066,9.0718,12.5028,18.6354,75,769,3727,5547,149.4,58,10703,324.9,2.174768,10.2533,49.6933,73.9600,266,3449,5887,7967,382.2,209,13127,523.7,1.369978,0.139098,12.9662,22.1316,29.9511,44.0,72.4,40,1958,2653364.2,192001433.9,true,995000,1000000,5000,995000
bincode,mixed,53,11,177,1731,2301,3253,223.4,154,7527,213.6,0.956242,9.7797,13.0000,18.3785,75,2461,3387,3507,148.5,59,8335,308.8,2.079604,32.8133,45.1600,46.7600,252,3533,5671,5923,371.9,217,10911,515.6,1.386471,0.075397,14.0198,22.5040,23.5040,44.0,72.5,40,1958,2569548.5,186221799.6,true,995000,1000000,5000,995000
bincode,mixed,54,12,177,1745,2291,3263,222.8,153,6891,213.0,0.955936,9.8588,12.9435,18.4350,75,2451,3313,3419,146.9,58,12359,303.2,2.063561,32.6800,44.1733,45.5867,251,4175,5587,5795,369.8,217,14439,509.4,1.377737,0.071713,16.6335,22.2590,23.0876,44.0,72.7,40,1954,2749005.7,199892791.5,true,995000,1000000,5000,995000
bincode,mixed,55,13,215,1754,2351,3365,255.5,151,9535,214.8,0.840700,8.1581,10.9349,15.6512,75,2577,4887,6759,157.2,59,11607,395.5,2.516202,34.3600,65.1600,90.1200,288,3763,7063,8967,412.7,213,13967,598.3,1.449598,0.065972,13.0660,24.5243,31.1354,44.0,72.5,40,1958,2595702.3,188207312.4,true,995000,1000000,5000,995000
bincode,mixed,56,14,178,1724,2303,3333,223.9,155,7731,213.7,0.954659,9.6854,12.9382,18.7247,75,2439,3349,3479,148.8,58,15111,306.6,2.060581,32.5200,44.6533,46.3867,252,3753,5631,5871,372.7,218,15279,512.3,1.374653,0.075397,14.8929,22.3452,23.2976,44.0,72.5,40,1958,2600795.5,188512485.9,true,995000,1000000,5000,995000
bincode,mixed,57,15,202,1718,2315,3701,240.7,146,26911,219.0,0.910127,8.5050,11.4604,18.3218,75,2457,4171,5827,151.7,58,18735,348.3,2.296145,32.7600,55.6133,77.6933,275,4223,6351,8151,392.3,207,27007,553.2,1.410084,0.149091,15.3564,23.0945,29.6400,44.0,72.7,40,1958,2592106.7,188358936.5,true,995000,1000000,5000,995000
bincode,mixed,58,16,179,1928,2539,3543,243.1,151,32095,251.4,1.034264,10.7709,14.1844,19.7933,75,2539,3531,5207,153.8,59,30351,330.3,2.147356,33.8533,47.0800,69.4267,256,4511,6027,7687,396.9,214,32415,565.4,1.424402,0.109375,17.6211,23.5430,30.0273,44.0,72.9,40,1954,2558410.2,186459359.3,true,995000,1000000,5000,995000
bincode,mixed,59,17,177,1764,2301,3401,224.1,154,31359,222.7,0.993895,9.9661,13.0000,19.2147,75,2533,3397,3513,149.7,59,9975,312.8,2.088706,33.7733,45.2933,46.8400,252,4303,5683,5951,373.8,217,31647,523.7,1.401079,0.079365,17.0754,22.5516,23.6151,44.0,72.8,40,1958,2605161.2,189582900.8,true,995000,1000000,5000,995000
bincode,mixed,60,18,216,1737,2313,3577,256.6,150,21279,218.7,0.852279,8.0417,10.7083,16.5602,75,2465,4743,6583,155.5,58,26815,386.4,2.483978,32.8667,63.2400,87.7733,290,3731,6919,9015,412.1,214,28927,588.0,1.426692,0.065517,12.8655,23.8586,31.0862,44.0,72.5,40,1954,2613096.5,189441508.6,true,995000,1000000,5000,995000
bincode,mixed,61,19,178,1824,2393,3339,229.4,154,18319,229.6,1.001087,10.2472,13.4438,18.7584,75,2381,3251,3385,149.0,59,20175,299.8,2.012098,31.7467,43.3467,45.1333,254,4191,5623,5907,378.4,217,22431,519.3,1.372419,0.086614,16.5000,22.1378,23.2559,44.0,72.5,40,1954,2700419.2,195795685.6,true,995000,1000000,5000,995000
bincode,mixed,62,20,177,1714,2285,3273,223.2,155,13727,212.2,0.950830,9.6836,12.9096,18.4915,77,795,3315,3435,147.0,59,14095,302.4,2.057320,10.3247,43.0519,44.6104,253,3515,5579,5851,370.1,218,16007,506.8,1.369362,0.083004,13.8933,22.0514,23.1265,44.0,72.4,40,1958,2734908.0,197934521.1,true,995000,1000000,5000,995000
bincode,mixed,63,21,179,1666,2293,3379,230.3,146,17359,214.9,0.933128,9.3073,12.8101,18.8771,75,2435,3737,5643,150.0,58,20751,331.3,2.208203,32.4667,49.8267,75.2400,257,4187,5883,7799,380.3,208,23039,534.1,1.404484,0.112840,16.2918,22.8911,30.3463,44.0,72.6,40,1954,2769149.6,200963570.5,true,995000,1000000,5000,995000
bincode,mixed,64,22,177,1147,2285,3297,222.9,154,14679,211.4,0.948384,6.4802,12.9096,18.6271,75,755,3351,3465,147.5,58,12903,304.7,2.066168,10.0667,44.6800,46.2000,252,3289,5619,5867,370.4,218,14807,508.7,1.373640,0.075397,13.0516,22.2976,23.2817,44.0,72.3,40,1958,2613599.4,188895606.9,true,995000,1000000,5000,995000
bincode,mixed,65,23,176,1704,2287,3265,222.1,154,10391,212.3,0.955713,9.6818,12.9943,18.5511,75,767,3313,3431,146.5,58,11071,301.7,2.060083,10.2267,44.1733,45.7467,251,3429,5583,5863,368.6,216,14343,506.7,1.374810,0.075697,13.6614,22.2430,23.3586,44.0,72.2,40,1958,2759986.7,199362319.4,true,995000,1000000,5000,995000
bincode,mixed,66,24,216,1759,2331,3381,256.3,148,17775,214.9,0.838480,8.1435,10.7917,15.6528,75,2563,4807,6711,155.5,59,11375,387.2,2.489386,34.1733,64.0933,89.4800,290,4419,6963,8959,411.8,211,17871,588.8,1.429930,0.065517,15.2379,24.0103,30.8931,44.0,72.6,40,1958,2617370.0,189926119.0,true,995000,1000000,5000,995000
bincode,mixed,67,25,210,1745,2377,3409,252.7,150,13607,222.4,0.880272,8.3095,11.3190,16.2333,75,775,4567,6511,153.2,59,11431,366.9,2.395599,10.3333,60.8933,86.8133,281,3409,6707,8815,405.8,213,13839,574.1,1.414633,0.124555,12.1317,23.8683,31.3701,44.0,72.3,40,1954,2631823.6,190205021.1,true,995000,1000000,5000,995000
bincode,mixed,68,26,260,2038,2577,3615,318.6,229,11263,243.3,0.763548,7.8385,9.9115,13.9038,74,2509,3363,3477,151.9,58,8695,310.5,2.043370,33.9054,45.4459,46.9865,334,4531,5907,6139,470.6,292,12703,543.4,1.154824,0.059880,13.5659,17.6856,18.3802,44.0,72.7,40,1954,2076944.4,150935198.6,true,995000,1000000,5000,995000
bincode,mixed,69,27,178,1749,2297,3277,224.3,156,15399,216.0,0.962873,9.8258,12.9045,18.4101,75,2439,3329,3449,147.8,58,14031,304.6,2.060715,32.5200,44.3867,45.9867,252,4175,5611,5835,372.1,218,15687,512.0,1.375863,0.071429,16.5675,22.2659,23.1548,44.0,72.6,40,1958,2605661.3,189042268.0,true,995000,1000000,5000,995000
bincode,mixed,70,28,176,1740,2311,3281,223.1,154,9607,216.7,0.971169,9.8864,13.1307,18.6420,75,2487,3381,3497,147.9,59,17535,309.2,2.090217,33.1600,45.0800,46.6267,251,4167,5671,5971,371.0,218,21775,518.0,1.396098,0.075697,16.6016,22.5936,23.7888,44.0,72.5,40,1954,2731819.4,198123271.4,true,995000,1000000,5000,995000
bincode,mixed,71,29,186,1739,2311,3303,234.8,153,19071,216.7,0.922629,9.3495,12.4247,17.7581,75,2469,3491,5531,150.3,58,19295,322.9,2.149089,32.9200,46.5467,73.7467,263,3743,5779,7731,385.1,217,19487,529.0,1.373662,0.095057,14.2319,21.9734,29.3954,44.0,72.6,40,1954,2535426.1,183950163.4,true,995000,1000000,5000,995000
bincode,order,42,0,190,278,521,5259,199.7,158,25679,168.5,0.843759,1.4632,2.7421,27.6789,178,206,222,3137,179.1,151,7151,49.7,0.277678,1.1573,1.2472,17.6236,370,462,760,6595,378.8,317,26015,177.5,0.468655,0.037838,1.2486,2.0541,17.8243,55.0,55.5,49,61,2717354.7,150715232.2,true,495000,500000,5000,495000
bincode,order,43,1,192,281,544,8535,201.5,154,40127,174.4,0.865095,1.4635,2.8333,44.4531,178,207,221,3227,179.2,151,12047,55.0,0.306951,1.1629,1.2416,18.1292,371,466,773,9359,380.7,320,40447,184.3,0.484077,0.037736,1.2561,2.0836,25.2264,55.0,55.5,49,61,2718146.6,150770431.8,true,495000,500000,5000,495000
bincode,order,44,2,190,278,562,6615,199.9,156,28319,138.4,0.692459,1.4632,2.9579,34.8158,179,206,220,3303,179.6,151,17727,67.9,0.378086,1.1508,1.2291,18.4525,370,463,803,8019,379.5,318,28591,155.5,0.409739,0.037838,1.2514,2.1703,21.6730,55.0,55.5,49,61,2718369.0,150773329.8,true,495000,500000,5000,495000
bincode,order,45,3,189,264,471,3599,195.2,154,20143,105.3,0.539331,1.3968,2.4921,19.0423,178,205,219,3315,178.6,151,11951,61.0,0.341490,1.1517,1.2303,18.6236,368,450,683,5847,373.8,318,20383,122.5,0.327651,0.032609,1.2228,1.8560,15.8886,55.0,55.5,49,61,2720460.0,150872195.1,true,495000,500000,5000,495000
bincode,order,46,4,189,271,539,6335,198.1,156,18383,121.8,0.614952,1.4339,2.8519,33.5185,178,206,219,3171,178.8,151,10495,54.2,0.303034,1.1573,1.2303,17.8146,369,457,760,7199,376.9,318,18639,134.3,0.356371,0.035230,1.2385,2.0596,19.5095,55.0,55.5,49,61,2718988.5,150798505.4,true,495000,500000,5000,495000
bincode,order,47,5,191,268,498,3165,198.5,160,38239,171.6,0.864410,1.4031,2.6073,16.5707,178,206,219,3031,178.7,151,5035,38.5,0.215362,1.1573,1.2303,17.0281,370,455,702,3479,377.2,321,38495,176.8,0.468774,0.035135,1.2297,1.8973,9.4027,55.0,55.5,49,61,2707442.2,150160195.8,true,495000,500000,5000,495000
bincode,order,48,6,189,264,498,3491,195.3,158,18559,99.6,0.510113,1.3968,2.6349,18.4709,179,208,223,3193,180.1,150,10447,54.5,0.302603,1.1620,1.2458,17.8380,370,452,717,4363,375.4,315,18863,114.6,0.305276,0.032432,1.2216,1.9378,11.7919,55.0,55.5,49,61,2595674.9,143960813.3,true,495000,500000,5000,495000
bincode,order,49,7,189,262,470,3161,194.6,159,28831,94.8,0.486977,1.3862,2.4868,16.7249,178,206,219,3179,179.0,149,11039,51.1,0.285464,1.1573,1.2303,17.8596,368,448,689,3611,373.6,321,29103,108.4,0.290212,0.032609,1.2174,1.8723,9.8125,55.0,55.5,49,61,2704886.8,150026550.2,true,495000,500000,5000,495000
bincode,order,50,8,189,262,477,3379,194.1,157,27967,78.2,0.402807,1.3862,2.5238,17.8783,178,205,218,3173,178.9,151,16495,63.9,0.357323,1.1517,1.2247,17.8258,368,446,691,3851,372.9,319,28207,101.6,0.272350,0.029891,1.2120,1.8777,10.4647,55.0,55.5,49,61,2710378.2,150329363.0,true,495000,500000,5000,495000
bincode,order,51,9,192,276,569,5319,201.1,157,35039,145.4,0.722973,1.4375,2.9635,27.7031,177,204,221,3063,177.6,150,5271,39.6,0.222992,1.1525,1.2486,17.3051,370,461,788,5567,378.7,319,35295,152.2,0.401885,0.035135,1.2459,2.1297,15.0459,55.0,55.5,49,61,2712791.8,150442198.8,true,495000,500000,5000,495000
bincode,order,52,10,190,279,536,8035,199.9,158,36959,164.4,0.822252,1.4684,2.8211,42.2895,178,206,221,3159,179.3,151,14991,57.8,0.322512,1.1573,1.2416,17.7472,370,463,781,9015,379.2,319,37215,175.7,0.463361,0.037838,1.2514,2.1108,24.3649,55.0,55.5,49,61,2708062.7,150193887.2,true,495000,500000,5000,495000
bincode,order,53,11,192,283,584,8583,205.8,157,325119,1099.7,5.343977,1.4740,3.0417,44.7031,178,205,227,3299,180.6,150,338431,789.8,4.374183,1.1517,1.2753,18.5337,371,467,864,9807,386.3,319,338687,1355.3,3.508121,0.037736,1.2588,2.3288,26.4340,55.0,55.5,49,61,2708867.2,150238377.6,true,495000,500000,5000,495000
bincode,order,54,12,190,271,525,8263,198.9,157,38015,160.8,0.808190,1.4263,2.7632,43.4895,178,206,220,3375,179.2,151,15143,63.4,0.353537,1.1573,1.2360,18.9607,370,457,736,9535,378.1,319,38271,174.1,0.460324,0.035135,1.2351,1.9892,25.7703,55.0,55.5,49,61,2718671.7,150804693.6,true,495000,500000,5000,495000
bincode,order,55,13,191,269,526,4939,198.9,160,77951,154.4,0.776682,1.4084,2.7539,25.8586,180,211,227,3065,181.6,152,6699,48.0,0.264473,1.1722,1.2611,17.0278,373,459,753,5451,380.5,322,78143,163.0,0.428403,0.034853,1.2306,2.0188,14.6139,55.0,55.5,49,61,2700013.8,149754332.3,true,495000,500000,5000,495000
bincode,order,56,14,188,266,543,4947,195.9,155,36447,116.1,0.592764,1.4149,2.8883,26.3138,178,206,222,3043,178.8,152,6995,44.7,0.250271,1.1573,1.2472,17.0955,368,452,777,5443,374.7,317,36703,126.4,0.337249,0.032609,1.2283,2.1114,14.7908,55.0,55.5,49,61,2714034.6,150523205.8,true,495000,500000,5000,495000
bincode,order,57,15,189,262,495,3189,194.7,158,28831,99.3,0.510037,1.3862,2.6190,16.8730,178,205,219,3045,178.5,151,7991,46.4,0.259642,1.1517,1.2303,17.1067,368,448,711,3797,373.3,317,29119,111.4,0.298313,0.032609,1.2174,1.9321,10.3179,55.0,55.5,49,61,2575875.0,142858302.6,true,495000,500000,5000,495000
bincode,order,58,16,189,269,590,4863,196.7,156,21135,111.8,0.568437,1.4233,3.1217,25.7302,179,209,229,3351,180.8,151,21007,65.9,0.364832,1.1676,1.2793,18.7207,370,458,970,6247,377.4,317,21391,131.4,0.348237,0.035135,1.2378,2.6216,16.8838,55.0,55.5,49,61,2717347.0,150704088.2,true,495000,500000,5000,495000
bincode,order,59,17,188,263,497,3249,195.0,156,41183,156.6,0.802977,1.3989,2.6436,17.2819,179,209,222,3093,180.4,151,7279,47.6,0.263933,1.1676,1.2402,17.2793,369,451,729,3703,375.4,319,41407,164.8,0.439099,0.032520,1.2222,1.9756,10.0352,55.0,55.5,49,61,2710658.1,150330538.2,true,495000,500000,5000,495000
bincode,order,60,18,188,257,467,3105,191.8,167,15943,58.1,0.302664,1.3670,2.4840,16.5160,178,205,219,3051,178.5,151,7039,46.1,0.258196,1.1517,1.2303,17.1404,366,441,686,3393,370.3,324,16511,75.7,0.204364,0.030055,1.2049,1.8743,9.2705,55.0,55.5,49,61,2722296.8,150977999.4,true,495000,500000,5000,495000
bincode,order,61,19,190,268,504,4459,197.2,158,21855,127.2,0.644889,1.4105,2.6526,23.4684,178,206,220,3059,178.7,152,6695,47.1,0.263569,1.1573,1.2360,17.1854,369,454,726,5363,375.9,323,22207,137.2,0.364979,0.035230,1.2304,1.9675,14.5339,55.0,55.5,49,61,2720670.3,150908039.6,true,495000,500000,5000,495000
bincode,order,62,20,189,263,500,3513,194.6,159,12999,77.2,0.396840,1.3915,2.6455,18.5873,178,208,231,3147,179.0,151,6999,49.6,0.277341,1.1685,1.2978,17.6798,368,450,770,5143,373.7,320,13231,93.9,0.251308,0.032609,1.2228,2.0924,13.9755,55.0,55.5,49,61,2714285.3,150540611.6,true,495000,500000,5000,495000
bincode,order,63,21,190,276,507,3547,199.6,160,31759,195.1,0.977302,1.4526,2.6684,18.6684,178,206,219,3165,179.0,149,16071,57.2,0.319487,1.1573,1.2303,17.7809,370,461,723,4659,378.6,319,31983,204.3,0.539743,0.037838,1.2459,1.9541,12.5919,55.0,55.5,49,61,2589605.9,143636828.0,true,495000,500000,5000,495000
bincode,order,64,22,188,261,459,3145,193.7,156,45887,120.9,0.624207,1.3883,2.4415,16.7287,178,208,222,3071,179.1,151,7811,47.9,0.267688,1.1685,1.2472,17.2528,368,447,685,3471,372.8,322,46175,131.3,0.352123,0.032609,1.2147,1.8614,9.4321,55.0,55.5,49,61,2575743.2,142852531.8,true,495000,500000,5000,495000
bincode,order,65,23,190,268,518,4683,197.4,159,15879,111.3,0.563837,1.4105,2.7263,24.6474,178,205,219,3113,178.7,152,9599,48.2,0.269539,1.1517,1.2303,17.4888,369,454,734,5691,376.1,319,16175,123.0,0.327054,0.032520,1.2304,1.9892,15.4228,55.0,55.5,49,61,2703499.9,149944369.1,true,495000,500000,5000,495000
bincode,order,66,24,189,269,507,3461,197.5,156,29599,154.6,0.782816,1.4233,2.6825,18.3122,178,206,221,3143,179.2,150,17151,55.7,0.310704,1.1573,1.2416,17.6573,369,455,731,5319,376.6,318,29871,165.9,0.440594,0.035230,1.2331,1.9810,14.4146,55.0,55.5,49,61,2602268.4,144335273.4,true,495000,500000,5000,495000
bincode,order,67,25,190,279,553,8511,199.9,156,37727,159.9,0.799654,1.4684,2.9105,44.7947,178,206,222,3383,179.1,151,12399,61.6,0.344123,1.1573,1.2472,19.0056,370,463,806,9127,379.0,315,38015,172.8,0.455796,0.037838,1.2514,2.1784,24.6676,55.0,55.5,49,61,2718149.5,150744195.3,true,495000,500000,5000,495000
bincode,order,68,26,188,262,511,3579,194.2,159,18335,107.0,0.550845,1.3936,2.7181,19.0372,179,209,227,3327,180.6,151,10799,55.5,0.307338,1.1676,1.2682,18.5866,369,450,732,5299,374.8,318,18623,122.5,0.326954,0.035230,1.2195,1.9837,14.3604,55.0,55.5,49,61,2718868.4,150785363.0,true,495000,500000,5000,495000
bincode,order,69,27,188,262,491,3197,194.3,157,41567,137.8,0.708956,1.3936,2.6117,17.0053,178,205,219,3123,178.8,151,17727,59.7,0.333706,1.1517,1.2303,17.5449,367,448,718,4727,373.1,321,41791,151.2,0.405250,0.032698,1.2207,1.9564,12.8801,55.0,55.5,49,61,2586604.4,143479076.0,true,495000,500000,5000,495000
bincode,order,70,28,189,267,489,3777,195.1,156,12879,88.4,0.452989,1.4127,2.5873,19.9841,178,206,219,3177,178.9,151,12415,61.9,0.346003,1.1573,1.2303,17.8483,368,453,703,5599,374.0,323,13199,108.9,0.291231,0.032609,1.2310,1.9103,15.2147,55.0,55.5,49,61,2602011.0,144314270.5,true,495000,500000,5000,495000
bincode,order,71,29,188,262,473,3113,194.4,160,35999,105.4,0.542526,1.3936,2.5160,16.5585,178,208,221,3049,179.1,151,6791,41.9,0.234190,1.1685,1.2416,17.1292,368,449,691,3365,373.5,322,36351,114.3,0.305970,0.032609,1.2201,1.8777,9.1440,55.0,55.5,49,61,2574027.8,142747175.8,true,495000,500000,5000,495000
bincode,tick,42,0,167,235,323,3037,171.5,147,35295,63.5,0.370109,1.4072,1.9341,18.1856,64,90,94,260,68.0,59,8159,29.0,0.425946,1.4062,1.4688,4.0625,231,301,415,3141,239.4,212,35423,70.7,0.295117,0.021645,1.3030,1.7965,13.5974,44.0,43.3,40,44,3886805.2,168443792.1,true,995000,1000000,5000,995000
bincode,tick,43,1,167,234,305,3075,170.9,142,7827,47.0,0.274980,1.4012,1.8263,18.4132,65,90,93,261,68.4,58,6227,31.1,0.455296,1.3846,1.4308,4.0154,232,300,386,3181,239.2,206,8151,57.2,0.239278,0.021552,1.2931,1.6638,13.7112,44.0,43.3,40,44,4523510.0,196037011.5,true,995000,1000000,5000,995000
bincode,tick,44,2,208,297,6719,8359,218.2,148,15311,248.4,1.138449,1.4279,32.3029,40.1875,65,89,96,269,68.4,59,12239,32.4,0.473837,1.3692,1.4769,4.1385,273,368,6803,8439,286.5,211,15399,251.3,0.876823,0.032967,1.3480,24.9194,30.9121,44.0,43.3,40,44,3873646.3,167878778.0,true,995000,1000000,5000,995000
bincode,tick,45,3,207,287,779,16095,212.5,144,35551,397.4,1.870153,1.3865,3.7633,77.7536,64,84,95,257,68.1,58,15255,32.2,0.473283,1.3125,1.4844,4.0156,272,356,862,16175,280.6,205,35679,399.3,1.423213,0.036765,1.3088,3.1691,59.4669,44.0,43.3,40,44,3883108.4,168285386.3,true,995000,1000000,5000,995000
bincode,tick,46,4,208,292,783,16607,219.2,148,25551,350.3,1.598072,1.4038,3.7644,79.8413,65,84,95,277,68.1,58,6383,27.9,0.409185,1.2923,1.4615,4.2615,273,361,861,16703,287.4,212,25663,352.0,1.225065,0.029304,1.3223,3.1538,61.1832,44.0,43.3,40,44,3882253.1,168250241.0,true,995000,1000000,5000,995000
bincode,tick,47,5,208,294,814,21119,219.6,148,28607,401.7,1.829252,1.4135,3.9135,101.5337,64,83,95,257,68.1,58,12887,34.9,0.512975,1.2969,1.4844,4.0156,273,362,893,21215,287.7,211,28751,403.9,1.403818,0.029304,1.3260,3.2711,77.7106,44.0,43.3,40,44,3880511.7,168171527.2,true,995000,1000000,5000,995000
bincode,tick,48,6,209,291,796,16719,219.6,148,25119,350.7,1.597237,1.3923,3.8086,79.9952,64,83,95,260,68.1,58,7451,28.3,0.415812,1.2969,1.4844,4.0625,273,360,876,16799,287.6,210,25199,352.5,1.225572,0.029304,1.3187,3.2088,61.5348,44.0,43.3,40,44,3886476.5,168429610.8,true,995000,1000000,5000,995000
bincode,tick,49,7,209,289,632,19327,217.3,146,36575,408.6,1.880310,1.3828,3.0239,92.4737,65,84,95,312,68.2,58,14095,36.9,0.541497,1.2923,1.4615,4.8000,273,357,865,19423,285.5,208,36703,410.9,1.439246,0.029304,1.3077,3.1685,71.1465,44.0,43.3,40,44,3836359.1,166259566.0,true,995000,1000000,5000,995000
bincode,tick,50,8,208,297,818,13247,218.8,149,17231,303.3,1.386072,1.4279,3.9327,63.6875,64,83,95,287,68.1,58,6643,30.4,0.446068,1.2969,1.4844,4.4844,273,367,1104,13335,286.9,212,17343,305.5,1.064764,0.032967,1.3443,4.0440,48.8462,44.0,43.3,40,44,3880495.9,168170466.7,true,995000,1000000,5000,995000
bincode,tick,51,9,204,279,404,34783,201.8,142,43135,496.6,2.461529,1.3676,1.9804,170.5049,64,84,95,267,68.2,58,11799,38.4,0.563541,1.3125,1.4844,4.1719,268,349,499,34879,269.9,205,43263,498.6,1.847153,0.082090,1.3022,1.8619,130.1455,44.0,43.3,40,44,3885069.2,168366523.1,true,995000,1000000,5000,995000
bincode,tick,52,10,203,279,498,25519,199.4,143,28895,403.8,2.025350,1.3744,2.4532,125.7094,64,85,96,288,68.9,58,12055,44.4,0.643636,1.3281,1.5000,4.5000,267,349,635,25615,268.3,206,29039,406.8,1.516261,0.086142,1.3071,2.3783,95.9363,44.0,43.3,40,44,3864186.0,167462667.0,true,995000,1000000,5000,995000
bincode,tick,53,11,208,293,808,12791,218.8,147,30175,308.6,1.410593,1.4087,3.8846,61.4952,64,84,95,280,68.0,58,6891,28.8,0.423497,1.3125,1.4844,4.3750,273,363,959,12879,286.8,209,30239,310.6,1.082978,0.029304,1.3297,3.5128,47.1758,44.0,43.3,40,44,3881762.2,168222792.3,true,995000,1000000,5000,995000
bincode,tick,54,12,167,234,309,2957,170.9,142,13207,50.2,0.293710,1.4012,1.8503,17.7066,65,90,93,298,68.4,59,15007,33.1,0.484494,1.3846,1.4308,4.5846,232,300,397,3057,239.3,205,15247,61.0,0.255125,0.021552,1.2931,1.7112,13.1767,44.0,43.3,40,44,4526756.0,196176039.5,true,995000,1000000,5000,995000
bincode,tick,55,13,209,293,791,16183,219.8,150,26047,345.6,1.572383,1.4019,3.7847,77.4306,65,83,95,262,68.1,58,10847,29.7,0.435453,1.2769,1.4615,4.0308,273,362,870,16263,287.9,212,26127,347.5,1.207184,0.029304,1.3260,3.1868,59.5714,44.0,43.3,40,44,3877447.5,168032645.3,true,995000,1000000,5000,995000
bincode,tick,56,14,208,294,814,18543,219.4,149,27807,373.1,1.700339,1.4135,3.9135,89.1490,64,83,95,254,68.0,58,8887,35.0,0.514345,1.2969,1.4844,3.9688,273,363,891,18639,287.4,212,27903,375.4,1.305924,0.029304,1.3297,3.2637,68.2747,44.0,43.3,40,44,3885049.7,168371152.5,true,995000,1000000,5000,995000
bincode,tick,57,15,208,296,3187,10799,218.6,146,29919,287.6,1.315445,1.4231,15.3221,51.9183,65,83,95,253,68.1,58,18127,39.1,0.574790,1.2769,1.4615,3.8923,273,367,3327,10895,286.7,208,30015,290.9,1.014596,0.032967,1.3443,12.1868,39.9084,44.0,43.3,40,44,3877285.7,168032871.5,true,995000,1000000,5000,995000
bincode,tick,58,16,209,293,793,16799,219.9,148,26319,352.5,1.603160,1.4019,3.7943,80.3780,64,82,95,258,67.9,58,6467,27.9,0.410805,1.2812,1.4844,4.0312,273,363,871,16879,287.8,210,26399,354.3,1.230981,0.029304,1.3297,3.1905,61.8278,44.0,43.3,40,44,3876143.8,167981093.0,true,995000,1000000,5000,995000
bincode,tick,59,17,204,277,423,31903,200.7,144,41311,472.2,2.352206,1.3578,2.0735,156.3873,64,84,95,255,68.1,58,17135,32.5,0.477843,1.3125,1.4844,3.9844,268,346,511,31983,268.8,206,41407,473.8,1.762662,0.085821,1.2910,1.9067,119.3396,44.0,43.3,40,44,3882980.1,168285596.2,true,995000,1000000,5000,995000
bincode,tick,60,18,204,277,419,32271,200.4,143,39391,476.0,2.375073,1.3578,2.0539,158.1912,64,85,95,270,68.2,58,11567,35.8,0.525475,1.3281,1.4844,4.2188,268,347,520,32383,268.6,206,39487,477.8,1.779194,0.085821,1.2948,1.9403,120.8321,44.0,43.3,40,44,3882179.5,168245084.1,true,995000,1000000,5000,995000
bincode,tick,61,19,207,286,542,32799,212.1,143,37055,439.8,2.073315,1.3816,2.6184,158.4493,64,84,95,260,68.1,58,8391,28.5,0.419256,1.3125,1.4844,4.0625,271,356,673,32895,280.2,206,37151,441.3,1.574911,0.036900,1.3137,2.4834,121.3838,44.0,43.3,40,44,3887062.1,168452599.2,true,995000,1000000,5000,995000
bincode,tick,62,20,167,236,312,3033,171.4,149,36767,60.7,0.354339,1.4132,1.8683,18.1617,64,90,93,275,68.0,58,7207,30.3,0.445187,1.4062,1.4531,4.2969,231,302,409,3145,239.4,211,36959,68.7,0.286998,0.021645,1.3074,1.7706,13.6147,44.0,43.3,40,44,3880788.6,168182401.3,true,995000,1000000,5000,995000
bincode,tick,63,21,205,279,445,32079,202.1,143,36703,463.3,2.292632,1.3610,2.1707,156.4829,64,84,94,264,68.1,58,15007,35.6,0.522375,1.3125,1.4688,4.1250,269,348,551,32175,270.2,206,36831,465.2,1.721318,0.078067,1.2937,2.0483,119.6097,44.0,43.3,40,44,3875591.0,167953686.2,true,995000,1000000,5000,995000
bincode,tick,64,22,209,293,801,16831,219.7,149,28415,353.0,1.606656,1.4019,3.8325,80.5311,64,83,95,266,68.0,58,5967,27.8,0.408653,1.2969,1.4844,4.1562,273,361,879,16927,287.7,212,28511,354.7,1.232810,0.029304,1.3223,3.2198,62.0037,44.0,43.3,40,44,3881057.1,168200544.9,true,995000,1000000,5000,995000
bincode,tick,65,23,168,235,312,3047,171.8,148,36671,59.7,0.347245,1.3988,1.8571,18.1369,64,90,94,258,68.0,58,7275,26.3,0.387114,1.4062,1.4688,4.0312,232,301,397,3135,239.8,211,36831,66.1,0.275702,0.021552,1.2974,1.7112,13.5129,44.0,43.3,40,44,3885982.0,168410493.0,true,995000,1000000,5000,995000
bincode,tick,66,24,204,277,415,32143,200.5,143,37983,472.2,2.354725,1.3578,2.0343,157.5637,64,85,94,254,68.1,58,12583,30.4,0.446770,1.3281,1.4688,3.9688,268,345,508,32239,268.6,205,38143,473.7,1.763625,0.085821,1.2873,1.8955,120.2948,44.0,43.3,40,44,3883357.3,168295793.0,true,995000,1000000,5000,995000
bincode,tick,67,25,203,283,424,31759,199.9,143,35231,469.1,2.346896,1.3941,2.0887,156.4483,64,87,95,257,68.1,58,9927,29.2,0.428619,1.3594,1.4844,4.0156,267,352,511,31855,268.0,205,35327,470.6,1.755898,0.086142,1.3184,1.9139,119.3071,44.0,43.3,40,44,3880804.5,168183121.9,true,995000,1000000,5000,995000
bincode,tick,68,26,167,234,308,3077,170.9,143,15015,50.2,0.293571,1.4012,1.8443,18.4251,65,90,94,259,68.4,59,8671,30.6,0.447833,1.3846,1.4462,3.9846,232,300,384,3199,239.2,205,15103,59.6,0.249251,0.021552,1.2931,1.6552,13.7888,44.0,43.3,40,44,4526824.0,196183751.8,true,995000,1000000,5000,995000
bincode,tick,69,27,209,293,814,16703,220.7,147,25919,351.3,1.591350,1.4019,3.8947,79.9187,64,82,95,261,67.9,58,5627,27.1,0.399062,1.2812,1.4844,4.0781,274,362,890,16783,288.7,210,26015,353.0,1.222877,0.032847,1.3212,3.2482,61.2518,44.0,43.3,40,44,3874044.3,167892008.7,true,995000,1000000,5000,995000
bincode,tick,70,28,167,234,305,3051,171.0,142,7863,47.3,0.276627,1.4012,1.8263,18.2695,67,89,99,262,72.0,60,6095,29.7,0.412501,1.3284,1.4776,3.9104,235,302,385,3159,243.0,206,8155,56.8,0.233738,0.021277,1.2851,1.6383,13.4426,44.0,43.3,40,44,4522209.2,195988546.8,true,995000,1000000,5000,995000
bincode,tick,71,29,208,292,614,23807,220.0,148,34079,426.0,1.936487,1.4038,2.9519,114.4567,64,84,95,271,68.1,58,10839,32.2,0.472478,1.3125,1.4844,4.2344,273,360,862,23903,288.1,212,34239,427.9,1.485236,0.029304,1.3187,3.1575,87.5568,44.0,43.3,40,44,3884663.5,168351842.8,true,995000,1000000,5000,995000
flatbuffers,book_large,42,0,750,1093,1195,4491,760.1,625,8247,119.2,0.156816,1.4573,1.5933,5.9880,343,381,435,3421,344.7,301,12831,84.8,0.245989,1.1108,1.2682,9.9738,1094,1445,3991,5943,1104.8,941,13591,150.7,0.136359,0.035649,1.3208,3.6481,5.4324,2800.0,2799.4,2320,3280,933691.5,2613754022.6,true,95000,100000,5000,95000
flatbuffers,book_large,43,1,806,1134,1373,4675,816.8,663,7399,126.2,0.154532,1.4069,1.7035,5.8002,342,380,452,3355,343.5,298,4871,49.9,0.145228,1.1111,1.3216,9.8099,1149,1488,4147,5611,1160.3,985,7819,140.6,0.121183,0.033943,1.2950,3.6092,4.8834,2800.0,2800.2,2320,3280,939021.5,2629464333.3,true,95000,100000,5000,95000
flatbuffers,book_large,44,2,766,1104,1402,5487,777.1,643,8887,125.0,0.160801,1.4413,1.8303,7.1632,343,378,433,4935,345.0,303,6627,76.5,0.221709,1.1020,1.2624,14.3878,1110,1456,4047,6687,1122.1,951,9319,151.9,0.135411,0.034234,1.3117,3.6459,6.0243,2800.0,2801.5,2320,3280,931131.3,2608544523.4,true,95000,100000,5000,95000
flatbuffers,book_large,45,3,767,1101,1535,6167,777.6,640,7955,131.2,0.168781,1.4355,2.0013,8.0404,343,380,432,4511,345.0,303,5483,71.7,0.207972,1.1079,1.2595,13.1516,1111,1456,4065,6787,1122.6,954,8783,156.2,0.139100,0.036004,1.3105,3.6589,6.1089,2800.0,2800.2,2320,3280,932336.6,2610746256.7,true,95000,100000,5000,95000
flatbuffers,book_large,46,4,811,1137,1341,4395,819.6,626,14767,133.2,0.162580,1.4020,1.6535,5.4192,343,380,417,3375,344.6,298,6551,60.7,0.176077,1.1079,1.2157,9.8397,1155,1491,4127,5667,1164.2,941,15191,151.8,0.130382,0.040693,1.2909,3.5732,4.9065,2800.0,2799.6,2320,3280,860658.3,2409513677.2,true,95000,100000,5000,95000
flatbuffers,book_large,47,5,816,1136,1305,4379,824.4,654,6831,122.1,0.148054,1.3922,1.5993,5.3664,344,378,418,3333,344.4,302,3413,54.9,0.159492,1.0988,1.2151,9.6890,1160,1488,4131,4811,1168.7,970,7275,138.5,0.118499,0.034483,1.2828,3.5612,4.1474,2800.0,2799.4,2320,3280,939950.5,2631261971.1,true,95000,100000,5000,95000
flatbuffers,book_large,48,6,750,1095,1222,4315,760.6,621,6831,121.8,0.160148,1.4600,1.6293,5.7533,343,381,470,3455,344.1,300,6583,57.9,0.168354,1.1108,1.3703,10.0729,1094,1445,4089,5007,1104.6,934,7367,141.0,0.127615,0.036563,1.3208,3.7377,4.5768,2800.0,2799.4,2320,3280,936980.3,2622947177.2,true,95000,100000,5000,95000
flatbuffers,book_large,49,7,780,1116,1264,4511,791.5,634,9135,126.6,0.159916,1.4308,1.6205,5.7833,343,380,423,3399,344.7,305,13263,72.8,0.211220,1.1079,1.2332,9.9096,1122,1470,4123,6007,1136.2,948,14063,151.4,0.133257,0.040998,1.3102,3.6747,5.3538,2800.0,2801.5,2320,3280,950461.2,2662740334.9,true,95000,100000,5000,95000
flatbuffers,book_large,50,8,789,1118,1260,4367,798.8,645,5903,118.6,0.148528,1.4170,1.5970,5.5349,344,381,428,3477,344.8,304,9983,72.5,0.210379,1.1076,1.2442,10.1076,1134,1470,4123,5891,1143.6,962,10719,143.2,0.125255,0.033510,1.2963,3.6358,5.1949,2800.0,2799.1,2320,3280,953382.1,2668636748.7,true,95000,100000,5000,95000
flatbuffers,book_large,51,9,825,1145,1350,4363,834.0,686,6263,121.8,0.146019,1.3879,1.6364,5.2885,343,380,417,3337,344.2,303,6847,58.5,0.169839,1.1079,1.2157,9.7289,1171,1497,4115,5747,1178.3,1007,7715,139.8,0.118614,0.035867,1.2784,3.5141,4.9078,2800.0,2799.3,2320,3280,859096.6,2404849674.3,true,95000,100000,5000,95000
flatbuffers,book_large,52,10,818,1136,1361,4651,826.2,651,7179,129.9,0.157199,1.3888,1.6638,5.6858,344,382,513,3611,344.9,296,6483,61.3,0.177826,1.1105,1.4913,10.4971,1163,1487,4395,5959,1171.0,965,7723,151.1,0.129021,0.038693,1.2786,3.7790,5.1238,2800.0,2801.1,2320,3280,939209.2,2630800473.5,true,95000,100000,5000,95000
flatbuffers,book_large,53,11,787,1112,1256,4263,795.2,626,13231,123.4,0.155207,1.4130,1.5959,5.4168,343,383,417,3621,345.1,297,6879,70.6,0.204490,1.1166,1.2157,10.5569,1130,1467,4103,5703,1140.3,942,13847,147.8,0.129576,0.043363,1.2982,3.6310,5.0469,2800.0,2800.5,2320,3280,962895.0,2696574118.8,true,95000,100000,5000,95000
flatbuffers,book_large,54,12,780,1116,1453,6695,794.3,645,19471,169.0,0.212831,1.4308,1.8628,8.5833,344,382,425,3599,344.9,302,17759,82.6,0.239356,1.1105,1.2355,10.4622,1126,1469,4139,7399,1139.2,957,19935,192.9,0.169362,0.039076,1.3046,3.6758,6.5710,2800.0,2800.7,2320,3280,944666.7,2645709120.6,true,95000,100000,5000,95000
flatbuffers,book_large,55,13,783,1121,1639,6139,793.9,627,9183,136.4,0.171767,1.4317,2.0932,7.8404,343,380,422,3535,344.6,304,6047,66.3,0.192306,1.1079,1.2303,10.3061,1127,1474,4131,7019,1138.5,946,9607,158.2,0.138919,0.037267,1.3079,3.6655,6.2280,2800.0,2800.1,2320,3280,844392.3,2364390969.2,true,95000,100000,5000,95000
flatbuffers,book_large,56,14,753,1096,1394,6191,763.7,628,13151,138.2,0.180965,1.4555,1.8513,8.2218,343,380,432,3459,344.6,303,15719,82.1,0.238122,1.1079,1.2595,10.0845,1097,1446,4051,7111,1108.3,942,16447,166.6,0.150308,0.036463,1.3181,3.6928,6.4822,2800.0,2800.8,2320,3280,895533.6,2508207169.5,true,95000,100000,5000,95000
flatbuffers,book_large,57,15,839,1149,2087,5903,851.8,684,7743,134.4,0.157838,1.3695,2.4875,7.0358,344,385,423,3467,345.4,302,7287,67.5,0.195323,1.1192,1.2297,10.0785,1182,1503,4235,6991,1197.2,1016,8639,155.6,0.129985,0.031303,1.2716,3.5829,5.9146,2800.0,2800.7,2320,3280,961111.0,2691769672.5,true,95000,100000,5000,95000
flatbuffers,book_large,58,16,804,1131,1756,6691,816.3,661,15375,152.2,0.186395,1.4067,2.1841,8.3221,344,382,431,3489,344.9,293,7863,66.0,0.191193,1.1105,1.2529,10.1424,1147,1481,4231,7323,1161.2,986,15799,172.3,0.148401,0.036617,1.2912,3.6888,6.3845,2800.0,2800.7,2320,3280,958289.0,2683851256.6,true,95000,100000,5000,95000
flatbuffers,book_large,59,17,755,1101,1311,6111,767.4,632,18863,179.3,0.233699,1.4583,1.7364,8.0940,343,378,459,3711,344.5,303,18047,101.5,0.294754,1.1020,1.3382,10.8192,1100,1453,4395,7419,1111.9,944,19343,210.9,0.189639,0.036364,1.3209,3.9955,6.7445,2800.0,2799.8,2320,3280,924877.2,2589439043.3,true,95000,100000,5000,95000
flatbuffers,book_large,60,18,822,1151,1369,5423,834.3,677,20079,155.6,0.186455,1.4002,1.6655,6.5973,344,384,425,3711,345.6,299,14511,89.9,0.260209,1.1163,1.2355,10.7878,1166,1503,4287,7031,1179.9,990,20511,183.0,0.155106,0.032590,1.2890,3.6767,6.0300,2800.0,2802.1,2320,3280,945284.6,2648773390.2,true,95000,100000,5000,95000
flatbuffers,book_large,61,19,789,1118,1280,4527,798.2,626,7067,123.9,0.155205,1.4170,1.6223,5.7376,343,379,445,3581,344.4,303,6935,67.9,0.196993,1.1050,1.2974,10.4402,1134,1472,4251,5087,1142.7,940,7759,147.0,0.128671,0.039683,1.2981,3.7487,4.4859,2800.0,2799.8,2320,3280,964724.9,2701040552.3,true,95000,100000,5000,95000
flatbuffers,book_large,62,20,777,1117,1311,5627,789.2,643,20799,163.7,0.207387,1.4376,1.6873,7.2420,343,380,422,3605,345.1,303,20959,121.3,0.351651,1.1079,1.2303,10.5102,1121,1469,4231,7903,1134.3,953,21743,207.2,0.182703,0.035682,1.3104,3.7743,7.0500,2800.0,2799.0,2320,3280,961507.1,2691261815.5,true,95000,100000,5000,95000
flatbuffers,book_large,63,21,813,1139,1305,4323,823.4,669,7895,120.6,0.146498,1.4010,1.6052,5.3173,343,379,417,3427,344.6,302,15151,78.4,0.227621,1.1050,1.2157,9.9913,1158,1490,4123,4879,1168.1,983,15959,148.8,0.127393,0.037997,1.2867,3.5604,4.2133,2800.0,2799.8,2320,3280,884266.7,2475806239.0,true,95000,100000,5000,95000
flatbuffers,book_large,64,22,750,1093,1228,5095,760.1,611,16287,147.1,0.193571,1.4573,1.6373,6.7933,343,376,456,3563,344.0,302,8279,67.2,0.195294,1.0962,1.3294,10.3878,1093,1443,4167,6119,1104.2,930,16767,167.0,0.151290,0.037511,1.3202,3.8124,5.5984,2800.0,2799.5,2320,3280,938134.2,2626313885.4,true,95000,100000,5000,95000
flatbuffers,book_large,65,23,769,1110,1322,5979,781.9,638,27519,176.5,0.225733,1.4434,1.7191,7.7750,344,381,418,3513,344.8,304,27375,102.9,0.298449,1.1076,1.2151,10.2122,1114,1463,4159,6435,1126.6,950,28287,208.0,0.184617,0.035907,1.3133,3.7334,5.7765,2800.0,2800.4,2320,3280,933922.5,2615312121.8,true,95000,100000,5000,95000
flatbuffers,book_large,66,24,770,1111,1298,4599,780.0,609,10575,130.7,0.167525,1.4429,1.6857,5.9727,343,380,419,3869,345.7,301,27983,183.4,0.530483,1.1079,1.2216,11.2799,1113,1464,4131,7075,1125.7,919,28767,228.0,0.202521,0.040431,1.3154,3.7116,6.3567,2800.0,2800.2,2320,3280,845306.8,2367063069.0,true,95000,100000,5000,95000
flatbuffers,book_large,67,25,804,1124,1625,5087,813.3,648,14975,136.6,0.168001,1.3980,2.0211,6.3271,344,380,416,3293,344.2,304,3467,44.1,0.128167,1.1047,1.2093,9.5727,1148,1475,4139,5503,1157.4,963,15415,148.8,0.128529,0.040070,1.2848,3.6054,4.7936,2800.0,2798.7,2320,3280,937129.8,2622702246.6,true,95000,100000,5000,95000
flatbuffers,book_large,68,26,769,1106,1247,5539,780.6,631,17631,155.7,0.199478,1.4382,1.6216,7.2029,343,377,425,3673,344.5,303,5631,62.6,0.181803,1.0991,1.2391,10.7085,1114,1458,4135,6007,1125.1,945,18063,171.9,0.152819,0.035907,1.3088,3.7118,5.3923,2800.0,2800.6,2320,3280,931369.6,2608409987.3,true,95000,100000,5000,95000
flatbuffers,book_large,69,27,759,1094,1214,4287,768.7,637,14231,124.8,0.162330,1.4414,1.5995,5.6482,343,378,416,3403,344.3,303,6315,62.4,0.181270,1.1020,1.2128,9.9213,1103,1446,4063,4759,1112.9,948,14671,143.9,0.129307,0.036265,1.3110,3.6836,4.3146,2800.0,2798.6,2320,3280,894957.3,2504665228.6,true,95000,100000,5000,95000
flatbuffers,book_large,70,28,805,1133,1270,4275,813.8,648,6467,119.6,0.146952,1.4075,1.5776,5.3106,343,377,424,3501,344.8,302,7631,73.0,0.211845,1.0991,1.2362,10.2070,1148,1486,4123,5755,1158.6,960,8439,145.4,0.125461,0.041812,1.2944,3.5915,5.0131,2800.0,2800.1,2320,3280,936994.8,2623661459.8,true,95000,100000,5000,95000
flatbuffers,book_large,71,29,749,1110,1449,5203,771.1,624,14423,148.3,0.192295,1.4820,1.9346,6.9466,345,474,491,3715,350.2,304,6667,75.5,0.215536,1.3739,1.4232,10.7681,1094,1552,4139,6287,1121.3,936,14871,179.5,0.160104,0.039305,1.4186,3.7834,5.7468,2800.0,2800.7,2320,3280,944131.0,2644237453.8,true,95000,100000,5000,95000
flatbuffers,book_medium,42,0,476,658,921,5643,498.0,435,8639,101.3,0.203374,1.3824,1.9349,11.8550,199,206,243,3107,200.3,181,6119,54.7,0.272959,1.0352,1.2211,15.6131,676,875,1212,6251,698.3,629,9199,117.9,0.168862,0.011834,1.2944,1.7929,9.2470,720.0,720.0,720,720,1556583.6,1120740210.2,true,95000,100000,5000,95000
flatbuffers,book_medium,43,1,475,648,920,5503,492.9,438,9831,100.9,0.204645,1.3642,1.9368,11.5853,199,206,242,3209,199.7,183,7363,57.6,0.288518,1.0352,1.2161,16.1256,675,857,1229,6271,692.6,628,10095,118.9,0.171753,0.017778,1.2696,1.8207,9.2904,720.0,720.0,720,720,1499003.7,1079282669.0,true,95000,100000,5000,95000
flatbuffers,book_medium,44,2,478,702,952,5435,501.3,436,12447,103.3,0.206036,1.4686,1.9916,11.3703,199,210,245,4583,200.4,182,12519,78.9,0.393735,1.0553,1.2312,23.0302,678,917,1462,6379,701.7,632,12991,132.4,0.188641,0.011799,1.3525,2.1563,9.4086,720.0,720.0,720,720,1553624.9,1118609922.4,true,95000,100000,5000,95000
flatbuffers,book_medium,45,3,477,694,938,5531,499.7,431,8631,102.3,0.204757,1.4549,1.9665,11.5954,199,205,244,3091,199.4,182,5131,44.5,0.223038,1.0302,1.2261,15.5327,676,909,1193,5927,699.2,629,8943,114.7,0.164101,0.011834,1.3447,1.7648,8.7678,720.0,720.0,720,720,1556030.3,1120341810.4,true,95000,100000,5000,95000
flatbuffers,book_medium,46,4,486,710,952,5539,507.5,444,7803,100.3,0.197714,1.4609,1.9588,11.3971,199,207,242,3137,200.2,183,8527,57.1,0.285113,1.0402,1.2161,15.7638,686,925,1247,6115,707.7,642,9007,118.3,0.167137,0.011662,1.3484,1.8178,8.9140,720.0,720.0,720,720,1534121.3,1104567321.3,true,95000,100000,5000,95000
flatbuffers,book_medium,47,5,478,696,976,5815,501.2,438,7343,109.2,0.217917,1.4561,2.0418,12.1653,200,206,244,3139,200.4,184,5171,47.7,0.238323,1.0300,1.2200,15.6950,679,912,1476,6199,701.5,637,7603,123.2,0.175575,0.011782,1.3432,2.1738,9.1296,720.0,720.0,720,720,1544507.0,1112045059.2,true,95000,100000,5000,95000
flatbuffers,book_medium,48,6,474,678,932,6115,491.8,435,19503,144.4,0.293633,1.4304,1.9662,12.9008,200,209,256,3441,201.1,185,6815,55.4,0.275297,1.0450,1.2800,17.2050,675,897,1225,6747,692.9,635,19775,157.1,0.226659,0.028148,1.3289,1.8148,9.9956,720.0,720.0,720,720,1555018.5,1119613297.4,true,95000,100000,5000,95000
flatbuffers,book_medium,49,7,482,738,962,7247,506.5,437,33887,209.5,0.413586,1.5311,1.9959,15.0353,201,212,285,3533,202.3,185,15399,86.7,0.428514,1.0547,1.4179,17.5771,684,951,1326,8631,708.8,633,34239,230.3,0.324864,0.014620,1.3904,1.9386,12.6184,720.0,720.0,720,720,1535019.2,1105213836.6,true,95000,100000,5000,95000
flatbuffers,book_medium,50,8,468,623,929,5463,480.9,434,8719,104.2,0.216764,1.3312,1.9850,11.6731,199,207,240,3139,199.8,186,6371,51.3,0.256828,1.0402,1.2060,15.7739,666,828,1367,6043,680.7,631,8991,119.1,0.175014,0.027027,1.2432,2.0526,9.0736,720.0,720.0,720,720,1555938.7,1120275863.0,true,95000,100000,5000,95000
flatbuffers,book_medium,51,9,480,699,954,5607,502.1,438,8311,107.9,0.214886,1.4563,1.9875,11.6813,199,206,242,3389,200.3,184,6931,58.6,0.292336,1.0352,1.2161,17.0302,680,914,1280,6483,702.5,634,8583,125.7,0.178902,0.010294,1.3441,1.8824,9.5338,720.0,720.0,720,720,1543766.8,1111512093.3,true,95000,100000,5000,95000
flatbuffers,book_medium,52,10,474,674,945,5643,496.6,435,7975,104.0,0.209414,1.4219,1.9937,11.9051,200,211,246,3205,201.0,186,6739,48.4,0.240890,1.0550,1.2300,16.0250,675,891,1326,6199,697.6,634,8583,117.8,0.168895,0.011852,1.3200,1.9644,9.1837,720.0,720.0,720,720,1556005.3,1120323827.3,true,95000,100000,5000,95000
flatbuffers,book_medium,53,11,476,673,941,5967,498.1,437,7575,105.6,0.211984,1.4139,1.9769,12.5357,199,206,244,3127,200.2,184,8167,51.9,0.259012,1.0352,1.2261,15.7136,676,893,1247,6491,698.3,634,8639,120.6,0.172735,0.013314,1.3210,1.8447,9.6021,720.0,720.0,720,720,1547854.1,1114454983.0,true,95000,100000,5000,95000
flatbuffers,book_medium,54,12,480,702,949,5623,502.5,433,10023,106.1,0.211097,1.4625,1.9771,11.7146,199,217,243,3121,200.4,187,11287,61.3,0.306058,1.0905,1.2211,15.6834,680,921,1410,6203,703.0,632,11799,125.6,0.178669,0.013235,1.3544,2.0735,9.1221,720.0,720.0,720,720,1552182.1,1117571148.0,true,95000,100000,5000,95000
flatbuffers,book_medium,55,13,475,650,940,5539,492.6,435,8543,98.0,0.199003,1.3684,1.9789,11.6611,199,206,246,3131,199.8,182,4999,54.1,0.270897,1.0352,1.2362,15.7337,674,862,1373,5939,692.3,627,8807,114.9,0.166016,0.014837,1.2789,2.0371,8.8116,720.0,720.0,720,720,1500056.2,1080040456.0,true,95000,100000,5000,95000
flatbuffers,book_medium,56,14,476,658,924,5327,490.0,436,12279,102.4,0.208951,1.3824,1.9412,11.1912,199,207,244,3069,199.6,181,6639,55.0,0.275588,1.0402,1.2261,15.4221,675,880,1222,5891,689.7,633,12527,119.5,0.173214,0.031111,1.3037,1.8104,8.7274,720.0,720.0,720,720,1555805.5,1120179946.8,true,95000,100000,5000,95000
flatbuffers,book_medium,57,15,475,668,945,5547,497.1,437,8367,108.6,0.218456,1.4063,1.9895,11.6779,200,217,268,3049,200.9,181,5395,40.2,0.200318,1.0850,1.3400,15.2450,676,891,1281,6003,697.9,633,8623,119.1,0.170669,0.013314,1.3180,1.8950,8.8802,720.0,720.0,720,720,1545116.1,1112483589.9,true,95000,100000,5000,95000
flatbuffers,book_medium,58,16,477,676,912,5691,495.2,437,21247,132.7,0.267938,1.4172,1.9119,11.9308,199,216,243,3387,200.2,183,5927,59.2,0.295527,1.0854,1.2211,17.0201,676,896,1240,6235,695.4,632,21535,147.4,0.211960,0.019231,1.3254,1.8343,9.2234,720.0,720.0,720,720,1555381.7,1119874822.9,true,95000,100000,5000,95000
flatbuffers,book_medium,59,17,482,706,951,5443,503.1,438,8439,96.5,0.191726,1.4647,1.9730,11.2925,199,216,267,3267,200.5,182,7799,59.9,0.299034,1.0854,1.3417,16.4171,683,923,1338,6083,703.6,634,9127,116.9,0.166220,0.014641,1.3514,1.9590,8.9063,720.0,720.0,720,720,1541084.7,1109580949.2,true,95000,100000,5000,95000
flatbuffers,book_medium,60,18,454,617,875,3681,475.5,434,6007,85.3,0.179289,1.3590,1.9273,8.1079,199,207,240,3085,200.0,179,12967,55.6,0.277812,1.0402,1.2060,15.5025,654,820,1086,4049,675.5,628,13487,102.9,0.152334,0.013761,1.2538,1.6606,6.1911,720.0,720.0,720,720,1503563.0,1082565395.1,true,95000,100000,5000,95000
flatbuffers,book_medium,61,19,477,663,903,3651,499.1,435,5235,82.3,0.164813,1.3899,1.8931,7.6541,199,205,240,3153,199.8,182,10047,57.0,0.285135,1.0302,1.2060,15.8442,677,881,1122,4037,698.9,628,10519,100.9,0.144346,0.013294,1.3013,1.6573,5.9631,720.0,720.0,720,720,1552442.3,1117758451.1,true,95000,100000,5000,95000
flatbuffers,book_medium,62,20,455,606,860,3691,476.1,437,6515,80.4,0.168822,1.3319,1.8901,8.1121,199,207,251,3189,199.3,184,3519,41.8,0.209588,1.0402,1.2613,16.0251,655,811,1072,4029,675.4,625,6767,91.7,0.135816,0.013740,1.2382,1.6366,6.1511,720.0,720.0,720,720,1501232.0,1080887027.1,true,95000,100000,5000,95000
flatbuffers,book_medium,63,21,476,658,897,3515,497.8,434,4919,78.6,0.157975,1.3824,1.8845,7.3845,199,216,238,3181,199.9,185,5207,52.2,0.261067,1.0854,1.1960,15.9849,676,874,1115,3921,697.7,631,5679,95.0,0.136214,0.011834,1.2929,1.6494,5.8003,720.0,720.0,720,720,1556497.7,1120678328.9,true,95000,100000,5000,95000
flatbuffers,book_medium,64,22,474,659,908,3849,496.6,437,14431,99.2,0.199697,1.3903,1.9156,8.1203,199,216,273,3055,200.4,182,4119,36.4,0.181888,1.0854,1.3719,15.3518,674,887,1151,4135,697.0,633,14695,106.6,0.153003,0.011869,1.3160,1.7077,6.1350,720.0,720.0,720,720,1553492.8,1118514839.9,true,95000,100000,5000,95000
flatbuffers,book_medium,65,23,451,624,862,3767,472.5,434,5971,84.0,0.177838,1.3836,1.9113,8.3525,199,206,301,3157,200.2,183,13295,59.0,0.294698,1.0352,1.5126,15.8643,651,834,1080,4231,672.7,629,13759,104.9,0.155947,0.012289,1.2811,1.6590,6.4992,720.0,720.0,720,720,1499106.7,1079356856.7,true,95000,100000,5000,95000
flatbuffers,book_medium,66,24,481,674,895,3823,503.6,434,20591,124.7,0.247597,1.4012,1.8607,7.9480,199,207,244,3265,199.6,182,5183,46.3,0.231992,1.0402,1.2261,16.4070,681,893,1107,4347,703.2,632,20879,134.1,0.190732,0.013216,1.3113,1.6256,6.3833,720.0,720.0,720,720,1555534.0,1119984514.1,true,95000,100000,5000,95000
flatbuffers,book_medium,67,25,452,627,861,3827,473.5,433,18863,125.7,0.265526,1.3872,1.9049,8.4668,199,206,241,3503,200.6,184,11815,66.0,0.329236,1.0352,1.2111,17.6030,652,835,1075,5147,674.0,628,19119,142.6,0.211608,0.013804,1.2807,1.6488,7.8942,720.0,720.0,720,720,1496453.9,1077446780.0,true,95000,100000,5000,95000
flatbuffers,book_medium,68,26,477,655,900,3711,498.9,434,6547,87.6,0.175656,1.3732,1.8868,7.7799,199,205,238,3063,199.3,183,3553,40.8,0.204772,1.0302,1.1960,15.3920,676,872,1118,4019,698.2,632,6791,97.5,0.139608,0.011834,1.2899,1.6538,5.9453,720.0,720.0,720,720,1556363.3,1120581554.3,true,95000,100000,5000,95000
flatbuffers,book_medium,69,27,480,690,922,3903,502.6,435,12295,96.4,0.191894,1.4375,1.9208,8.1312,199,206,238,3043,199.9,183,4571,36.8,0.184312,1.0352,1.1960,15.2915,680,906,1145,4159,702.5,635,12543,104.1,0.148235,0.014706,1.3324,1.6838,6.1162,720.0,720.0,720,720,1551415.3,1117019027.7,true,95000,100000,5000,95000
flatbuffers,book_medium,70,28,475,664,910,3877,497.8,438,6431,86.1,0.172949,1.3979,1.9158,8.1621,199,206,243,3251,200.1,182,5923,46.5,0.232202,1.0352,1.2211,16.3367,676,884,1126,4239,697.9,634,6679,98.8,0.141608,0.011834,1.3077,1.6657,6.2707,720.0,720.0,720,720,1551390.1,1117000841.0,true,95000,100000,5000,95000
flatbuffers,book_medium,71,29,474,654,893,3859,495.6,435,5835,82.0,0.165455,1.3797,1.8840,8.1414,199,206,246,3223,200.3,184,4251,50.8,0.253823,1.0352,1.2362,16.1960,674,867,1121,4151,695.9,629,6171,97.7,0.140384,0.011869,1.2864,1.6632,6.1588,720.0,720.0,720,720,1555806.7,1120180845.7,true,95000,100000,5000,95000
flatbuffers,book_small,42,0,447,532,852,5251,456.1,410,9079,88.8,0.194742,1.1902,1.9060,11.7472,162,180,196,3133,163.5,151,6559,51.2,0.312942,1.1111,1.2099,19.3395,609,697,1061,5675,619.6,571,9575,105.1,0.169575,0.006568,1.1445,1.7422,9.3186,240.0,240.0,240,240,1762235.8,422936593.5,true,95000,100000,5000,95000
flatbuffers,book_small,43,1,450,547,885,6483,460.9,413,21823,171.8,0.372701,1.2156,1.9667,14.4067,162,169,202,3265,163.7,150,19071,107.6,0.657434,1.0432,1.2469,20.1543,613,712,1319,7919,624.6,574,22271,205.3,0.328659,0.006525,1.1615,2.1517,12.9184,240.0,240.0,240,240,1760750.6,422580139.8,true,95000,100000,5000,95000
flatbuffers,book_small,44,2,446,540,955,5247,456.7,412,8735,94.1,0.206094,1.2108,2.1413,11.7646,163,170,253,3063,163.6,151,12535,61.3,0.374819,1.0429,1.5521,18.7914,609,704,1376,5807,620.3,571,12975,114.8,0.185073,0.006568,1.1560,2.2594,9.5353,240.0,240.0,240,240,1763203.8,423168905.9,true,95000,100000,5000,95000
flatbuffers,book_small,45,3,425,511,831,5523,434.9,411,7703,94.6,0.217473,1.2024,1.9553,12.9953,163,180,200,589,163.8,151,16207,64.6,0.394299,1.1043,1.2270,3.6135,588,676,1020,5983,598.6,572,16639,117.6,0.196493,0.006803,1.1497,1.7347,10.1752,240.0,240.0,240,240,1700288.8,408069320.2,true,95000,100000,5000,95000
flatbuffers,book_small,46,4,426,513,826,5527,435.8,413,7551,94.6,0.216995,1.2042,1.9390,12.9742,163,180,196,3081,163.9,151,18511,74.4,0.453985,1.1043,1.2025,18.9018,589,678,1021,6007,599.7,571,18943,122.6,0.204480,0.006791,1.1511,1.7334,10.1986,240.0,240.0,240,240,1700620.6,408148944.3,true,95000,100000,5000,95000
flatbuffers,book_small,47,5,433,523,901,5351,443.1,419,8367,88.9,0.200609,1.2079,2.0808,12.3580,167,184,297,3193,168.3,155,12399,65.5,0.389220,1.1018,1.7784,19.1198,600,695,1408,6147,611.4,580,12831,114.1,0.186650,0.006667,1.1583,2.3467,10.2450,240.0,240.0,240,240,1694485.5,406676529.9,true,95000,100000,5000,95000
flatbuffers,book_small,48,6,446,534,839,5503,456.2,415,8767,93.2,0.204219,1.1973,1.8812,12.3386,163,169,195,3041,163.4,151,5427,45.1,0.276129,1.0368,1.1963,18.6564,609,699,1031,5851,619.6,571,9415,106.6,0.172115,0.006568,1.1478,1.6929,9.6076,240.0,240.0,240,240,1756971.2,421673094.5,true,95000,100000,5000,95000
flatbuffers,book_small,49,7,429,517,828,5511,439.2,415,7695,90.2,0.205302,1.2051,1.9301,12.8462,162,174,196,3057,162.8,150,5375,45.2,0.277540,1.0741,1.2099,18.8704,591,681,1016,5947,602.0,573,7915,103.6,0.172034,0.006768,1.1523,1.7191,10.0626,240.0,240.0,240,240,1696399.7,407135935.8,true,95000,100000,5000,95000
flatbuffers,book_small,50,8,426,519,896,5239,437.2,413,7507,86.2,0.197243,1.2183,2.1033,12.2981,162,170,314,3249,163.5,151,13135,67.5,0.412965,1.0494,1.9383,20.0556,589,687,1382,5911,600.7,571,13559,112.3,0.186875,0.006791,1.1664,2.3463,10.0357,240.0,240.0,240,240,1695090.2,406821656.9,true,95000,100000,5000,95000
flatbuffers,book_small,51,9,426,518,835,5403,436.5,411,7503,90.0,0.206101,1.2160,1.9601,12.6831,163,170,198,3045,163.7,151,5095,53.3,0.325900,1.0429,1.2147,18.6810,589,682,1094,5895,600.1,572,7739,107.5,0.179124,0.006791,1.1579,1.8574,10.0085,240.0,240.0,240,240,1685553.8,404532911.9,true,95000,100000,5000,95000
flatbuffers,book_small,52,10,447,537,853,5419,457.3,412,8999,93.4,0.204184,1.2013,1.9083,12.1230,163,169,197,3025,163.4,151,6939,47.7,0.291563,1.0368,1.2086,18.5583,610,702,1044,5951,620.7,573,9711,108.4,0.174633,0.006557,1.1508,1.7115,9.7557,240.0,240.0,240,240,1757876.5,421890366.4,true,95000,100000,5000,95000
flatbuffers,book_small,53,11,426,514,873,4619,435.5,413,7575,74.8,0.171871,1.2066,2.0493,10.8427,163,176,307,4015,163.8,151,6079,58.5,0.357057,1.0798,1.8834,24.6319,589,679,1291,5487,599.3,573,7787,97.5,0.162711,0.006791,1.1528,2.1919,9.3158,240.0,240.0,240,240,1702057.0,408493680.1,true,95000,100000,5000,95000
flatbuffers,book_small,54,12,447,531,848,5335,456.1,398,9007,93.8,0.205768,1.1879,1.8971,11.9351,165,172,196,3007,165.5,154,5231,48.9,0.295120,1.0424,1.1879,18.2242,612,697,1041,5723,621.6,569,9655,108.5,0.174549,0.006536,1.1389,1.7010,9.3513,240.0,240.0,240,240,1762422.5,422981395.5,true,95000,100000,5000,95000
flatbuffers,book_small,55,13,448,538,855,5283,458.2,412,7623,94.3,0.205882,1.2009,1.9085,11.7924,162,169,195,2861,162.9,149,8343,44.5,0.273085,1.0432,1.2037,17.6605,611,702,1081,5787,621.1,573,8783,107.1,0.172421,0.006547,1.1489,1.7692,9.4714,240.0,240.0,240,240,1765048.5,423611629.1,true,95000,100000,5000,95000
flatbuffers,book_small,56,14,455,547,876,6063,462.3,410,25599,146.1,0.315971,1.2022,1.9253,13.3253,162,174,199,3177,163.5,150,34303,121.7,0.744347,1.0741,1.2284,19.6111,618,711,1263,6543,625.8,571,34751,192.2,0.307112,0.008091,1.1505,2.0437,10.5874,240.0,240.0,240,240,1687734.0,405056166.9,true,95000,100000,5000,95000
flatbuffers,book_small,57,15,426,513,816,5135,435.9,411,6239,87.3,0.200281,1.2042,1.9155,12.0540,163,175,202,2971,163.5,151,5111,39.2,0.239431,1.0736,1.2393,18.2270,589,677,996,5535,599.5,572,6743,99.0,0.165076,0.006791,1.1494,1.6910,9.3973,240.0,240.0,240,240,1697895.2,407494859.9,true,95000,100000,5000,95000
flatbuffers,book_small,58,16,428,525,826,5399,441.7,413,8775,93.7,0.212180,1.2266,1.9299,12.6145,162,169,195,3041,162.9,152,6083,47.3,0.290395,1.0432,1.2037,18.7716,591,688,1016,5947,604.6,570,9271,108.0,0.178582,0.010152,1.1641,1.7191,10.0626,240.0,240.0,240,240,1758009.3,421922235.5,true,95000,100000,5000,95000
flatbuffers,book_small,59,17,426,516,823,5343,436.2,412,7387,89.8,0.205943,1.2113,1.9319,12.5423,162,180,194,3021,163.6,152,8199,52.6,0.321662,1.1111,1.1975,18.6481,589,681,1011,5847,599.7,571,8623,106.6,0.177820,0.006791,1.1562,1.7165,9.9270,240.0,240.0,240,240,1699652.4,407916587.5,true,95000,100000,5000,95000
flatbuffers,book_small,60,18,426,521,846,5127,437.1,414,7339,87.1,0.199305,1.2230,1.9859,12.0352,163,179,196,3087,163.7,151,6843,53.9,0.329452,1.0982,1.2025,18.9387,589,685,1236,5771,600.7,572,7591,105.2,0.175121,0.006791,1.1630,2.0985,9.7980,240.0,240.0,240,240,1675025.1,402006024.2,true,95000,100000,5000,95000
flatbuffers,book_small,61,19,425,514,832,5423,435.7,414,7287,93.7,0.215036,1.2094,1.9576,12.7600,164,176,198,2971,164.7,152,5207,42.7,0.259375,1.0732,1.2073,18.1159,590,680,1161,5795,600.4,572,7523,105.6,0.175932,0.006780,1.1525,1.9678,9.8220,240.0,240.0,240,240,1703034.7,408728321.6,true,95000,100000,5000,95000
flatbuffers,book_small,62,20,426,519,834,6003,437.5,412,20575,121.7,0.278114,1.2183,1.9577,14.0915,163,170,199,3431,164.2,152,23535,101.3,0.616698,1.0429,1.2209,21.0491,590,683,1079,6975,601.7,572,23951,160.9,0.267476,0.006780,1.1576,1.8288,11.8220,240.0,240.0,240,240,1697863.7,407487293.1,true,95000,100000,5000,95000
flatbuffers,book_small,63,21,426,510,830,5419,435.1,402,13983,100.8,0.231775,1.1972,1.9484,12.7207,162,169,195,3089,163.1,151,4679,45.2,0.277455,1.0432,1.2037,19.0679,588,674,1050,5871,598.1,561,14191,113.4,0.189526,0.005102,1.1463,1.7857,9.9847,240.0,240.0,240,240,1696863.8,407247308.8,true,95000,100000,5000,95000
flatbuffers,book_small,64,22,425,515,827,5435,435.6,406,7051,94.2,0.216137,1.2118,1.9459,12.7882,163,170,197,3005,163.5,152,4815,42.1,0.257241,1.0429,1.2086,18.4356,588,679,1190,5855,599.1,566,7263,106.6,0.177871,0.006803,1.1548,2.0238,9.9575,240.0,240.0,240,240,1698007.3,407521757.8,true,95000,100000,5000,95000
flatbuffers,book_small,65,23,451,541,858,5539,460.9,415,7463,92.6,0.200904,1.1996,1.9024,12.2816,163,169,194,3103,163.3,151,6679,51.2,0.313715,1.0368,1.1902,19.0368,614,705,1052,6027,624.2,575,7711,108.6,0.173920,0.006515,1.1482,1.7134,9.8160,240.0,240.0,240,240,1758480.4,422035284.0,true,95000,100000,5000,95000
flatbuffers,book_small,66,24,425,518,831,5295,435.4,413,7295,91.5,0.210126,1.2188,1.9553,12.4588,163,170,200,3027,163.6,151,5327,50.0,0.305380,1.0429,1.2270,18.5706,588,682,1224,5799,599.0,571,7751,107.6,0.179610,0.006803,1.1599,2.0816,9.8622,240.0,240.0,240,240,1702047.6,408491425.9,true,95000,100000,5000,95000
flatbuffers,book_small,67,25,450,539,866,5383,460.3,412,7739,93.2,0.202508,1.1978,1.9244,11.9622,163,169,196,2977,163.3,151,7359,46.3,0.283795,1.0368,1.2025,18.2638,613,703,1127,5963,623.6,574,8059,107.1,0.171762,0.006525,1.1468,1.8385,9.7276,240.0,240.0,240,240,1765188.3,423645199.4,true,95000,100000,5000,95000
flatbuffers,book_small,68,26,449,545,844,5275,458.7,413,7391,83.9,0.182921,1.2138,1.8797,11.7483,163,176,196,3113,163.6,151,5475,49.0,0.299151,1.0798,1.2025,19.0982,612,709,1063,5803,622.3,570,7611,99.6,0.160022,0.006536,1.1585,1.7369,9.4820,240.0,240.0,240,240,1763310.9,423194621.6,true,95000,100000,5000,95000
flatbuffers,book_small,69,27,461,549,861,6131,468.8,413,19711,119.8,0.255632,1.1909,1.8677,13.2993,164,179,197,2999,164.5,152,5671,47.6,0.289196,1.0915,1.2012,18.2866,625,715,1056,6595,633.3,572,20143,131.5,0.207627,0.008000,1.1440,1.6896,10.5520,240.0,240.0,240,240,1762836.4,423080747.1,true,95000,100000,5000,95000
flatbuffers,book_small,70,28,448,541,845,5399,457.7,414,8319,95.7,0.209017,1.2076,1.8862,12.0513,163,170,198,3035,163.6,151,5719,51.6,0.315334,1.0429,1.2147,18.6196,611,706,1034,5791,621.3,574,8847,111.4,0.179319,0.006547,1.1555,1.6923,9.4779,240.0,240.0,240,240,1760536.0,422528641.6,true,95000,100000,5000,95000
flatbuffers,book_small,71,29,446,535,852,5387,456.1,410,7087,90.1,0.197491,1.1996,1.9103,12.0785,163,169,230,3023,163.6,152,7507,52.6,0.321742,1.0368,1.4110,18.5460,609,702,1131,5863,619.7,571,7951,107.1,0.172905,0.006568,1.1527,1.8571,9.6273,240.0,240.0,240,240,1763982.9,423355906.6,true,95000,100000,5000,95000
flatbuffers,burst,42,0,275,684,970,3459,327.2,257,11623,110.3,0.337107,2.4873,3.5273,12.5782,160,270,390,3121,177.2,143,11031,56.4,0.318340,1.6875,2.4375,19.5063,436,957,1375,3735,504.3,408,11831,145.5,0.288427,0.027523,2.1950,3.1537,8.5665,88.0,140.7,88,3280,1980504.2,278648239.7,true,995000,1000000,5000,995000
flatbuffers,burst,43,1,282,676,994,3463,332.2,257,14959,115.6,0.347979,2.3972,3.5248,12.2801,160,273,386,3085,177.3,144,5263,53.7,0.302589,1.7063,2.4125,19.2812,441,941,1391,3729,509.5,407,15167,150.1,0.294610,0.031746,2.1338,3.1542,8.4558,88.0,140.7,88,3280,1950501.0,274355129.0,true,995000,1000000,5000,995000
flatbuffers,burst,44,2,279,658,939,3371,323.4,257,19039,106.3,0.328684,2.3584,3.3656,12.0824,160,272,384,3081,177.1,144,8959,54.7,0.309022,1.7000,2.4000,19.2563,440,908,1334,3667,500.5,409,19263,139.6,0.278860,0.031818,2.0636,3.0318,8.3341,88.0,140.3,88,3280,1962348.7,275306176.2,true,995000,1000000,5000,995000
flatbuffers,burst,45,3,280,660,972,3555,330.4,261,32655,140.5,0.425307,2.3571,3.4714,12.6964,160,272,386,3167,177.3,144,19711,71.7,0.404345,1.7000,2.4125,19.7937,441,903,1371,3927,507.6,412,32863,175.0,0.344747,0.024943,2.0476,3.1088,8.9048,88.0,140.2,88,3280,1980039.7,277544122.9,true,995000,1000000,5000,995000
flatbuffers,burst,46,4,287,648,928,3441,332.0,260,14543,109.5,0.329724,2.2578,3.2334,11.9895,160,278,384,3095,177.9,144,12511,58.0,0.326044,1.7375,2.4000,19.3438,446,895,1324,3747,509.9,412,14775,145.9,0.286155,0.031390,2.0067,2.9686,8.4013,88.0,140.2,88,3280,1954182.4,273879284.8,true,995000,1000000,5000,995000
flatbuffers,burst,47,5,276,661,954,3437,325.9,238,7051,115.0,0.352726,2.3949,3.4565,12.4529,160,279,386,3125,178.5,143,7163,57.2,0.320443,1.7437,2.4125,19.5312,436,924,1348,3737,504.4,389,7435,151.9,0.301065,0.057339,2.1193,3.0917,8.5711,88.0,140.6,88,3280,1956548.7,274994824.6,true,995000,1000000,5000,995000
flatbuffers,burst,48,6,255,619,969,3485,314.2,236,20015,121.9,0.387871,2.4275,3.8000,13.6667,159,270,384,3159,176.4,142,19151,62.9,0.356514,1.6981,2.4151,19.8679,415,845,1366,3785,490.6,389,20415,158.6,0.323305,0.026506,2.0361,3.2916,9.1205,88.0,139.6,88,3280,2001422.0,279420336.7,true,995000,1000000,5000,995000
flatbuffers,burst,49,7,277,651,961,3611,326.4,257,19807,114.3,0.350233,2.3502,3.4693,13.0361,160,274,384,3329,177.1,143,18639,60.9,0.343607,1.7125,2.4000,20.8062,437,889,1361,3955,503.5,408,20111,149.8,0.297468,0.025172,2.0343,3.1144,9.0503,88.0,140.0,88,3280,1960599.6,274495878.3,true,995000,1000000,5000,995000
flatbuffers,burst,50,8,282,664,968,3439,334.9,250,5435,110.5,0.330043,2.3546,3.4326,12.1950,160,268,383,3113,177.2,143,14847,57.5,0.324366,1.6750,2.3937,19.4563,442,913,1361,3741,512.1,407,15119,146.5,0.286135,0.022624,2.0656,3.0792,8.4638,88.0,140.7,88,3280,1925808.5,270865641.0,true,995000,1000000,5000,995000
flatbuffers,burst,51,9,281,649,967,3493,326.7,255,12703,110.0,0.336695,2.3096,3.4413,12.4306,160,278,384,3177,177.4,144,5667,56.7,0.319470,1.7375,2.4000,19.8562,440,890,1363,3777,504.1,408,12895,144.7,0.286989,0.029545,2.0227,3.0977,8.5841,88.0,140.3,88,3280,1970415.5,276366286.6,true,995000,1000000,5000,995000
flatbuffers,burst,52,10,281,622,933,3469,329.8,252,18079,110.4,0.334869,2.2135,3.3203,12.3452,160,270,385,3163,177.3,144,4863,55.5,0.313006,1.6875,2.4062,19.7688,441,859,1330,3753,507.1,408,18431,145.8,0.287524,0.029478,1.9478,3.0159,8.5102,88.0,139.9,88,3280,1947559.4,272374128.9,true,995000,1000000,5000,995000
flatbuffers,burst,53,11,303,685,1025,3613,355.5,247,15799,128.1,0.360262,2.2607,3.3828,11.9241,161,281,422,3225,181.7,144,10527,60.5,0.332967,1.7453,2.6211,20.0311,463,953,1462,3917,537.2,402,16023,169.1,0.314741,0.058315,2.0583,3.1577,8.4600,88.0,140.2,88,3280,1949297.8,273222367.3,true,995000,1000000,5000,995000
flatbuffers,burst,54,12,276,662,1005,3459,327.5,239,16191,120.8,0.368753,2.3986,3.6413,12.5326,160,271,385,3121,177.3,144,17391,60.2,0.339437,1.6938,2.4062,19.5063,435,920,1404,3761,504.8,388,17631,157.4,0.311850,0.048276,2.1149,3.2276,8.6460,88.0,140.5,88,3280,1957189.9,274996965.4,true,995000,1000000,5000,995000
flatbuffers,burst,55,13,283,643,977,3441,332.9,250,15167,114.5,0.343909,2.2721,3.4523,12.1590,160,268,387,3101,177.2,144,7099,54.1,0.305438,1.6750,2.4188,19.3813,442,868,1372,3735,510.1,406,15359,148.8,0.291732,0.029412,1.9638,3.1041,8.4502,88.0,140.0,88,3280,1943459.6,272175181.6,true,995000,1000000,5000,995000
flatbuffers,burst,56,14,288,644,939,3523,335.4,242,32399,123.8,0.369068,2.2361,3.2604,12.2326,161,273,385,3111,177.7,144,20415,64.8,0.364579,1.6957,2.3913,19.3230,448,880,1333,3871,513.1,394,32655,158.3,0.308434,0.020089,1.9643,2.9754,8.6406,88.0,140.0,88,3280,1977379.2,276800302.4,true,995000,1000000,5000,995000
flatbuffers,burst,57,15,283,658,940,3489,329.8,256,365567,945.4,2.866394,2.3251,3.3216,12.3286,160,291,386,3189,180.7,144,360447,677.8,3.749911,1.8188,2.4125,19.9312,441,925,1342,3833,510.6,406,366079,1167.3,2.286302,0.034014,2.0975,3.0431,8.6916,88.0,140.5,88,3280,2033963.3,285760156.6,true,995000,1000000,5000,995000
flatbuffers,burst,58,16,264,690,986,3441,315.5,237,19279,120.0,0.380419,2.6136,3.7348,13.0341,159,274,384,3181,176.7,142,19215,62.9,0.356043,1.7233,2.4151,20.0063,421,959,1381,3741,492.2,389,19631,156.7,0.318397,0.035629,2.2779,3.2803,8.8860,88.0,140.8,88,3280,2003153.9,282068656.7,true,995000,1000000,5000,995000
flatbuffers,burst,59,17,288,756,960,3425,337.4,253,11679,110.2,0.326684,2.6250,3.3333,11.8924,161,331,387,3063,178.4,144,11103,55.6,0.311651,2.0559,2.4037,19.0248,449,1104,1363,3719,515.8,411,11879,145.1,0.281219,0.020045,2.4588,3.0356,8.2829,88.0,140.5,88,3280,1957019.9,274952368.8,true,995000,1000000,5000,995000
flatbuffers,burst,60,18,288,654,1000,3445,334.0,257,19279,113.5,0.339968,2.2708,3.4722,11.9618,161,270,384,3107,177.7,144,10887,55.4,0.311890,1.6770,2.3851,19.2981,448,892,1396,3731,511.7,412,19503,147.1,0.287536,0.040179,1.9911,3.1161,8.3281,88.0,140.2,88,3280,1963189.7,275240597.5,true,995000,1000000,5000,995000
flatbuffers,burst,61,19,289,648,988,3471,336.2,261,18623,113.6,0.337798,2.2422,3.4187,12.0104,160,269,385,3155,177.5,144,18879,69.0,0.388501,1.6812,2.4062,19.7188,449,886,1384,3785,513.7,413,19311,153.2,0.298185,0.031180,1.9733,3.0824,8.4298,88.0,140.1,88,3280,1977985.6,277207097.6,true,995000,1000000,5000,995000
flatbuffers,burst,62,20,301,754,958,3489,347.9,277,17647,109.8,0.315733,2.5050,3.1827,11.5914,159,334,399,3143,177.9,142,10039,58.4,0.328228,2.1006,2.5094,19.7673,460,1117,1374,3775,525.8,427,18287,147.4,0.280409,0.026087,2.4283,2.9870,8.2065,88.0,140.0,88,3280,1962432.0,274800563.2,true,995000,1000000,5000,995000
flatbuffers,burst,63,21,292,649,953,3509,339.5,257,14023,107.5,0.316548,2.2226,3.2637,12.0171,161,273,384,3173,177.7,143,11767,58.2,0.327752,1.6957,2.3851,19.7081,453,887,1350,3815,517.2,416,14223,142.9,0.276205,0.022075,1.9581,2.9801,8.4216,88.0,140.2,88,3280,1978913.4,277519162.2,true,995000,1000000,5000,995000
flatbuffers,burst,64,22,288,633,947,3525,332.3,258,20335,112.2,0.337583,2.1979,3.2882,12.2396,161,270,386,3161,177.8,143,19727,61.4,0.345445,1.6770,2.3975,19.6335,448,868,1347,3831,510.1,408,20639,148.5,0.291166,0.042411,1.9375,3.0067,8.5513,88.0,139.8,88,3280,1971618.4,275606433.0,true,995000,1000000,5000,995000
flatbuffers,burst,65,23,276,642,962,3595,322.2,238,12647,114.7,0.355936,2.3261,3.4855,13.0254,160,273,394,3207,177.2,143,11455,55.7,0.314333,1.7063,2.4625,20.0437,435,872,1366,3893,499.4,389,12999,149.0,0.298389,0.050575,2.0046,3.1402,8.9494,88.0,139.7,88,3280,1954247.7,272994347.6,true,995000,1000000,5000,995000
flatbuffers,burst,66,24,255,656,984,3317,312.8,239,13007,116.1,0.371087,2.5725,3.8588,13.0078,159,268,384,3037,176.6,143,6239,53.7,0.304213,1.6855,2.4151,19.1006,415,891,1378,3615,489.5,388,13223,149.7,0.305759,0.026506,2.1470,3.3205,8.7108,88.0,140.2,88,3280,1983156.7,277989103.8,true,995000,1000000,5000,995000
flatbuffers,burst,67,25,275,617,933,3503,328.2,250,11511,111.6,0.339974,2.2436,3.3927,12.7382,160,272,384,3175,177.3,143,19679,63.1,0.356021,1.7000,2.4000,19.8438,435,858,1329,3815,505.5,407,20111,150.5,0.297654,0.025287,1.9724,3.0552,8.7701,88.0,139.7,88,3280,2006296.7,280281029.1,true,995000,1000000,5000,995000
flatbuffers,burst,68,26,280,670,989,3459,327.5,255,12751,110.2,0.336431,2.3929,3.5321,12.3536,160,275,387,3115,177.2,142,6191,55.2,0.311393,1.7188,2.4188,19.4688,440,928,1390,3749,504.7,406,12999,144.6,0.286526,0.027273,2.1091,3.1591,8.5205,88.0,140.4,88,3280,1983902.0,278573079.4,true,995000,1000000,5000,995000
flatbuffers,burst,69,27,256,659,991,3587,317.9,239,12399,121.1,0.380959,2.5742,3.8711,14.0117,160,274,385,3245,177.0,143,12735,58.3,0.329598,1.7125,2.4062,20.2812,417,898,1389,3889,494.9,389,12999,157.5,0.318173,0.028777,2.1535,3.3309,9.3261,88.0,140.2,88,3280,1962905.1,275234627.8,true,995000,1000000,5000,995000
flatbuffers,burst,70,28,288,640,938,3803,332.5,268,34943,134.8,0.405491,2.2222,3.2569,13.2049,161,275,384,3393,177.9,145,31807,91.4,0.513709,1.7081,2.3851,21.0745,449,880,1340,4175,510.3,420,35167,178.0,0.348848,0.020045,1.9599,2.9844,9.2984,88.0,140.1,88,3280,1946764.6,272656413.7,true,995000,1000000,5000,995000
flatbuffers,burst,71,29,295,672,957,3455,328.6,239,18063,117.4,0.357072,2.2780,3.2441,11.7119,161,273,385,3115,177.3,144,6371,53.9,0.304264,1.6957,2.3913,19.3478,456,901,1350,3757,505.9,388,18303,148.9,0.294340,0.089912,1.9759,2.9605,8.2390,88.0,140.2,88,3280,1965782.0,275539895.2,true,995000,1000000,5000,995000
flatbuffers,mixed,42,0,282,763,977,3449,333.9,254,6795,113.2,0.338869,2.7057,3.4645,12.2305,161,333,388,3099,179.8,142,6651,55.5,0.308603,2.0683,2.4099,19.2484,441,1097,1406,3731,513.7,407,6987,149.7,0.291334,0.036281,2.4875,3.1882,8.4603,88.0,146.7,88,3280,1960170.6,287617652.8,true,995000,1000000,5000,995000
flatbuffers,mixed,43,1,281,748,935,3487,329.3,250,16575,110.1,0.334454,2.6619,3.3274,12.4093,161,328,385,3145,179.3,144,9527,59.0,0.328878,2.0373,2.3913,19.5342,441,1085,1333,3771,508.5,406,16799,145.4,0.285900,0.027211,2.4603,3.0227,8.5510,88.0,146.5,88,3280,1976226.8,289435938.1,true,995000,1000000,5000,995000
flatbuffers,mixed,44,2,278,764,973,3311,328.7,256,19167,113.4,0.345074,2.7482,3.5000,11.9101,161,337,387,3001,180.5,142,12871,57.6,0.319005,2.0932,2.4037,18.6398,438,1114,1376,3597,509.2,406,19407,150.3,0.295064,0.027397,2.5434,3.1416,8.2123,88.0,146.2,88,3280,1928121.7,281795482.0,true,995000,1000000,5000,995000
flatbuffers,mixed,45,3,296,818,1036,3513,348.7,258,14327,120.2,0.344673,2.7635,3.5000,11.8682,162,328,388,3133,180.1,143,14647,60.0,0.333221,2.0247,2.3951,19.3395,457,1158,1440,3807,528.8,411,14935,156.9,0.296752,0.041575,2.5339,3.1510,8.3304,88.0,146.0,88,3280,1950511.0,284774249.2,true,995000,1000000,5000,995000
flatbuffers,mixed,46,4,299,769,976,3385,336.8,240,20159,118.2,0.351030,2.5719,3.2642,11.3211,161,327,386,3075,179.7,143,17151,66.1,0.368003,2.0311,2.3975,19.0994,461,1105,1372,3689,516.5,389,20367,155.1,0.300373,0.084599,2.3970,2.9761,8.0022,88.0,146.0,88,3280,1919594.7,280258400.2,true,995000,1000000,5000,995000
flatbuffers,mixed,47,5,279,781,966,3413,335.4,255,20399,122.0,0.363874,2.7993,3.4624,12.2330,161,337,388,3065,180.2,144,15199,60.1,0.333608,2.0932,2.4099,19.0373,439,1136,1371,3737,515.6,407,20799,159.8,0.309884,0.031891,2.5877,3.1230,8.5125,88.0,146.4,88,3280,1930414.9,282545141.5,true,995000,1000000,5000,995000
flatbuffers,mixed,48,6,262,754,950,3363,319.8,238,13999,116.3,0.363603,2.8779,3.6260,12.8359,160,292,387,3087,178.9,144,11711,59.0,0.329873,1.8250,2.4188,19.2937,420,1088,1354,3649,498.7,388,14343,153.7,0.308235,0.035714,2.5905,3.2238,8.6881,88.0,145.5,88,3280,1976466.5,287497875.2,true,995000,1000000,5000,995000
flatbuffers,mixed,49,7,283,743,950,3485,331.2,262,14479,113.1,0.341425,2.6254,3.3569,12.3145,161,326,385,3155,179.3,144,9703,58.1,0.323849,2.0248,2.3913,19.5963,443,1078,1349,3847,510.5,412,14679,147.5,0.288855,0.024831,2.4334,3.0451,8.6840,88.0,145.8,88,3280,1928209.9,281159196.8,true,995000,1000000,5000,995000
flatbuffers,mixed,50,8,288,756,962,3461,341.0,252,18463,119.0,0.348952,2.6250,3.3403,12.0174,161,326,387,3079,179.7,143,16359,63.6,0.354046,2.0248,2.4037,19.1242,448,1094,1364,3793,520.7,401,18767,157.1,0.301623,0.031250,2.4420,3.0446,8.4665,88.0,146.5,88,3280,1906315.9,279224989.2,true,995000,1000000,5000,995000
flatbuffers,mixed,51,9,282,772,977,3475,334.7,256,368895,850.8,2.542043,2.7376,3.4645,12.3227,161,328,386,3123,180.6,144,353791,586.3,3.246407,2.0373,2.3975,19.3975,442,1112,1373,3783,515.3,405,369407,1036.9,2.012180,0.031674,2.5158,3.1063,8.5588,88.0,146.1,88,3280,1940530.3,283469751.6,true,995000,1000000,5000,995000
flatbuffers,mixed,52,10,285,748,960,3473,336.9,255,19983,114.6,0.340111,2.6246,3.3684,12.1860,161,322,385,3121,180.1,144,30431,68.3,0.379374,2.0000,2.3913,19.3851,446,1082,1364,3769,517.0,407,30895,155.1,0.299924,0.040359,2.4260,3.0583,8.4507,88.0,145.7,88,3280,1890353.2,275428295.2,true,995000,1000000,5000,995000
flatbuffers,mixed,53,11,295,772,967,3367,342.6,257,11959,111.2,0.324685,2.6169,3.2780,11.4136,162,324,385,3031,179.8,144,6091,55.1,0.306499,2.0000,2.3765,18.7099,455,1109,1362,3625,522.4,411,12151,146.1,0.279598,0.041758,2.4374,2.9934,7.9670,88.0,145.9,88,3280,1910962.2,278777616.5,true,995000,1000000,5000,995000
flatbuffers,mixed,54,12,286,779,971,3473,337.9,264,19023,112.6,0.333188,2.7238,3.3951,12.1434,161,327,386,3193,179.5,144,21711,67.7,0.377328,2.0311,2.3975,19.8323,446,1115,1369,3799,517.4,416,21999,152.5,0.294705,0.026906,2.5000,3.0695,8.5179,88.0,146.3,88,3280,1928993.3,282244053.0,true,995000,1000000,5000,995000
flatbuffers,mixed,55,13,285,785,979,3405,340.1,256,13991,119.4,0.351085,2.7544,3.4351,11.9474,161,336,388,3101,180.8,144,10375,58.2,0.321838,2.0870,2.4099,19.2609,445,1136,1379,3731,520.9,407,14279,156.8,0.301085,0.033708,2.5528,3.0989,8.3843,88.0,146.0,88,3280,1928353.1,281475957.7,true,995000,1000000,5000,995000
flatbuffers,mixed,56,14,283,743,938,3375,334.8,255,6067,111.2,0.332216,2.6254,3.3145,11.9258,172,324,385,3079,189.2,153,6211,52.1,0.275108,1.8837,2.2384,17.9012,456,1079,1337,3651,524.0,425,6639,142.5,0.271914,0.035088,2.3662,2.9320,8.0066,88.0,145.9,88,3280,1908250.1,278448109.9,true,995000,1000000,5000,995000
flatbuffers,mixed,57,15,275,763,981,3457,323.3,238,10415,116.9,0.361685,2.7745,3.5673,12.5709,160,326,386,3141,178.8,143,11551,59.2,0.331357,2.0375,2.4125,19.6313,434,1101,1380,3769,502.1,389,11807,153.1,0.304887,0.057604,2.5369,3.1797,8.6843,88.0,146.2,88,3280,1995373.1,291769265.8,true,995000,1000000,5000,995000
flatbuffers,mixed,58,16,287,793,997,3395,341.4,258,12671,119.0,0.348528,2.7631,3.4739,11.8293,161,341,390,3035,180.3,143,7623,55.7,0.308685,2.1180,2.4224,18.8509,447,1145,1402,3679,521.7,411,12887,155.1,0.297342,0.035794,2.5615,3.1365,8.2304,88.0,146.6,88,3280,1956983.5,286853992.5,true,995000,1000000,5000,995000
flatbuffers,mixed,59,17,299,750,955,3383,333.9,239,18703,111.1,0.332590,2.5084,3.1940,11.3144,161,328,386,3117,179.6,143,17247,61.6,0.342825,2.0373,2.3975,19.3602,461,1087,1353,3689,513.5,389,18975,147.9,0.288066,0.088937,2.3579,2.9349,8.0022,88.0,146.4,88,3280,1919630.9,281030314.2,true,995000,1000000,5000,995000
flatbuffers,mixed,60,18,290,786,1010,3437,340.0,258,13495,114.1,0.335530,2.7103,3.4828,11.8517,161,324,386,3137,179.9,143,5459,55.6,0.309269,2.0124,2.3975,19.4845,451,1122,1411,3739,519.9,411,13703,148.9,0.286504,0.046563,2.4878,3.1286,8.2905,88.0,146.0,88,3280,1927451.5,281318820.8,true,995000,1000000,5000,995000
flatbuffers,mixed,61,19,288,768,980,3387,341.5,259,13559,113.8,0.333152,2.6667,3.4028,11.7604,161,326,388,3083,180.3,143,10655,57.6,0.319442,2.0248,2.4099,19.1491,448,1104,1391,3679,521.8,410,13751,151.6,0.290602,0.033482,2.4643,3.1049,8.2121,88.0,145.9,88,3280,1950316.2,284626547.5,true,995000,1000000,5000,995000
flatbuffers,mixed,62,20,310,749,947,3483,357.8,280,32511,118.4,0.330883,2.4161,3.0548,11.2355,160,324,386,3127,178.6,142,11279,57.9,0.324168,2.0250,2.4125,19.5437,469,1084,1346,3789,536.4,429,32799,153.5,0.286072,0.038380,2.3113,2.8699,8.0789,88.0,145.7,88,3280,1846394.1,269049621.3,true,995000,1000000,5000,995000
flatbuffers,mixed,63,21,292,773,980,3435,346.2,254,19359,119.4,0.344859,2.6473,3.3562,11.7637,161,326,385,3099,179.6,144,15231,60.0,0.333902,2.0248,2.3913,19.2484,452,1109,1379,3737,525.9,409,19567,154.4,0.293570,0.024336,2.4535,3.0509,8.2677,88.0,146.0,88,3280,1945344.5,284112134.1,true,995000,1000000,5000,995000
flatbuffers,mixed,64,22,283,740,937,3603,333.7,259,11983,110.3,0.330719,2.6148,3.3110,12.7314,161,307,385,3283,179.6,144,12023,59.4,0.330722,1.9068,2.3913,20.3913,443,1075,1337,3891,513.3,411,12311,147.1,0.286619,0.029345,2.4266,3.0181,8.7833,88.0,145.6,88,3280,1938713.7,282187603.7,true,995000,1000000,5000,995000
flatbuffers,mixed,65,23,282,766,966,3333,329.0,238,11631,110.3,0.335331,2.7163,3.4255,11.8191,166,323,385,3059,184.3,149,8367,57.7,0.313044,1.9458,2.3193,18.4277,447,1101,1363,3623,513.3,398,11839,145.9,0.284294,0.046980,2.4631,3.0492,8.1051,88.0,145.4,88,3280,1918797.3,279038860.0,true,995000,1000000,5000,995000
flatbuffers,mixed,66,24,285,763,973,3391,335.4,257,16847,112.9,0.336639,2.6772,3.4140,11.8982,161,325,387,3081,180.5,143,15887,61.3,0.339337,2.0186,2.4037,19.1366,445,1099,1373,3681,516.0,409,17151,151.7,0.294038,0.035955,2.4697,3.0854,8.2719,88.0,146.0,88,3280,1944132.8,283906173.6,true,995000,1000000,5000,995000
flatbuffers,mixed,67,25,287,773,973,3575,346.8,260,17455,123.4,0.355880,2.6934,3.3902,12.4564,163,330,386,3209,187.5,145,30239,77.8,0.414906,2.0245,2.3681,19.6871,448,1110,1375,3893,534.3,414,30527,173.5,0.324699,0.033482,2.4777,3.0692,8.6897,88.0,145.5,88,3280,1906826.5,277494877.6,true,995000,1000000,5000,995000
flatbuffers,mixed,68,26,298,783,991,3383,343.4,260,10191,107.8,0.313942,2.6275,3.3255,11.3523,164,329,387,3085,182.0,146,12255,57.6,0.316366,2.0061,2.3598,18.8110,461,1124,1395,3671,525.4,414,12543,144.2,0.274472,0.039046,2.4382,3.0260,7.9631,88.0,146.2,88,3280,1938698.1,283403157.1,true,995000,1000000,5000,995000
flatbuffers,mixed,69,27,257,750,959,3313,321.2,237,17855,120.4,0.374955,2.9183,3.7315,12.8911,160,327,385,3019,178.9,143,17999,63.6,0.355412,2.0438,2.4062,18.8687,418,1084,1358,3635,500.0,390,18255,159.0,0.317981,0.033493,2.5933,3.2488,8.6962,88.0,146.0,88,3280,1919359.7,280286013.9,true,995000,1000000,5000,995000
flatbuffers,mixed,70,28,326,788,986,3591,376.7,292,32159,118.9,0.315686,2.4172,3.0245,11.0153,188,335,384,3211,209.0,152,29439,71.5,0.342242,1.7819,2.0426,17.0798,516,1127,1390,3915,585.7,472,32559,159.6,0.272459,0.052326,2.1841,2.6938,7.5872,88.0,146.0,88,3280,1666134.0,243273220.1,true,995000,1000000,5000,995000
flatbuffers,mixed,71,29,300,759,976,3659,337.8,239,18975,118.3,0.350339,2.5300,3.2533,12.1967,161,326,385,3307,179.8,144,12615,60.0,0.334016,2.0248,2.3913,20.5404,461,1095,1379,3957,517.5,390,19167,152.9,0.295468,0.082430,2.3753,2.9913,8.5835,88.0,146.0,88,3280,1913175.1,279416805.6,true,995000,1000000,5000,995000
flatbuffers,order,42,0,466,556,838,3995,472.5,384,27951,103.5,0.218975,1.1931,1.7983,8.5730,240,261,297,3199,240.6,207,24943,71.8,0.298227,1.0875,1.2375,13.3292,704,806,1134,5643,713.1,611,28367,128.0,0.179455,0.022727,1.1449,1.6108,8.0156,128.0,126.6,120,128,1699410.5,215148277.9,true,495000,500000,5000,495000
flatbuffers,order,43,1,424,519,785,3561,439.0,352,15231,78.5,0.178725,1.2241,1.8514,8.3986,239,259,282,3149,239.4,207,14399,57.7,0.241091,1.0837,1.1799,13.1757,667,765,1061,5227,678.4,604,15623,100.0,0.147345,0.020990,1.1469,1.5907,7.8366,128.0,126.6,120,128,1674254.3,211978512.6,true,495000,500000,5000,495000
flatbuffers,order,44,2,461,550,803,3681,467.1,393,13879,80.8,0.173005,1.1931,1.7419,7.9848,243,265,365,3307,243.5,208,9367,55.8,0.229191,1.0905,1.5021,13.6091,703,800,1097,4139,710.7,626,14367,102.1,0.143602,0.025605,1.1380,1.5605,5.8876,128.0,126.6,120,128,1681493.9,212885469.8,true,495000,500000,5000,495000
flatbuffers,order,45,3,465,554,803,3443,470.0,408,14295,73.8,0.157059,1.1914,1.7269,7.4043,241,262,278,3107,241.6,210,5163,48.8,0.201923,1.0871,1.1535,12.8921,704,802,1089,3751,711.6,630,14655,89.7,0.126105,0.025568,1.1392,1.5469,5.3281,128.0,126.6,120,128,1666998.6,211037496.8,true,495000,500000,5000,495000
flatbuffers,order,46,4,448,538,771,3647,454.5,404,6103,71.5,0.157318,1.2009,1.7210,8.1406,239,259,272,3247,239.7,208,5803,49.9,0.208252,1.0837,1.1381,13.5858,686,783,1060,3951,694.2,626,6387,88.4,0.127302,0.024781,1.1414,1.5452,5.7595,128.0,126.6,120,128,1681036.5,212825500.5,true,495000,500000,5000,495000
flatbuffers,order,47,5,465,552,794,3429,470.4,358,6731,71.5,0.152056,1.1871,1.7075,7.3742,239,261,275,3087,240.0,208,6771,45.4,0.189224,1.0921,1.1506,12.9163,702,798,1076,3739,710.4,605,7235,86.0,0.121036,0.022792,1.1368,1.5328,5.3262,128.0,126.6,120,128,1684446.6,213244159.0,true,495000,500000,5000,495000
flatbuffers,order,48,6,440,527,794,3437,449.6,391,367359,1263.1,2.809411,1.1977,1.8045,7.8114,239,262,276,3131,242.8,207,367871,992.5,4.087501,1.0962,1.1548,13.1004,677,775,1087,4069,692.4,612,368895,1608.1,2.322397,0.028065,1.1448,1.6056,6.0103,128.0,126.6,120,128,1708476.8,216303022.3,true,495000,500000,5000,495000
flatbuffers,order,49,7,457,545,764,3409,459.2,367,5767,71.1,0.154905,1.1926,1.6718,7.4595,239,260,275,3077,239.6,210,4811,44.4,0.185355,1.0879,1.1506,12.8745,693,791,1051,3683,698.8,605,6035,85.0,0.121634,0.028860,1.1414,1.5166,5.3146,128.0,126.6,120,128,1693191.3,214354381.4,true,495000,500000,5000,495000
flatbuffers,order,50,8,421,506,743,3377,422.2,376,15095,76.0,0.179949,1.2019,1.7648,8.0214,239,261,279,3105,239.4,208,5931,43.7,0.182649,1.0921,1.1674,12.9916,657,751,1024,3693,661.6,597,15399,89.2,0.134743,0.031963,1.1431,1.5586,5.6210,128.0,126.6,120,128,1661284.9,210310507.4,true,495000,500000,5000,495000
flatbuffers,order,51,9,450,543,780,3447,462.4,327,13463,69.8,0.151012,1.2067,1.7333,7.6600,239,260,274,3083,240.1,207,4755,47.4,0.197400,1.0879,1.1464,12.8996,692,790,1066,3739,702.5,563,13783,85.6,0.121835,0.018786,1.1416,1.5405,5.4032,128.0,126.6,120,128,1636378.2,207161190.2,true,495000,500000,5000,495000
flatbuffers,order,52,10,453,543,789,3431,458.6,390,14631,76.9,0.167585,1.1987,1.7417,7.5740,239,260,276,3099,239.6,207,5667,46.1,0.192443,1.0879,1.1548,12.9665,690,787,1077,3733,698.2,618,14927,91.0,0.130267,0.024638,1.1406,1.5609,5.4101,128.0,126.6,120,128,1679293.4,212597290.7,true,495000,500000,5000,495000
flatbuffers,order,53,11,450,539,776,3447,455.6,376,22559,77.6,0.170334,1.1978,1.7244,7.6600,240,262,279,3127,241.0,209,12447,50.3,0.208823,1.0917,1.1625,13.0292,689,786,1059,3771,696.6,603,22895,93.8,0.134704,0.024673,1.1408,1.5370,5.4731,128.0,126.6,120,128,1650028.6,208889721.2,true,495000,500000,5000,495000
flatbuffers,order,54,12,470,558,796,3445,473.1,334,13063,72.5,0.153143,1.1872,1.6936,7.3298,240,261,282,3135,240.7,209,10271,51.5,0.213789,1.0875,1.1750,13.0625,708,805,1087,3779,713.8,586,13423,90.7,0.127008,0.028249,1.1370,1.5353,5.3376,128.0,126.6,120,128,1683272.3,213122158.3,true,495000,500000,5000,495000
flatbuffers,order,55,13,420,507,740,3551,426.4,386,6411,68.8,0.161316,1.2071,1.7619,8.4548,239,259,276,3251,239.6,208,6375,51.2,0.213750,1.0837,1.1548,13.6025,657,754,1021,3877,666.0,602,6795,87.1,0.130708,0.021309,1.1476,1.5540,5.9011,128.0,126.6,120,128,1685231.2,213359121.2,true,495000,500000,5000,495000
flatbuffers,order,56,14,438,531,781,3577,447.8,388,14575,77.5,0.173137,1.2123,1.7831,8.1667,240,273,303,3227,241.4,209,32959,81.5,0.337771,1.1375,1.2625,13.4458,680,779,1075,4035,689.2,616,33407,114.6,0.166306,0.022059,1.1456,1.5809,5.9338,128.0,126.6,120,128,1698369.6,215019741.3,true,495000,500000,5000,495000
flatbuffers,order,57,15,427,517,783,3773,435.5,384,17183,88.2,0.202568,1.2108,1.8337,8.8361,239,260,277,3125,240.1,208,8575,49.3,0.205307,1.0879,1.1590,13.0753,666,764,1055,4987,675.5,609,17487,103.3,0.152857,0.022523,1.1471,1.5841,7.4880,128.0,126.6,120,128,1692834.5,214313589.6,true,495000,500000,5000,495000
flatbuffers,order,58,16,464,552,808,3451,469.2,408,8967,78.9,0.168156,1.1897,1.7414,7.4375,239,260,303,3071,240.1,208,6967,50.0,0.208341,1.0879,1.2678,12.8494,702,801,1101,3881,709.3,627,9287,95.6,0.134798,0.027066,1.1410,1.5684,5.5285,128.0,126.6,120,128,1700298.5,215248941.2,true,495000,500000,5000,495000
flatbuffers,order,59,17,465,553,820,3459,469.6,390,10903,79.7,0.169833,1.1892,1.7634,7.4387,239,260,277,3085,240.1,209,8043,48.6,0.202283,1.0879,1.1590,12.9079,701,799,1097,4667,709.6,615,11295,95.4,0.134382,0.022825,1.1398,1.5649,6.6576,128.0,126.6,120,128,1675326.3,212094957.8,true,495000,500000,5000,495000
flatbuffers,order,60,18,430,516,781,4007,435.6,362,31279,96.8,0.222347,1.2000,1.8163,9.3186,240,260,276,3447,240.5,208,28223,68.9,0.286523,1.0833,1.1500,14.3625,667,763,1061,5007,676.0,607,31567,120.6,0.178339,0.023988,1.1439,1.5907,7.5067,128.0,126.6,120,128,1650778.1,208990377.1,true,495000,500000,5000,495000
flatbuffers,order,61,19,453,545,801,3493,457.2,362,21167,94.8,0.207280,1.2031,1.7682,7.7108,239,260,277,3111,240.0,208,12519,57.7,0.240575,1.0879,1.1590,13.0167,690,791,1087,5243,697.2,616,21679,113.0,0.162069,0.027536,1.1464,1.5754,7.5986,128.0,126.6,120,128,1705471.5,215922094.0,true,495000,500000,5000,495000
flatbuffers,order,62,20,420,512,792,3487,433.1,390,12775,77.2,0.178177,1.2190,1.8857,8.3024,238,259,326,3201,239.0,207,7079,53.9,0.225534,1.0882,1.3697,13.4496,662,758,1111,4667,672.2,617,13159,97.1,0.144429,0.018127,1.1450,1.6782,7.0498,128.0,126.6,120,128,1675046.2,212054001.4,true,495000,500000,5000,495000
flatbuffers,order,63,21,462,551,818,3621,465.8,395,15543,83.2,0.178592,1.1926,1.7706,7.8377,239,261,285,3227,239.8,209,13655,54.5,0.227249,1.0921,1.1925,13.5021,699,797,1090,4089,705.7,629,15903,101.7,0.144154,0.025751,1.1402,1.5594,5.8498,128.0,126.6,120,128,1704916.7,215845682.8,true,495000,500000,5000,495000
flatbuffers,order,64,22,432,519,780,3569,437.2,378,20703,91.4,0.209141,1.2014,1.8056,8.2616,239,260,281,3187,240.1,207,20639,62.6,0.260628,1.0879,1.1757,13.3347,669,765,1065,4463,677.3,609,21327,113.0,0.166814,0.023916,1.1435,1.5919,6.6712,128.0,126.6,120,128,1664757.4,210766707.1,true,495000,500000,5000,495000
flatbuffers,order,65,23,450,539,797,3455,456.7,354,13551,77.7,0.170185,1.1978,1.7711,7.6778,239,260,277,3119,239.9,209,6527,52.7,0.219527,1.0879,1.1590,13.0502,688,785,1081,4039,696.6,587,13863,96.0,0.137866,0.024709,1.1410,1.5712,5.8706,128.0,126.6,120,128,1673230.5,211833007.6,true,495000,500000,5000,495000
flatbuffers,order,66,24,440,532,792,3561,448.5,370,33119,91.4,0.203898,1.2091,1.8000,8.0932,240,261,276,3101,240.6,208,18415,53.2,0.221151,1.0875,1.1500,12.9208,681,779,1075,4627,689.1,607,33439,107.9,0.156529,0.027900,1.1439,1.5786,6.7944,128.0,126.6,120,128,1682903.4,213063895.8,true,495000,500000,5000,495000
flatbuffers,order,67,25,438,524,790,3441,442.8,357,8231,78.7,0.177818,1.1963,1.8037,7.8562,240,271,322,3101,241.4,207,6243,45.8,0.189716,1.1292,1.3417,12.9208,677,776,1072,3865,684.3,600,8607,93.6,0.136814,0.026588,1.1462,1.5835,5.7090,128.0,126.6,120,128,1669320.8,211333645.1,true,495000,500000,5000,495000
flatbuffers,order,68,26,425,522,788,3439,439.5,347,19119,86.2,0.196194,1.2282,1.8541,8.0918,239,260,285,3117,239.9,207,15423,58.6,0.244390,1.0879,1.1925,13.0418,668,770,1118,3997,679.3,604,19615,106.2,0.156261,0.020958,1.1527,1.6737,5.9835,128.0,126.6,120,128,1712042.2,216737619.3,true,495000,500000,5000,495000
flatbuffers,order,69,27,432,518,770,3551,436.6,389,8767,74.4,0.170352,1.1991,1.7824,8.2199,240,269,282,3149,241.2,207,30575,72.4,0.299940,1.1208,1.1750,13.1208,670,765,1059,4287,677.8,610,30991,105.5,0.155624,0.025373,1.1418,1.5806,6.3985,128.0,126.6,120,128,1696581.2,214795956.8,true,495000,500000,5000,495000
flatbuffers,order,70,28,465,554,813,3443,470.1,352,12567,78.0,0.165956,1.1914,1.7484,7.4043,239,260,274,3065,239.8,208,7735,49.2,0.205220,1.0879,1.1464,12.8243,703,800,1101,3767,709.9,586,12903,94.3,0.132805,0.025605,1.1380,1.5661,5.3585,128.0,126.6,120,128,1683537.9,213134425.8,true,495000,500000,5000,495000
flatbuffers,order,71,29,450,541,793,3423,456.4,360,6999,72.8,0.159574,1.2022,1.7622,7.6067,240,260,279,3111,240.5,207,14207,56.9,0.236754,1.0833,1.1625,12.9625,689,788,1081,4319,696.9,595,14631,94.7,0.135927,0.026125,1.1437,1.5689,6.2685,128.0,126.6,120,128,1645396.2,208304600.3,true,495000,500000,5000,495000
flatbuffers,tick,42,0,271,329,419,3135,274.6,257,14807,60.3,0.219521,1.2140,1.5461,11.5683,157,165,179,2935,157.9,143,13151,41.8,0.264665,1.0510,1.1401,18.6943,429,487,640,3427,432.5,408,15007,74.2,0.171547,0.006993,1.1352,1.4918,7.9883,88.0,88.0,88,88,2301907.5,202567864.2,true,995000,1000000,5000,995000
flatbuffers,tick,43,1,272,331,431,3183,275.4,250,8487,57.0,0.206847,1.2169,1.5846,11.7022,158,165,181,2951,158.2,144,6799,37.0,0.234118,1.0443,1.1456,18.6772,430,489,639,3391,433.6,405,8727,69.0,0.159105,0.006977,1.1372,1.4860,7.8860,88.0,88.0,88,88,2206902.6,194207432.4,true,995000,1000000,5000,995000
flatbuffers,tick,44,2,269,328,402,3187,273.0,254,15207,64.1,0.234729,1.2193,1.4944,11.8476,158,173,181,2975,158.1,143,12783,41.3,0.261497,1.0949,1.1456,18.8291,427,486,602,3417,431.1,407,15543,77.3,0.179343,0.007026,1.1382,1.4098,8.0023,88.0,88.0,88,88,2300614.1,202454045.0,true,995000,1000000,5000,995000
flatbuffers,tick,45,3,270,328,396,3095,272.7,256,13367,54.5,0.199994,1.2148,1.4667,11.4630,158,174,182,2947,158.4,143,9303,43.5,0.274682,1.1013,1.1519,18.6519,427,486,573,3331,431.1,406,13583,70.5,0.163481,0.007026,1.1382,1.3419,7.8009,88.0,88.0,88,88,2301765.8,202555388.0,true,995000,1000000,5000,995000
flatbuffers,tick,46,4,269,326,411,3173,271.6,249,13079,56.5,0.208157,1.2119,1.5279,11.7955,158,173,180,3007,158.2,144,7091,40.7,0.257370,1.0949,1.1392,19.0316,426,484,626,3403,429.8,398,13327,70.8,0.164645,0.007042,1.1362,1.4695,7.9883,88.0,88.0,88,88,2301081.9,202495211.4,true,995000,1000000,5000,995000
flatbuffers,tick,47,5,270,328,396,3117,272.7,255,6831,52.7,0.193381,1.2148,1.4667,11.5444,158,165,180,2947,158.1,144,7795,40.5,0.256382,1.0443,1.1392,18.6519,427,486,567,3339,430.9,407,8067,67.4,0.156343,0.007026,1.1382,1.3279,7.8197,88.0,88.0,88,88,2284469.6,201033322.3,true,995000,1000000,5000,995000
flatbuffers,tick,48,6,271,329,417,3143,273.9,256,12391,52.8,0.192657,1.2140,1.5387,11.5978,158,173,181,2947,158.4,144,6259,40.4,0.255147,1.0949,1.1456,18.6519,429,488,652,3355,432.3,406,12623,67.3,0.155624,0.006993,1.1375,1.5198,7.8205,88.0,88.0,88,88,2283165.7,200918578.4,true,995000,1000000,5000,995000
flatbuffers,tick,49,7,270,328,395,3111,272.8,256,8335,51.2,0.187677,1.2148,1.4630,11.5222,158,165,183,2941,158.2,143,6475,41.0,0.259081,1.0443,1.1582,18.6139,427,487,567,3327,431.0,408,8799,66.3,0.153898,0.007026,1.1405,1.3279,7.7916,88.0,88.0,88,88,2302519.8,202621742.5,true,995000,1000000,5000,995000
flatbuffers,tick,50,8,270,328,414,3129,273.1,255,8383,53.8,0.197064,1.2148,1.5333,11.5889,158,165,190,2921,158.1,143,6347,38.1,0.241077,1.0443,1.2025,18.4873,428,486,640,3327,431.2,409,8847,66.8,0.155010,0.007009,1.1355,1.4953,7.7734,88.0,88.0,88,88,2301594.0,202540272.3,true,995000,1000000,5000,995000
flatbuffers,tick,51,9,270,328,404,3109,272.6,255,13111,54.4,0.199690,1.2148,1.4963,11.5148,158,165,181,2947,158.1,143,13199,46.9,0.296912,1.0443,1.1456,18.6519,427,486,629,3345,430.8,408,13471,72.7,0.168728,0.007026,1.1382,1.4731,7.8337,88.0,88.0,88,88,2301337.0,202517654.3,true,995000,1000000,5000,995000
flatbuffers,tick,52,10,272,331,456,3325,275.6,251,17903,76.2,0.276592,1.2169,1.6765,12.2243,158,165,182,3001,158.3,144,15439,51.0,0.321881,1.0443,1.1519,18.9937,430,489,681,3821,433.9,402,18159,92.6,0.213330,0.006977,1.1372,1.5837,8.8860,88.0,88.0,88,88,2206984.5,194214632.7,true,995000,1000000,5000,995000
flatbuffers,tick,53,11,280,337,418,3215,281.5,256,22575,72.9,0.258803,1.2036,1.4929,11.4821,160,169,182,2953,160.4,144,17887,51.8,0.323297,1.0562,1.1375,18.4563,440,498,641,3633,441.9,408,22783,90.2,0.204235,0.011364,1.1318,1.4568,8.2568,88.0,88.0,88,88,2301425.8,202525471.8,true,995000,1000000,5000,995000
flatbuffers,tick,54,12,273,331,419,3245,276.1,246,16415,64.9,0.235075,1.2125,1.5348,11.8864,158,165,184,2991,158.3,143,14159,46.1,0.291217,1.0443,1.1646,18.9304,431,489,639,3597,434.4,403,16751,80.6,0.185615,0.006961,1.1346,1.4826,8.3457,88.0,88.0,88,88,2208256.1,194326541.2,true,995000,1000000,5000,995000
flatbuffers,tick,55,13,270,328,419,3389,273.3,257,22527,74.3,0.271799,1.2148,1.5519,12.5519,159,186,188,3077,161.2,146,17583,60.0,0.372444,1.1698,1.1824,19.3522,430,488,648,3819,434.5,409,22751,96.3,0.221543,0.006977,1.1349,1.5070,8.8814,88.0,88.0,88,88,2280151.0,200653286.4,true,995000,1000000,5000,995000
flatbuffers,tick,56,14,271,330,422,3275,274.6,258,12799,66.5,0.242231,1.2177,1.5572,12.0849,157,171,181,2967,157.5,142,11479,45.8,0.290947,1.0892,1.1529,18.8981,428,488,650,3709,432.1,408,13007,81.7,0.189110,0.007009,1.1402,1.5187,8.6659,88.0,88.0,88,88,2301585.7,202539542.8,true,995000,1000000,5000,995000
flatbuffers,tick,57,15,269,328,510,3243,272.2,246,21199,68.4,0.251333,1.2193,1.8959,12.0558,158,174,183,2973,158.4,144,8087,42.1,0.265813,1.1013,1.1582,18.8165,427,486,750,3555,430.6,401,21407,81.3,0.188712,0.007026,1.1382,1.7564,8.3255,88.0,88.0,88,88,2270501.3,199804112.6,true,995000,1000000,5000,995000
flatbuffers,tick,58,16,270,327,398,3135,272.8,257,9807,56.1,0.205506,1.2111,1.4741,11.6111,158,165,181,2935,158.1,143,18031,43.2,0.272988,1.0443,1.1456,18.5759,427,485,576,3359,430.9,407,18303,71.7,0.166355,0.007026,1.1358,1.3489,7.8665,88.0,88.0,88,88,2301971.9,202573530.6,true,995000,1000000,5000,995000
flatbuffers,tick,59,17,272,330,415,3163,275.3,249,12015,54.7,0.198562,1.2132,1.5257,11.6287,158,173,180,2957,158.3,144,6567,39.2,0.247728,1.0949,1.1392,18.7152,430,488,624,3365,433.6,405,12247,68.1,0.156983,0.006977,1.1349,1.4512,7.8256,88.0,88.0,88,88,2208068.4,194310022.9,true,995000,1000000,5000,995000
flatbuffers,tick,60,18,270,328,400,3163,272.7,257,14567,64.7,0.237114,1.2148,1.4815,11.7148,158,165,180,2973,158.2,144,18735,51.4,0.325131,1.0443,1.1392,18.8165,427,486,579,3491,430.9,407,19023,83.3,0.193327,0.007026,1.1382,1.3560,8.1756,88.0,88.0,88,88,2302535.2,202623096.2,true,995000,1000000,5000,995000
flatbuffers,tick,61,19,272,330,404,3167,275.3,250,14839,59.5,0.216041,1.2132,1.4853,11.6434,158,173,181,2981,158.4,143,14311,48.4,0.305284,1.0949,1.1456,18.8671,430,488,610,3485,433.8,406,15031,77.3,0.178309,0.006977,1.1349,1.4186,8.1047,88.0,88.0,88,88,2208148.9,194317105.7,true,995000,1000000,5000,995000
flatbuffers,tick,62,20,270,327,401,3221,273.0,256,25679,68.2,0.249685,1.2111,1.4852,11.9296,158,165,182,2989,158.2,144,14471,52.2,0.330053,1.0443,1.1519,18.9177,427,485,606,3567,431.2,405,26143,86.6,0.200951,0.007026,1.1358,1.4192,8.3536,88.0,88.0,88,88,2299656.1,202369740.9,true,995000,1000000,5000,995000
flatbuffers,tick,63,21,270,328,397,3229,273.0,256,17039,64.5,0.236387,1.2148,1.4704,11.9593,158,171,180,2987,158.3,144,13415,48.4,0.306011,1.0823,1.1392,18.9051,427,486,596,3531,431.3,407,17359,81.6,0.189147,0.007026,1.1382,1.3958,8.2693,88.0,88.0,88,88,2302427.6,202613625.5,true,995000,1000000,5000,995000
flatbuffers,tick,64,22,270,328,406,3161,273.3,256,25567,72.4,0.265029,1.2148,1.5037,11.7074,158,165,181,2939,158.2,144,13799,45.5,0.287944,1.0443,1.1456,18.6013,427,486,608,3485,431.4,407,25775,86.3,0.199998,0.007026,1.1382,1.4239,8.1616,88.0,88.0,88,88,2299993.7,202399445.4,true,995000,1000000,5000,995000
flatbuffers,tick,65,23,269,327,408,3187,271.7,246,21503,62.7,0.230848,1.2156,1.5167,11.8476,158,174,180,2969,158.2,143,22511,50.2,0.317398,1.1013,1.1392,18.7911,426,485,618,3459,429.9,399,22783,81.1,0.188635,0.007042,1.1385,1.4507,8.1197,88.0,88.0,88,88,2291333.7,201637364.9,true,995000,1000000,5000,995000
flatbuffers,tick,66,24,270,327,397,3193,272.7,256,20687,63.7,0.233647,1.2111,1.4704,11.8259,158,166,232,2953,158.3,143,14359,45.4,0.287037,1.0506,1.4684,18.6899,427,487,577,3479,431.0,407,20879,79.1,0.183591,0.007026,1.1405,1.3513,8.1475,88.0,88.0,88,88,2301633.8,202543775.9,true,995000,1000000,5000,995000
flatbuffers,tick,67,25,273,332,425,3129,276.6,253,14879,56.3,0.203675,1.2161,1.5568,11.4615,158,175,188,2929,158.4,144,6559,37.9,0.239188,1.1076,1.1899,18.5380,431,491,651,3339,435.1,406,15095,68.8,0.158073,0.009281,1.1392,1.5104,7.7471,88.0,88.0,88,88,2197743.0,193401380.4,true,995000,1000000,5000,995000
flatbuffers,tick,68,26,270,328,440,3153,272.7,255,12583,55.9,0.205178,1.2148,1.6296,11.6778,162,186,193,2969,163.0,149,6939,40.7,0.249997,1.1481,1.1914,18.3272,432,491,668,3363,435.6,410,12815,70.0,0.160630,0.006944,1.1366,1.5463,7.7847,88.0,88.0,88,88,2283828.2,200976884.0,true,995000,1000000,5000,995000
flatbuffers,tick,69,27,275,334,442,3167,278.2,255,13847,57.8,0.207893,1.2145,1.6073,11.5164,158,172,182,2983,158.1,144,7187,40.3,0.255213,1.0886,1.1519,18.8797,432,492,666,3391,436.3,411,14055,71.5,0.163916,0.006944,1.1389,1.5417,7.8495,88.0,88.0,88,88,2262160.3,199070108.0,true,995000,1000000,5000,995000
flatbuffers,tick,70,28,269,327,418,3379,272.0,247,13599,76.0,0.279339,1.2156,1.5539,12.5613,158,174,185,3015,158.4,142,16911,63.7,0.402365,1.1013,1.1709,19.0823,426,487,624,3737,430.4,400,17183,99.9,0.232192,0.007042,1.1432,1.4648,8.7723,88.0,88.0,88,88,2290201.5,201537728.3,true,995000,1000000,5000,995000
flatbuffers,tick,71,29,272,330,407,3183,275.5,249,10623,52.9,0.191986,1.2132,1.4963,11.7022,158,165,181,3003,158.6,144,13751,42.8,0.269701,1.0443,1.1456,19.0063,431,489,623,3401,434.1,402,14023,68.4,0.157573,0.006961,1.1346,1.4455,7.8910,88.0,88.0,88,88,2203805.5,193934881.9,true,995000,1000000,5000,995000
json,book_large,42,0,9455,11527,13623,17215,9497.6,7516,25103,1014.2,0.106787,1.2191,1.4408,1.8207,20335,24383,26767,32607,20439.2,16336,41567,2165.4,0.105942,1.1991,1.3163,1.6035,29791,35615,37951,44063,29936.3,24032,57791,3116.1,0.104089,0.089020,1.1955,1.2739,1.4791,6106.0,6109.0,4819,7358,33995.8,207679702.5,true,95000,100000,5000,95000
json,book_large,43,1,9455,11543,13895,20191,9493.0,7508,35519,1035.0,0.109033,1.2208,1.4696,2.1355,20303,24399,26975,33439,20432.4,16216,53631,2182.5,0.106818,1.2017,1.3286,1.6470,29759,35647,38335,47071,29924.9,24032,64287,3135.9,0.104794,0.089116,1.1979,1.2882,1.5817,6106.0,6111.9,4819,7358,33954.9,207527974.3,true,95000,100000,5000,95000
json,book_large,44,2,9719,11775,14095,19519,9756.9,7676,26111,1021.0,0.104641,1.2115,1.4503,2.0083,20399,24463,26847,32655,20515.4,16416,43679,2170.7,0.105807,1.1992,1.3161,1.6008,30127,35967,38335,45087,30271.8,24320,55871,3119.4,0.103048,0.088758,1.1938,1.2724,1.4966,6106.0,6113.5,4819,7358,33431.9,204386014.9,true,95000,100000,5000,95000
json,book_large,45,3,9479,11559,13751,18639,9520.4,7516,40607,1028.7,0.108048,1.2194,1.4507,1.9663,20319,24415,26863,31519,20446.3,16288,53567,2170.5,0.106156,1.2016,1.3221,1.5512,29823,35679,38111,44191,29966.2,24096,63615,3126.6,0.104337,0.089461,1.1964,1.2779,1.4818,6106.0,6111.0,4819,7358,33878.6,207030571.1,true,95000,100000,5000,95000
json,book_large,46,4,9471,11559,13951,19695,9512.4,7492,41439,1037.2,0.109036,1.2205,1.4730,2.0795,20351,24463,27055,35039,20467.0,16384,52959,2180.1,0.106517,1.2021,1.3294,1.7217,29839,35711,38303,48703,29978.9,24128,64575,3133.3,0.104515,0.089212,1.1968,1.2837,1.6322,6106.0,6109.4,4819,7358,33921.3,207238147.8,true,95000,100000,5000,95000
json,book_large,47,5,9463,11519,13687,15855,9498.7,7468,37663,1017.2,0.107086,1.2173,1.4464,1.6755,20335,24447,26783,33599,20449.1,16328,52607,2175.6,0.106393,1.2022,1.3171,1.6523,29807,35647,38015,46751,29947.3,24080,62975,3117.8,0.104109,0.089107,1.1959,1.2754,1.5685,6106.0,6109.7,4819,7358,33945.3,207396824.6,true,95000,100000,5000,95000
json,book_large,48,6,9447,11511,13679,18495,9486.2,7516,28223,1016.5,0.107156,1.2185,1.4480,1.9578,20367,24447,26799,36191,20499.0,16304,42271,2172.9,0.106001,1.2003,1.3158,1.7769,29823,35711,38079,46143,29984.7,24064,53183,3119.5,0.104036,0.088522,1.1974,1.2768,1.5472,6106.0,6108.9,4819,7358,33937.7,207322117.4,true,95000,100000,5000,95000
json,book_large,49,7,9479,11535,13591,15247,9503.2,7492,30863,1013.6,0.106658,1.2169,1.4338,1.6085,20383,24399,26735,31855,20471.7,16400,43711,2162.9,0.105654,1.1970,1.3116,1.5628,29855,35647,37919,43455,29974.4,24192,54975,3110.4,0.103769,0.088561,1.1940,1.2701,1.4555,6106.0,6114.2,4819,7358,33934.4,207480868.9,true,95000,100000,5000,95000
json,book_large,50,8,9471,11535,13535,15015,9502.2,7504,25119,1013.6,0.106674,1.2179,1.4291,1.5854,20383,24463,26671,27807,20489.0,16400,40991,2169.2,0.105870,1.2002,1.3085,1.3642,29855,35711,37759,40575,29990.7,24144,65183,3121.1,0.104067,0.089064,1.1961,1.2647,1.3591,6106.0,6108.5,4819,7358,33896.0,207052540.8,true,95000,100000,5000,95000
json,book_large,51,9,9471,11519,13711,19999,9507.8,7504,41343,1029.9,0.108323,1.2162,1.4477,2.1116,20335,24399,26735,35775,20461.8,16352,53535,2173.3,0.106212,1.1999,1.3147,1.7593,29807,35647,38047,51615,29969.1,24160,64575,3126.3,0.104317,0.089140,1.1959,1.2764,1.7316,6106.0,6108.8,4819,7358,33992.1,207651045.8,true,95000,100000,5000,95000
json,book_large,52,10,9495,11575,13695,18031,9531.8,7580,38015,1020.5,0.107064,1.2191,1.4423,1.8990,20351,24447,26815,31903,20476.2,16352,53087,2174.2,0.106184,1.2013,1.3176,1.5676,29855,35711,37983,44639,30007.5,24112,62175,3124.8,0.104133,0.089030,1.1961,1.2722,1.4952,6106.0,6113.0,4819,7358,33915.0,207322614.8,true,95000,100000,5000,95000
json,book_large,53,11,9463,11535,13639,16783,9493.8,7500,43103,1024.6,0.107921,1.2190,1.4413,1.7735,20383,24479,26703,31455,20503.6,16312,52511,2173.3,0.105996,1.2010,1.3101,1.5432,29855,35711,37951,44415,29996.8,24160,63839,3128.1,0.104282,0.089365,1.1961,1.2712,1.4877,6106.0,6111.0,4819,7358,33908.1,207211183.3,true,95000,100000,5000,95000
json,book_large,54,12,9463,11551,13759,19343,9495.1,7488,27871,1022.4,0.107679,1.2206,1.4540,2.0441,20399,24463,26959,32127,20511.8,16344,40991,2170.3,0.105809,1.1992,1.3216,1.5749,29871,35679,38175,43903,30006.4,24192,51679,3118.4,0.103924,0.088916,1.1944,1.2780,1.4698,6106.0,6112.1,4819,7358,33941.0,207450876.8,true,95000,100000,5000,95000
json,book_large,55,13,9455,11535,13711,17535,9498.1,7488,28303,1018.6,0.107243,1.2200,1.4501,1.8546,20335,24399,26927,33599,20455.0,16320,50399,2162.6,0.105723,1.1999,1.3242,1.6523,29791,35647,38079,45279,29952.6,24048,59327,3113.1,0.103934,0.088819,1.1966,1.2782,1.5199,6106.0,6110.7,4819,7358,33976.5,207619204.0,true,95000,100000,5000,95000
json,book_large,56,14,9463,11567,13767,20319,9505.4,7480,363775,2157.1,0.226928,1.2223,1.4548,2.1472,20367,24431,26847,61599,20503.7,16400,374527,3917.0,0.191040,1.1995,1.3182,3.0245,29839,35647,38111,343295,30008.6,23984,386303,4936.3,0.164495,0.089547,1.1946,1.2772,11.5049,6106.0,6112.3,4819,7358,33920.7,207333698.6,true,95000,100000,5000,95000
json,book_large,57,15,9487,11583,13711,18959,9526.8,7512,27967,1024.9,0.107584,1.2209,1.4452,1.9984,20351,24399,26719,32463,20467.2,16336,54143,2164.0,0.105728,1.1989,1.3129,1.5952,29839,35679,37951,46783,29993.6,24016,65023,3118.2,0.103961,0.088776,1.1957,1.2719,1.5678,6106.0,6111.8,4819,7358,33930.4,207375484.8,true,95000,100000,5000,95000
json,book_large,58,16,9415,11431,13615,17935,9454.6,7516,42047,1027.8,0.108711,1.2141,1.4461,1.9049,20335,24415,26687,31167,20450.0,16312,53663,2167.5,0.105988,1.2006,1.3124,1.5327,29759,35583,37823,46527,29904.1,24048,64991,3118.8,0.104292,0.089049,1.1957,1.2710,1.5635,6106.0,6111.9,4819,7358,33930.2,207376851.0,true,95000,100000,5000,95000
json,book_large,59,17,9439,11495,13639,17023,9474.0,7468,28479,1021.3,0.107796,1.2178,1.4450,1.8035,20399,24463,26783,31103,20509.6,16360,41631,2168.4,0.105727,1.1992,1.3130,1.5247,29839,35647,37919,44095,29983.2,24176,57727,3124.3,0.104202,0.089547,1.1946,1.2708,1.4778,6106.0,6109.5,4819,7358,33804.0,206526961.2,true,95000,100000,5000,95000
json,book_large,60,18,9471,11575,13719,20799,9505.0,7520,40479,1037.9,0.109196,1.2222,1.4485,2.1961,20335,24367,26767,34847,20443.5,16312,50111,2165.7,0.105935,1.1983,1.3163,1.7136,29823,35615,38079,46015,29948.0,23936,64479,3123.0,0.104281,0.089193,1.1942,1.2768,1.5429,6106.0,6115.5,4819,7358,33909.5,207374933.9,true,95000,100000,5000,95000
json,book_large,61,19,9447,11511,13879,39935,9507.4,7528,366335,2743.0,0.288510,1.2185,1.4691,4.2273,20399,24495,27135,37215,20526.0,16384,373247,3571.2,0.173985,1.2008,1.3302,1.8244,29855,35743,38367,344575,30032.9,24128,389631,4941.9,0.164548,0.089198,1.1972,1.2851,11.5416,6106.0,6110.5,4819,7358,33747.3,206212664.6,true,95000,100000,5000,95000
json,book_large,62,20,9471,11575,13727,16959,9509.3,7504,23359,1024.9,0.107776,1.2222,1.4494,1.7906,20351,24415,26767,30255,20469.3,16352,37535,2166.7,0.105852,1.1997,1.3153,1.4867,29823,35711,37983,41695,29978.1,24128,52543,3125.6,0.104263,0.089327,1.1974,1.2736,1.3981,6106.0,6108.1,4819,7358,33922.8,207202232.6,true,95000,100000,5000,95000
json,book_large,63,21,9471,11559,13823,18719,9505.2,7488,42111,1045.3,0.109968,1.2205,1.4595,1.9765,20319,24415,26927,37567,20437.6,16352,53983,2186.5,0.106982,1.2016,1.3252,1.8489,29807,35679,38111,52767,29942.3,24080,66175,3151.6,0.105256,0.090080,1.1970,1.2786,1.7703,6106.0,6109.7,4819,7358,33965.4,207518851.2,true,95000,100000,5000,95000
json,book_large,64,22,9471,11551,13751,18239,9503.3,7496,41023,1025.1,0.107867,1.2196,1.4519,1.9258,20367,24431,26831,32143,20482.8,16384,41215,2159.3,0.105422,1.1995,1.3174,1.5782,29839,35647,38079,43391,29985.6,24128,64607,3112.1,0.103785,0.088810,1.1946,1.2761,1.4542,6106.0,6110.0,4819,7358,33948.1,207423658.0,true,95000,100000,5000,95000
json,book_large,65,23,9431,11455,13807,18111,9458.5,7496,39199,1021.1,0.107953,1.2146,1.4640,1.9204,20383,24415,26847,30671,20493.2,16416,51711,2164.4,0.105613,1.1978,1.3171,1.5047,29823,35647,38111,43103,29951.2,24112,61311,3113.8,0.103962,0.089059,1.1953,1.2779,1.4453,6106.0,6112.1,4819,7358,33876.0,207055150.4,true,95000,100000,5000,95000
json,book_large,66,24,9583,11607,13839,20047,9609.5,7600,28175,1029.0,0.107081,1.2112,1.4441,2.0919,20367,24463,26863,31695,20488.8,16352,50783,2172.6,0.106037,1.2011,1.3189,1.5562,29951,35807,38335,45055,30097.8,24288,59935,3133.3,0.104104,0.089379,1.1955,1.2799,1.5043,6106.0,6110.8,4819,7358,33784.3,206449705.0,true,95000,100000,5000,95000
json,book_large,67,25,9487,11519,13591,15623,9513.8,7520,28783,1019.6,0.107169,1.2142,1.4326,1.6468,20303,24415,26751,31791,20427.3,16336,37791,2166.5,0.106058,1.2025,1.3176,1.5658,29807,35647,37951,42751,29940.6,24016,53119,3123.3,0.104315,0.089476,1.1959,1.2732,1.4343,6106.0,6107.3,4819,7358,33970.3,207468393.6,true,95000,100000,5000,95000
json,book_large,68,26,9455,11535,13703,26959,9516.2,7540,360959,2904.1,0.305175,1.2200,1.4493,2.8513,20383,24479,26991,41087,20526.8,16400,381183,3475.8,0.169332,1.2010,1.3242,2.0157,29839,35711,38303,370175,30042.5,24224,390911,4982.7,0.165854,0.089514,1.1968,1.2837,12.4057,6106.0,6112.5,4819,7358,33960.5,207584377.5,true,95000,100000,5000,95000
json,book_large,69,27,9431,11479,13783,17695,9464.1,7500,28031,1013.7,0.107110,1.2172,1.4615,1.8763,20383,24447,27055,33343,20501.7,16368,53599,2171.0,0.105891,1.1994,1.3273,1.6358,29823,35615,38175,44543,29965.4,24176,62111,3110.2,0.103793,0.088891,1.1942,1.2801,1.4936,6106.0,6107.3,4819,7358,33981.3,207534335.4,true,95000,100000,5000,95000
json,book_large,70,28,9487,11519,13623,19807,9520.3,7492,41759,1023.7,0.107531,1.2142,1.4360,2.0878,20335,24415,26847,31663,20464.5,16352,42879,2169.0,0.105988,1.2006,1.3202,1.5571,29839,35647,37983,44351,29984.3,23968,63231,3122.2,0.104126,0.089112,1.1946,1.2729,1.4863,6106.0,6110.2,4819,7358,33946.8,207421178.9,true,95000,100000,5000,95000
json,book_large,71,29,9655,11695,13999,21423,9711.2,7752,331775,2237.4,0.230394,1.2113,1.4499,2.2189,20383,24495,27151,48031,20548.3,16384,359679,3685.9,0.179377,1.2017,1.3320,2.3564,30063,35935,38559,346111,30259.0,24400,369919,4804.0,0.158764,0.088281,1.1953,1.2826,11.5129,6106.0,6112.6,4819,7358,33705.7,206030875.7,true,95000,100000,5000,95000
json,book_medium,42,0,2615,2817,5323,5547,2631.2,2448,12319,154.6,0.058762,1.0772,2.0356,2.1212,5631,5835,8471,10439,5648.4,5360,16479,236.1,0.041803,1.0362,1.5044,1.8538,8263,8631,11167,13719,8279.1,7916,19119,279.1,0.033707,0.006898,1.0445,1.3514,1.6603,1530.0,1535.8,1469,1570,125027.8,192013778.6,true,95000,100000,5000,95000
json,book_medium,43,1,2623,2807,5359,6243,2636.4,2446,10799,157.4,0.059691,1.0701,2.0431,2.3801,5651,5883,8519,10063,5668.1,5372,17151,240.7,0.042469,1.0411,1.5075,1.7807,8279,8647,11223,13599,8304.0,7892,19855,283.4,0.034127,0.007368,1.0444,1.3556,1.6426,1530.0,1535.9,1469,1570,124924.4,191866033.9,true,95000,100000,5000,95000
json,book_medium,44,2,2631,2833,5263,5631,2645.6,2464,14839,156.9,0.059315,1.0768,2.0004,2.1403,5635,5843,8359,9911,5649.7,5360,16295,225.5,0.039917,1.0369,1.4834,1.7588,8279,8647,11079,12823,8294.8,7928,20815,271.8,0.032771,0.007368,1.0444,1.3382,1.5489,1549.0,1536.1,1469,1570,125105.2,192167811.6,true,95000,100000,5000,95000
json,book_medium,45,3,2611,2817,5395,6271,2626.7,2446,14031,164.3,0.062563,1.0789,2.0663,2.4018,5675,5927,8663,12383,5690.9,5364,23087,255.8,0.044940,1.0444,1.5265,2.1820,8295,8679,11391,15383,8317.1,7920,25759,299.4,0.036000,0.007957,1.0463,1.3732,1.8545,1549.0,1536.0,1469,1570,124662.9,191487032.8,true,95000,100000,5000,95000
json,book_medium,46,4,2613,2815,5339,6103,2628.1,2452,22079,170.2,0.064769,1.0773,2.0432,2.3356,5639,5859,8495,9847,5654.8,5372,15887,236.2,0.041771,1.0390,1.5065,1.7462,8263,8639,11239,13479,8282.5,7904,27887,288.1,0.034786,0.007503,1.0455,1.3602,1.6312,1530.0,1535.9,1469,1570,125037.5,192041364.3,true,95000,100000,5000,95000
json,book_medium,47,5,2615,2829,5315,6255,2634.0,2460,25567,194.3,0.073772,1.0818,2.0325,2.3920,5635,5855,8439,9783,5650.8,5356,23023,235.2,0.041618,1.0390,1.4976,1.7361,8263,8647,11175,13007,8284.2,7868,31951,301.9,0.036447,0.007503,1.0465,1.3524,1.5741,1530.0,1535.9,1469,1570,125027.9,192031032.7,true,95000,100000,5000,95000
json,book_medium,48,6,2615,2823,5407,6639,2635.0,2438,33535,218.9,0.083070,1.0795,2.0677,2.5388,5643,5871,8663,14183,5664.0,5360,38271,325.8,0.057520,1.0404,1.5352,2.5134,8279,8655,11439,19247,8298.5,7876,40895,391.2,0.047144,0.007489,1.0454,1.3817,2.3248,1530.0,1535.8,1469,1570,124989.2,191958014.0,true,95000,100000,5000,95000
json,book_medium,49,7,2621,2833,5531,6663,2639.9,2452,13215,180.3,0.068315,1.0809,2.1103,2.5422,5631,5847,8687,13679,5649.9,5340,20783,262.6,0.046474,1.0384,1.5427,2.4292,8271,8647,11463,17503,8289.4,7876,23391,313.7,0.037843,0.007254,1.0455,1.3859,2.1162,1530.0,1535.7,1469,1570,125181.4,192242596.0,true,95000,100000,5000,95000
json,book_medium,50,8,2619,2823,5371,6443,2633.6,2452,19263,172.2,0.065394,1.0779,2.0508,2.4601,5655,5883,8535,9751,5670.7,5364,39327,285.7,0.050385,1.0403,1.5093,1.7243,8287,8663,11271,14599,8303.8,7888,41823,329.9,0.039730,0.007602,1.0454,1.3601,1.7617,1549.0,1536.0,1469,1570,124783.8,191666862.2,true,95000,100000,5000,95000
json,book_medium,51,9,2617,2829,5359,6399,2635.8,2442,22367,179.3,0.068028,1.0810,2.0478,2.4452,5643,5855,8511,9551,5657.5,5388,23647,234.0,0.041368,1.0376,1.5082,1.6925,8271,8647,11239,12991,8292.9,7932,28223,290.6,0.035042,0.007254,1.0455,1.3588,1.5707,1549.0,1536.1,1469,1570,125204.3,192330891.1,true,95000,100000,5000,95000
json,book_medium,52,10,2615,2823,5359,5623,2632.7,2450,6739,151.2,0.057416,1.0795,2.0493,2.1503,5639,5855,8535,9695,5657.1,5368,16495,236.3,0.041764,1.0383,1.5136,1.7193,8271,8639,11231,12407,8289.4,7884,19199,276.4,0.033343,0.007375,1.0445,1.3579,1.5001,1530.0,1536.0,1469,1570,124378.5,191042605.8,true,95000,100000,5000,95000
json,book_medium,53,11,2623,2819,5399,6395,2639.4,2462,12695,160.6,0.060834,1.0747,2.0583,2.4380,5639,5855,8583,13079,5655.3,5328,37247,287.3,0.050809,1.0383,1.5221,2.3194,8271,8647,11335,18207,8294.2,7868,39903,328.3,0.039579,0.007738,1.0455,1.3705,2.2013,1549.0,1535.9,1469,1570,125080.2,192108423.9,true,95000,100000,5000,95000
json,book_medium,54,12,2631,2825,5371,6375,2647.1,2454,34239,262.3,0.099106,1.0737,2.0414,2.4230,5647,5859,8519,9799,5664.2,5352,35167,263.4,0.046502,1.0375,1.5086,1.7353,8287,8663,11279,18799,8310.8,7912,40095,370.8,0.044617,0.007240,1.0454,1.3610,2.2685,1549.0,1535.9,1469,1570,125089.7,192129246.5,true,95000,100000,5000,95000
json,book_medium,55,13,2613,2813,5423,9063,2629.1,2448,25407,193.6,0.073650,1.0765,2.0754,3.4684,5647,5867,8607,13263,5663.3,5372,26255,264.7,0.046732,1.0390,1.5242,2.3487,8271,8639,11407,18367,8292.0,7912,31183,327.9,0.039542,0.007496,1.0445,1.3792,2.2207,1530.0,1535.8,1469,1570,125189.0,192260635.2,true,95000,100000,5000,95000
json,book_medium,56,14,2613,2815,5411,6851,2629.3,2452,20591,186.1,0.070780,1.0773,2.0708,2.6219,5647,5859,8607,14855,5663.8,5368,36639,288.3,0.050898,1.0375,1.5242,2.6306,8271,8647,11399,18831,8292.6,7856,39167,339.7,0.040969,0.007375,1.0455,1.3782,2.2768,1549.0,1536.0,1469,1570,124938.1,191905484.2,true,95000,100000,5000,95000
json,book_medium,57,15,2611,2815,5343,6295,2626.9,2444,7031,158.4,0.060301,1.0781,2.0463,2.4110,5631,5847,8455,9543,5649.4,5352,17919,227.0,0.040175,1.0384,1.5015,1.6947,8255,8631,11159,12615,8275.8,7884,20479,272.9,0.032975,0.007511,1.0455,1.3518,1.5282,1549.0,1536.1,1469,1570,125217.7,192349242.8,true,95000,100000,5000,95000
json,book_medium,58,16,2613,2811,5335,5875,2626.3,2442,13383,160.4,0.061076,1.0758,2.0417,2.2484,5643,5851,8479,9407,5656.3,5356,10783,224.0,0.039596,1.0369,1.5026,1.6670,8263,8639,11175,12327,8282.2,7916,19071,271.7,0.032810,0.007503,1.0455,1.3524,1.4918,1530.0,1535.9,1469,1570,124445.5,191139856.4,true,95000,100000,5000,95000
json,book_medium,59,17,2629,2819,5387,6163,2641.5,2466,13343,159.4,0.060361,1.0723,2.0491,2.3442,5655,5859,8519,9687,5675.1,5360,18831,233.2,0.041094,1.0361,1.5065,1.7130,8295,8663,11255,12823,8316.2,7920,21503,280.0,0.033668,0.006992,1.0444,1.3568,1.5459,1549.0,1536.0,1469,1570,124956.5,191927735.8,true,95000,100000,5000,95000
json,book_medium,60,18,2623,2811,5379,6363,2637.0,2452,19935,172.1,0.065252,1.0717,2.0507,2.4258,5647,5867,8551,9927,5665.9,5364,24591,248.0,0.043764,1.0390,1.5143,1.7579,8279,8655,11279,13151,8302.4,7928,27311,300.8,0.036230,0.007368,1.0454,1.3624,1.5885,1530.0,1535.7,1469,1570,124946.4,191874374.2,true,95000,100000,5000,95000
json,book_medium,61,19,2617,2821,5339,6087,2633.3,2452,13767,165.9,0.063009,1.0780,2.0401,2.3259,5635,5851,8439,9535,5652.2,5356,16295,222.9,0.039431,1.0383,1.4976,1.6921,8263,8631,11175,12503,8285.1,7892,19567,273.9,0.033056,0.007140,1.0445,1.3524,1.5131,1549.0,1535.8,1469,1570,125169.8,192241910.3,true,95000,100000,5000,95000
json,book_medium,62,20,2637,2819,5327,6431,2651.1,2456,14759,167.6,0.063209,1.0690,2.0201,2.4388,5659,5867,8447,9783,5674.5,5364,15639,225.6,0.039758,1.0368,1.4927,1.7288,8303,8679,11183,13807,8325.1,7900,20575,281.5,0.033819,0.007347,1.0453,1.3469,1.6629,1530.0,1535.7,1469,1570,125089.9,192105979.1,true,95000,100000,5000,95000
json,book_medium,63,21,2611,2809,5403,6611,2628.3,2448,20175,189.1,0.071932,1.0758,2.0693,2.5320,5635,5847,8551,10199,5653.7,5376,28143,266.3,0.047097,1.0376,1.5175,1.8099,8263,8631,11319,18287,8281.6,7868,30687,324.9,0.039227,0.007382,1.0445,1.3698,2.2131,1530.0,1535.8,1469,1570,125104.7,192132165.1,true,95000,100000,5000,95000
json,book_medium,64,22,2627,2809,5351,6251,2641.3,2466,14887,165.2,0.062543,1.0693,2.0369,2.3795,5667,5887,8527,9511,5683.9,5312,25135,232.8,0.040952,1.0388,1.5047,1.6783,8303,8679,11247,12583,8324.7,7928,27775,281.6,0.033825,0.007106,1.0453,1.3546,1.5155,1530.0,1535.9,1469,1570,125034.2,192041933.3,true,95000,100000,5000,95000
json,book_medium,65,23,2615,2819,5363,6407,2632.5,2450,19775,186.1,0.070713,1.0780,2.0509,2.4501,5639,5859,8511,10047,5658.2,5348,23199,257.9,0.045577,1.0390,1.5093,1.7817,8271,8647,11247,18815,8290.1,7852,25695,317.2,0.038267,0.007496,1.0455,1.3598,2.2748,1549.0,1536.1,1469,1570,124873.8,191815130.2,true,95000,100000,5000,95000
json,book_medium,66,24,2625,2817,5455,9567,2640.6,2454,13791,186.5,0.070647,1.0731,2.0781,3.6446,5647,5867,8647,13415,5666.7,5352,20479,262.3,0.046287,1.0390,1.5313,2.3756,8287,8647,11463,17695,8306.8,7904,23103,318.5,0.038343,0.007120,1.0434,1.3833,2.1353,1530.0,1535.8,1469,1570,125061.3,192071820.0,true,95000,100000,5000,95000
json,book_medium,67,25,2615,2821,5351,6363,2630.2,2446,16927,171.8,0.065336,1.0788,2.0463,2.4333,5635,5843,8511,12007,5652.3,5328,22991,252.7,0.044708,1.0369,1.5104,2.1308,8263,8631,11247,16671,8282.0,7872,25567,304.1,0.036714,0.007382,1.0445,1.3611,2.0175,1530.0,1536.0,1469,1570,125127.3,192189551.4,true,95000,100000,5000,95000
json,book_medium,68,26,2615,2809,5291,6015,2629.6,2444,12655,153.7,0.058436,1.0742,2.0233,2.3002,5647,5867,8415,9983,5663.3,5340,16415,231.5,0.040881,1.0390,1.4902,1.7678,8271,8639,11151,13031,8292.4,7872,19007,274.7,0.033126,0.007375,1.0445,1.3482,1.5755,1549.0,1536.1,1469,1570,124949.1,191933914.5,true,95000,100000,5000,95000
json,book_medium,69,27,2615,2819,5383,6463,2630.4,2436,20927,190.1,0.072286,1.0780,2.0585,2.4715,5643,5863,8559,10063,5657.6,5364,36671,256.7,0.045364,1.0390,1.5167,1.7833,8263,8647,11295,16263,8287.6,7860,39359,317.7,0.038337,0.007261,1.0465,1.3669,1.9682,1549.0,1536.1,1469,1570,125120.0,192194116.8,true,95000,100000,5000,95000
json,book_medium,70,28,2633,2825,5335,6151,2647.4,2470,14231,160.8,0.060740,1.0729,2.0262,2.3361,5659,5871,8455,9815,5676.4,5376,15591,221.6,0.039039,1.0375,1.4941,1.7344,8303,8671,11167,12519,8323.3,7900,19935,271.9,0.032665,0.007588,1.0443,1.3449,1.5078,1530.0,1535.9,1469,1570,122747.1,188527449.7,true,95000,100000,5000,95000
json,book_medium,71,29,2633,2817,5331,6439,2646.9,2466,13295,160.6,0.060660,1.0699,2.0247,2.4455,5639,5859,8575,13495,5661.4,5388,24127,267.9,0.047315,1.0390,1.5207,2.3932,8287,8655,11343,17439,8307.8,7944,26815,309.0,0.037192,0.007240,1.0444,1.3688,2.1044,1530.0,1535.9,1469,1570,124368.8,191017905.2,true,95000,100000,5000,95000
json,book_small,42,0,856,945,1471,4927,862.9,804,19039,129.8,0.150453,1.1040,1.7185,5.7558,1839,1911,4587,6499,1842.6,1699,20399,161.8,0.087827,1.0392,2.4943,3.5340,2697,2819,5555,8623,2706.1,2544,21263,210.9,0.077941,0.009270,1.0452,2.0597,3.1973,484.0,481.5,464,490,377810.8,181900787.2,true,95000,100000,5000,95000
json,book_small,43,1,855,945,2331,3773,861.7,804,6059,93.2,0.108108,1.1053,2.7263,4.4129,1835,1898,4555,5583,1836.6,1713,7031,124.7,0.067889,1.0343,2.4823,3.0425,2693,2805,5511,6759,2698.8,2538,7987,159.0,0.058923,0.008541,1.0416,2.0464,2.5098,480.0,481.4,464,490,378429.3,182186477.9,true,95000,100000,5000,95000
json,book_small,44,2,856,946,1393,4799,862.4,803,14359,117.8,0.136549,1.1051,1.6273,5.6063,1836,1902,4711,8335,1839.5,1692,15023,169.2,0.091969,1.0359,2.5659,4.5398,2695,2813,5747,12775,2702.4,2526,19343,211.2,0.078137,0.008534,1.0438,2.1325,4.7403,482.0,481.5,464,490,378247.3,182110058.4,true,95000,100000,5000,95000
json,book_small,45,3,858,942,1275,4019,863.4,802,9095,91.3,0.105738,1.0979,1.4860,4.6841,1838,1908,4559,5135,1841.3,1695,14863,133.5,0.072513,1.0381,2.4804,2.7938,2699,2813,5507,6907,2705.2,2530,15735,163.0,0.060244,0.008522,1.0422,2.0404,2.5591,484.0,481.5,464,490,377836.5,181910367.1,true,95000,100000,5000,95000
json,book_small,46,4,855,946,1264,3833,861.6,803,12199,93.8,0.108860,1.1064,1.4784,4.4830,1836,1905,4559,5803,1838.1,1683,12999,132.6,0.072115,1.0376,2.4831,3.1607,2695,2811,5487,6795,2700.2,2514,14207,163.4,0.060499,0.008534,1.0430,2.0360,2.5213,484.0,481.5,464,490,378138.9,182061087.0,true,95000,100000,5000,95000
json,book_small,47,5,856,944,1269,4009,862.6,800,31327,141.8,0.164345,1.1028,1.4825,4.6834,1836,1906,4651,5763,1838.9,1697,9679,135.4,0.073624,1.0381,2.5332,3.1389,2695,2811,5599,6987,2702.0,2538,33407,198.7,0.073540,0.008534,1.0430,2.0776,2.5926,484.0,481.5,464,490,378417.7,182192929.4,true,95000,100000,5000,95000
json,book_small,48,6,856,941,1266,3815,861.4,796,5803,87.3,0.101311,1.0993,1.4790,4.4568,1835,1903,4555,5763,1838.5,1701,8791,130.2,0.070803,1.0371,2.4823,3.1406,2693,2807,5495,6771,2700.4,2548,9639,157.7,0.058401,0.008541,1.0423,2.0405,2.5143,484.0,481.4,464,490,378189.4,182077772.9,true,95000,100000,5000,95000
json,book_small,49,7,859,945,1266,4315,865.3,803,19311,130.3,0.150535,1.1001,1.4738,5.0233,1846,1917,4555,5895,1851.8,1693,20367,177.2,0.095709,1.0385,2.4675,3.1934,2707,2821,5507,7695,2717.6,2544,21423,221.0,0.081321,0.008496,1.0421,2.0344,2.8426,484.0,481.5,464,490,376200.1,181125014.2,true,95000,100000,5000,95000
json,book_small,50,8,872,983,1266,3865,881.9,806,5095,84.4,0.095734,1.1273,1.4518,4.4323,1839,1904,4563,5911,1840.9,1688,14023,136.7,0.074266,1.0353,2.4812,3.2142,2715,2855,5503,6935,2723.2,2542,14879,163.6,0.060064,0.013260,1.0516,2.0269,2.5543,484.0,481.5,464,490,374845.1,180479271.7,true,95000,100000,5000,95000
json,book_small,51,9,892,983,1308,3947,898.3,821,10887,94.3,0.104961,1.1020,1.4664,4.4249,1836,1901,4595,6411,1838.9,1684,13863,142.0,0.077216,1.0354,2.5027,3.4918,2731,2843,5603,7487,2737.7,2534,14759,171.9,0.062789,0.008056,1.0410,2.0516,2.7415,480.0,481.4,464,490,372015.5,179099278.7,true,95000,100000,5000,95000
json,book_small,52,10,856,949,1275,4035,862.3,802,11679,105.6,0.122482,1.1086,1.4895,4.7138,1835,1902,4659,6579,1838.7,1710,18687,163.2,0.088743,1.0365,2.5390,3.5853,2693,2811,5635,9863,2701.4,2548,19599,197.0,0.072924,0.008541,1.0438,2.0925,3.6625,484.0,481.5,464,490,378357.3,182167921.2,true,95000,100000,5000,95000
json,book_small,53,11,857,948,1327,8559,864.3,801,12103,136.2,0.157548,1.1062,1.5484,9.9872,1836,1902,4731,9095,1839.5,1691,14255,176.3,0.095816,1.0359,2.5768,4.9537,2695,2823,5743,13207,2704.3,2522,15095,225.7,0.083456,0.008534,1.0475,2.1310,4.9006,484.0,481.5,464,490,377790.6,181895751.4,true,95000,100000,5000,95000
json,book_small,54,12,859,945,1278,3811,864.6,802,5371,84.6,0.097869,1.1001,1.4878,4.4366,1837,1903,4527,5467,1840.4,1703,6847,129.0,0.070118,1.0359,2.4643,2.9760,2699,2811,5479,6935,2705.5,2536,7723,157.3,0.058144,0.008151,1.0415,2.0300,2.5695,484.0,481.5,464,490,377718.9,181859434.5,true,95000,100000,5000,95000
json,book_small,55,13,856,944,1253,3927,862.5,804,12023,97.3,0.112857,1.1028,1.4638,4.5876,1836,1917,4555,5631,1839.3,1694,11623,136.3,0.074100,1.0441,2.4809,3.0670,2695,2821,5511,7243,2702.2,2528,13983,168.8,0.062485,0.009276,1.0468,2.0449,2.6876,480.0,481.4,464,490,377525.0,181758254.7,true,95000,100000,5000,95000
json,book_small,56,14,857,951,1266,3825,864.3,804,10839,92.9,0.107436,1.1097,1.4772,4.4632,1837,1908,4531,4951,1840.4,1685,12959,135.0,0.073373,1.0386,2.4665,2.6952,2699,2821,5447,7031,2705.2,2522,13847,165.1,0.061046,0.008892,1.0452,2.0182,2.6050,484.0,481.4,464,490,377613.5,181799840.3,true,95000,100000,5000,95000
json,book_small,57,15,889,976,1300,3871,895.5,819,12791,95.6,0.106755,1.0979,1.4623,4.3543,1837,1904,4539,4919,1840.6,1687,6431,122.9,0.066787,1.0365,2.4709,2.6777,2729,2841,5487,6703,2736.7,2514,14791,157.0,0.057379,0.008062,1.0410,2.0106,2.4562,484.0,481.5,464,490,376850.9,181444136.9,true,95000,100000,5000,95000
json,book_small,58,16,858,944,1267,3971,863.1,805,8303,90.3,0.104566,1.1002,1.4767,4.6282,1837,1910,4531,5519,1839.9,1687,7235,126.4,0.068713,1.0397,2.4665,3.0044,2697,2815,5463,6831,2703.5,2516,10239,156.9,0.058028,0.008899,1.0438,2.0256,2.5328,480.0,481.4,464,490,378122.8,182031585.3,true,95000,100000,5000,95000
json,book_small,59,17,856,944,1286,3851,862.6,803,7583,89.5,0.103717,1.1028,1.5023,4.4988,1837,1908,4511,5391,1840.2,1694,15039,130.5,0.070904,1.0386,2.4556,2.9347,2697,2811,5431,6731,2703.3,2542,15887,159.1,0.058845,0.008899,1.0423,2.0137,2.4957,480.0,481.4,464,490,378144.4,182039525.1,true,95000,100000,5000,95000
json,book_small,60,18,855,944,1262,4081,861.8,804,19071,125.3,0.145367,1.1041,1.4760,4.7731,1834,1902,4539,5631,1836.7,1710,11983,131.0,0.071339,1.0371,2.4749,3.0703,2693,2805,5499,7747,2699.0,2546,21135,183.8,0.068090,0.008541,1.0416,2.0420,2.8767,480.0,481.4,464,490,378163.2,182057893.9,true,95000,100000,5000,95000
json,book_small,61,19,886,971,1319,3833,892.3,819,6107,90.9,0.101839,1.0959,1.4887,4.3262,1839,1900,4483,5555,1841.5,1689,10719,123.9,0.067290,1.0332,2.4377,3.0207,2729,2835,5439,6587,2734.3,2522,11623,154.5,0.056510,0.007695,1.0388,1.9930,2.4137,484.0,481.5,464,490,378511.0,182252156.8,true,95000,100000,5000,95000
json,book_small,62,20,858,948,1270,4075,864.4,801,14207,104.5,0.120933,1.1049,1.4802,4.7494,1838,1901,4659,8559,1841.5,1699,16239,168.6,0.091566,1.0343,2.5348,4.6567,2699,2815,5635,9535,2706.3,2540,17071,201.1,0.074324,0.008892,1.0430,2.0878,3.5328,484.0,481.5,464,490,377523.2,181766572.8,true,95000,100000,5000,95000
json,book_small,63,21,858,943,1348,3771,863.8,803,6403,88.9,0.102863,1.0991,1.5711,4.3951,1836,1902,4503,5635,1837.7,1689,13031,136.2,0.074135,1.0359,2.4526,3.0692,2697,2805,5427,7259,2702.0,2526,13871,165.7,0.061340,0.008528,1.0400,2.0122,2.6915,480.0,481.4,464,490,377748.0,181860181.2,true,95000,100000,5000,95000
json,book_small,64,22,857,945,1334,3795,863.3,802,11055,94.4,0.109395,1.1027,1.5566,4.4282,1836,1899,4491,4991,1838.1,1702,14847,131.2,0.071393,1.0343,2.4461,2.7184,2697,2811,5415,6967,2702.0,2540,15743,164.6,0.060916,0.008528,1.0423,2.0078,2.5832,480.0,481.5,464,490,377854.7,181920978.2,true,95000,100000,5000,95000
json,book_small,65,23,855,938,1248,3627,860.6,800,5283,79.2,0.092041,1.0971,1.4596,4.2421,1836,1904,4511,5539,1839.4,1700,8759,131.6,0.071542,1.0370,2.4570,3.0169,2695,2803,5407,6767,2700.5,2534,9615,154.6,0.057253,0.008534,1.0401,2.0063,2.5109,480.0,481.4,464,490,378367.9,182159611.2,true,95000,100000,5000,95000
json,book_small,66,24,856,947,2137,5135,866.6,802,306175,997.8,1.151422,1.1063,2.4965,5.9988,1835,1900,4503,307967,1873.8,1703,345599,3330.3,1.777292,1.0354,2.4540,167.8294,2693,2813,5451,312831,2740.9,2538,347647,3504.0,1.278438,0.008169,1.0446,2.0241,116.1645,480.0,481.4,464,490,377956.9,181955178.4,true,95000,100000,5000,95000
json,book_small,67,25,860,948,1257,3759,865.1,802,5439,83.8,0.096842,1.1023,1.4616,4.3709,1835,1902,4539,5503,1838.4,1686,8631,129.6,0.070483,1.0365,2.4736,2.9989,2699,2811,5475,6659,2704.0,2536,9487,155.3,0.057415,0.008522,1.0415,2.0285,2.4672,484.0,481.4,464,490,377701.9,181840775.6,true,95000,100000,5000,95000
json,book_small,68,26,856,943,1272,3931,861.9,803,6727,89.6,0.104001,1.1016,1.4860,4.5923,1841,1922,4571,5903,1845.3,1713,7983,131.5,0.071269,1.0440,2.4829,3.2064,2701,2825,5503,6815,2707.6,2544,8855,160.5,0.059289,0.009626,1.0459,2.0374,2.5231,480.0,481.4,464,490,377037.1,181513328.7,true,95000,100000,5000,95000
json,book_small,69,27,857,946,1248,3945,863.5,795,5943,86.5,0.100172,1.1039,1.4562,4.6033,1839,1910,4555,5111,1842.5,1686,6743,126.4,0.068593,1.0386,2.4769,2.7792,2701,2811,5479,6679,2706.4,2526,7903,154.1,0.056941,0.008515,1.0407,2.0285,2.4728,484.0,481.5,464,490,378367.8,182174672.7,true,95000,100000,5000,95000
json,book_small,70,28,859,943,1263,3873,864.6,803,11967,94.4,0.109208,1.0978,1.4703,4.5087,1836,1901,4535,5479,1838.4,1678,12559,130.2,0.070818,1.0354,2.4700,2.9842,2697,2809,5475,6755,2703.5,2534,13999,162.1,0.059942,0.008157,1.0415,2.0300,2.5046,484.0,481.5,464,490,378032.4,182009884.0,true,95000,100000,5000,95000
json,book_small,71,29,860,949,1258,3957,865.9,802,5859,86.4,0.099779,1.1035,1.4628,4.6012,1834,1905,4523,4907,1837.6,1706,15183,132.8,0.072247,1.0387,2.4662,2.6756,2699,2807,5443,6603,2704.0,2548,16047,159.3,0.058906,0.008522,1.0400,2.0167,2.4465,480.0,481.4,464,490,377568.8,181773634.8,true,95000,100000,5000,95000
json,burst,42,0,348,2823,10967,11663,522.6,297,334591,1137.7,2.177096,8.1121,31.5144,33.5144,540,6091,23711,24735,929.5,488,344063,2227.1,2.396000,11.2796,43.9093,45.8056,888,8767,34687,36159,1452.1,807,367615,3193.4,2.199189,0.028153,9.8727,39.0619,40.7196,179.0,280.6,173,7359,691266.7,194001011.0,true,995000,1000000,5000,995000
json,burst,43,1,349,2775,11167,11943,519.5,314,23567,954.7,1.837760,7.9513,31.9971,34.2206,541,6055,23679,24671,929.7,488,38143,2060.1,2.215828,11.1922,43.7689,45.6026,889,8695,34879,36479,1449.2,814,49055,3009.5,2.076638,0.025872,9.7807,39.2340,41.0337,179.0,280.6,173,7359,691967.6,194147781.3,true,995000,1000000,5000,995000
json,burst,44,2,349,2835,10967,11623,517.8,314,21967,944.1,1.823281,8.1232,31.4241,33.3037,540,5979,23823,24895,926.4,489,38943,2063.5,2.227480,11.0722,44.1167,46.1019,888,8687,34783,36255,1444.2,814,49247,3003.4,2.079565,0.025901,9.7827,39.1700,40.8277,179.0,279.8,173,7359,695392.2,194543799.2,true,995000,1000000,5000,995000
json,burst,45,3,350,2903,11055,11719,524.8,301,20911,951.9,1.813905,8.2943,31.5857,33.4829,540,6055,23903,25023,925.8,491,31839,2067.3,2.232876,11.2130,44.2648,46.3389,889,8839,34975,36447,1450.6,804,41343,3015.4,2.078712,0.026997,9.9426,39.3420,40.9978,179.0,279.5,173,7359,695006.3,194264849.1,true,995000,1000000,5000,995000
json,burst,46,4,348,2769,10903,11607,514.9,307,20927,934.9,1.815765,7.9569,31.3305,33.3534,541,6039,23647,24671,925.6,487,32655,2049.7,2.214484,11.1627,43.7098,45.6026,887,8695,34559,36031,1440.5,816,43199,2980.5,2.069112,0.024803,9.8027,38.9617,40.6212,179.0,279.5,173,7359,693941.1,193958292.4,true,995000,1000000,5000,995000
json,burst,47,5,356,2861,11007,11719,529.0,302,21439,950.1,1.795928,8.0365,30.9185,32.9185,540,5967,23823,25071,926.6,489,71167,2068.1,2.231795,11.0500,44.1167,46.4278,895,8695,34815,36671,1455.7,810,72127,3013.9,2.070426,0.030168,9.7151,38.8994,40.9732,179.0,280.3,173,7359,689515.6,193276425.2,true,995000,1000000,5000,995000
json,burst,48,6,347,2815,11007,11719,516.1,300,20287,934.7,1.811112,8.1124,31.7205,33.7723,541,6027,23759,24783,920.4,487,32863,2033.2,2.208944,11.1405,43.9168,45.8096,887,8727,34783,36223,1436.6,813,43103,2964.0,2.063270,0.028185,9.8388,39.2142,40.8377,179.0,278.2,173,7357,696978.9,193917635.1,true,995000,1000000,5000,995000
json,burst,49,7,348,2813,11471,12151,522.8,300,18735,973.5,1.862034,8.0833,32.9626,34.9167,541,6027,23903,24943,924.7,485,35039,2058.6,2.226272,11.1405,44.1830,46.1054,888,8719,35359,36927,1447.5,807,46175,3028.5,2.092192,0.027027,9.8187,39.8187,41.5845,179.0,279.2,173,7359,692940.3,193441361.2,true,995000,1000000,5000,995000
json,burst,50,8,347,2793,11127,11839,520.7,298,23295,957.7,1.839328,8.0490,32.0663,34.1182,541,6023,23743,24783,926.8,486,30815,2059.7,2.222321,11.1331,43.8872,45.8096,887,8695,34847,36319,1447.5,809,43839,3013.4,2.081756,0.027057,9.8027,39.2864,40.9459,179.0,280.5,173,7359,691983.0,194098459.0,true,995000,1000000,5000,995000
json,burst,51,9,349,2823,10959,11623,517.3,310,23727,939.6,1.816526,8.0888,31.4011,33.3037,540,6063,23871,25039,927.9,486,33503,2066.0,2.226501,11.2278,44.2056,46.3685,889,8735,34879,36351,1445.2,816,47775,3001.1,2.076596,0.026997,9.8256,39.2340,40.8898,179.0,279.7,173,7359,690602.6,193135881.5,true,995000,1000000,5000,995000
json,burst,52,10,347,2769,10903,11639,515.6,298,23999,928.3,1.800463,7.9798,31.4207,33.5418,540,6003,23663,24751,920.0,483,35359,2034.5,2.211354,11.1167,43.8204,45.8352,886,8663,34591,36063,1435.6,808,47647,2958.4,2.060729,0.027088,9.7777,39.0418,40.7032,179.0,278.7,173,7359,698638.5,194738186.2,true,995000,1000000,5000,995000
json,burst,53,11,348,2865,11015,11711,521.5,300,18607,946.8,1.815635,8.2328,31.6523,33.6523,541,6067,23807,24879,926.0,485,36063,2057.0,2.221411,11.2144,44.0055,45.9871,890,8791,34847,36287,1447.5,807,46975,2999.5,2.072149,0.029213,9.8775,39.1539,40.7719,179.0,279.5,173,7359,694730.4,194156087.7,true,995000,1000000,5000,995000
json,burst,54,12,348,2829,10975,11647,520.0,296,27455,943.2,1.813688,8.1293,31.5374,33.4684,545,6015,23807,24895,929.9,488,34015,2059.2,2.214358,11.0367,43.6826,45.6789,892,8703,34815,36191,1450.0,801,47359,2998.2,2.067804,0.026906,9.7567,39.0303,40.5729,179.0,280.2,173,7359,690841.8,193591535.5,true,995000,1000000,5000,995000
json,burst,55,13,347,2793,11079,11807,518.2,307,360447,1152.3,2.223835,8.0490,31.9280,34.0259,541,6015,23759,24799,928.4,487,378367,2246.2,2.419279,11.1183,43.9168,45.8392,886,8703,34879,36351,1446.6,811,383487,3200.8,2.212585,0.024831,9.8228,39.3668,41.0282,179.0,279.2,173,7359,695868.7,194282364.3,true,995000,1000000,5000,995000
json,burst,56,14,351,2871,11007,11735,523.3,301,20223,941.6,1.799378,8.1795,31.3590,33.4330,541,6027,23903,24991,924.5,489,35935,2055.1,2.222995,11.1405,44.1830,46.1941,891,8767,34911,36415,1447.8,810,45567,2993.2,2.067406,0.028058,9.8395,39.1818,40.8698,179.0,279.1,173,7359,689181.7,192336970.2,true,995000,1000000,5000,995000
json,burst,57,15,348,2859,11015,11719,521.7,296,23391,948.0,1.817028,8.2155,31.6523,33.6753,540,5955,23743,24847,924.9,484,34687,2057.4,2.224484,11.0278,43.9685,46.0130,888,8671,34783,36255,1446.7,802,46527,3001.4,2.074753,0.027027,9.7646,39.1700,40.8277,179.0,280.2,173,7359,692464.1,194042737.9,true,995000,1000000,5000,995000
json,burst,58,16,348,2825,10991,11727,521.6,297,21887,952.3,1.825560,8.1178,31.5833,33.6983,540,6039,23727,24767,928.5,489,33599,2069.4,2.228800,11.1833,43.9389,45.8648,887,8719,34751,36191,1450.1,808,46623,3017.6,2.080943,0.027057,9.8298,39.1781,40.8016,179.0,280.9,173,7359,691349.0,194183853.4,true,995000,1000000,5000,995000
json,burst,59,17,349,2847,11223,11823,523.6,299,22655,967.3,1.847417,8.1576,32.1576,33.8768,542,6003,23855,24991,926.8,489,35135,2064.3,2.227298,11.0756,44.0129,46.1089,890,8719,35103,36639,1450.5,811,47359,3027.5,2.087226,0.028090,9.7966,39.4416,41.1674,179.0,280.2,173,7359,692749.3,194118029.6,true,995000,1000000,5000,995000
json,burst,60,18,348,2795,10951,11615,515.7,309,19983,934.9,1.812943,8.0316,31.4684,33.3764,540,5951,23743,24799,923.2,488,36607,2044.1,2.214029,11.0204,43.9685,45.9241,887,8615,34719,36159,1438.9,816,47455,2974.7,2.067316,0.024803,9.7125,39.1421,40.7655,179.0,279.5,173,7359,696474.0,194680299.0,true,995000,1000000,5000,995000
json,burst,61,19,348,2789,10943,11639,520.2,300,344319,1136.4,2.184742,8.0144,31.4454,33.4454,540,6003,23839,24991,927.1,488,341503,2233.7,2.409376,11.1167,44.1463,46.2796,887,8679,34783,36415,1447.3,805,363263,3189.5,2.203799,0.027057,9.7847,39.2142,41.0541,179.0,279.4,173,7359,694665.0,194116636.0,true,995000,1000000,5000,995000
json,burst,62,20,350,2793,11039,11711,519.7,311,18975,942.1,1.812846,7.9800,31.5400,33.4600,540,6027,23631,24687,923.8,487,33151,2035.5,2.203406,11.1611,43.7611,45.7167,889,8703,34719,36095,1443.5,819,44351,2974.1,2.060356,0.024747,9.7897,39.0540,40.6018,179.0,279.2,173,7359,695239.3,194117702.2,true,995000,1000000,5000,995000
json,burst,63,21,348,3043,11159,11911,521.6,307,21263,965.0,1.850170,8.7443,32.0661,34.2270,541,6007,23807,24911,927.2,485,34431,2056.6,2.217937,11.1035,44.0055,46.0462,888,8919,34975,36447,1448.8,812,44287,3017.3,2.082586,0.025901,10.0439,39.3863,41.0439,179.0,279.7,173,7359,692769.0,193736469.6,true,995000,1000000,5000,995000
json,burst,64,22,347,2783,10943,11759,516.2,301,22351,931.5,1.804444,8.0202,31.5360,33.8876,541,6019,23695,24911,923.3,490,33023,2035.7,2.204870,11.1257,43.7985,46.0462,887,8687,34655,36351,1439.5,812,45023,2961.4,2.057190,0.028185,9.7937,39.0699,40.9820,179.0,278.6,173,7359,697030.2,194227361.0,true,995000,1000000,5000,995000
json,burst,65,23,348,2825,11183,11863,519.4,299,19407,953.1,1.835078,8.1178,32.1351,34.0891,540,5983,23727,24815,919.6,484,30303,2040.3,2.218621,11.0796,43.9389,45.9537,888,8679,34943,36287,1439.0,804,41343,2990.1,2.077852,0.028153,9.7736,39.3502,40.8637,179.0,278.5,173,7359,696505.3,193962959.9,true,995000,1000000,5000,995000
json,burst,66,24,348,2831,10951,11655,517.1,308,21887,939.6,1.817058,8.1351,31.4684,33.4914,541,6131,23903,24879,928.1,485,34559,2068.9,2.229165,11.3327,44.1830,45.9871,888,8823,34847,36287,1445.2,813,45119,3005.2,2.079404,0.025901,9.9358,39.2421,40.8637,179.0,279.5,173,7359,696335.6,194625750.5,true,995000,1000000,5000,995000
json,burst,67,25,372,2817,10951,11631,537.9,305,15143,929.5,1.727956,7.5726,29.4382,31.2661,605,6139,23855,24863,976.9,535,32479,2041.8,2.090009,10.1471,39.4298,41.0959,976,8831,34815,36255,1514.8,853,41279,2968.0,1.959291,0.028689,9.0482,35.6711,37.1465,179.0,278.5,173,7359,649200.1,180783738.7,true,995000,1000000,5000,995000
json,burst,68,26,348,2773,10927,11615,519.1,313,355839,1282.1,2.469811,7.9684,31.3994,33.3764,540,6023,23647,24719,928.5,488,373247,2163.6,2.330198,11.1537,43.7907,45.7759,887,8671,34623,36127,1447.6,805,383999,3191.5,2.204597,0.024803,9.7756,39.0338,40.7294,179.0,280.1,173,7359,694489.0,194509765.9,true,995000,1000000,5000,995000
json,burst,69,27,347,2779,11239,11975,520.1,301,24063,962.3,1.850130,8.0086,32.3890,34.5101,540,6063,23743,24751,924.6,489,36127,2052.0,2.219399,11.2278,43.9685,45.8352,886,8711,35007,36415,1444.7,808,47487,3009.8,2.083301,0.027088,9.8318,39.5113,41.1005,179.0,279.6,173,7359,691409.1,193316797.0,true,995000,1000000,5000,995000
json,burst,70,28,352,2777,10911,11631,518.0,313,25695,930.5,1.796496,7.8892,30.9972,33.0426,541,5975,23743,24991,926.5,486,37119,2045.7,2.207960,11.0444,43.8872,46.1941,891,8639,34687,36415,1444.5,813,49087,2971.5,2.057132,0.026936,9.6958,38.9304,40.8698,179.0,279.2,173,7359,695503.8,194176140.6,true,995000,1000000,5000,995000
json,burst,71,29,347,2839,11023,11687,518.8,299,17807,942.5,1.816760,8.1816,31.7666,33.6801,540,5963,23759,24799,923.5,489,33151,2044.0,2.213260,11.0426,43.9981,45.9241,887,8679,34815,36223,1442.3,807,44031,2982.2,2.067685,0.027057,9.7847,39.2503,40.8377,179.0,279.5,173,7359,694473.7,194079276.2,true,995000,1000000,5000,995000
json,mixed,42,0,356,7931,10991,11719,546.3,298,20559,998.1,1.826871,22.2781,30.8736,32.9185,543,17295,23791,24815,973.6,489,32959,2178.8,2.237791,31.8508,43.8140,45.6998,897,25327,34783,36191,1520.0,812,43871,3173.1,2.087581,0.032330,28.2352,38.7770,40.3467,179.0,292.4,173,7359,659900.5,192927748.9,true,995000,1000000,5000,995000
json,mixed,43,1,351,7823,10991,11703,536.5,314,17791,988.7,1.842922,22.2877,31.3134,33.3419,542,17071,23775,24847,975.2,488,38751,2167.6,2.222677,31.4963,43.8653,45.8432,891,25055,34783,36287,1511.7,815,48415,3152.6,2.085488,0.029181,28.1201,39.0382,40.7262,179.0,291.8,173,7359,663178.4,193508379.2,true,995000,1000000,5000,995000
json,mixed,44,2,349,7923,11087,11743,539.1,307,20703,1001.7,1.858185,22.7020,31.7679,33.6476,542,17407,24175,25311,974.0,488,34047,2199.0,2.257723,32.1162,44.6033,46.6993,890,25519,35263,36671,1513.1,815,44575,3197.3,2.113126,0.029213,28.6730,39.6213,41.2034,179.0,291.1,173,7359,666633.3,194047319.2,true,995000,1000000,5000,995000
json,mixed,45,3,351,7131,11031,11767,539.5,300,16327,990.6,1.835996,20.3162,31.4274,33.5242,542,10655,23791,24863,967.1,488,41695,2158.2,2.231698,19.6587,43.8948,45.8727,892,13551,34815,36287,1506.6,807,52991,3144.9,2.087365,0.031390,15.1917,39.0303,40.6805,179.0,290.8,173,7359,665500.4,193521724.7,true,995000,1000000,5000,995000
json,mixed,46,4,349,7751,10967,11623,534.6,311,26399,982.8,1.838275,22.2092,31.4241,33.3037,542,16975,23743,24815,970.4,484,37439,2156.9,2.222720,31.3192,43.8063,45.7841,889,24927,34751,36159,1505.0,813,46591,3135.8,2.083573,0.028121,28.0394,39.0900,40.6738,179.0,290.8,173,7359,665694.4,193600421.6,true,995000,1000000,5000,995000
json,mixed,47,5,350,7975,11143,11863,542.9,299,347135,1247.0,2.297032,22.7857,31.8371,33.8943,542,17087,23823,24991,972.6,486,366847,2344.8,2.410764,31.5258,43.9539,46.1089,892,25247,34943,36767,1515.6,811,376063,3377.5,2.228530,0.031390,28.3038,39.1738,41.2186,179.0,291.6,173,7359,658437.6,191971752.9,true,995000,1000000,5000,995000
json,mixed,48,6,348,3265,11031,11663,536.8,299,21583,984.4,1.833827,9.3822,31.6983,33.5144,545,6151,23839,24831,966.0,489,39519,2140.4,2.215782,11.2862,43.7413,45.5615,892,8959,34879,36223,1502.8,815,49567,3121.0,2.076789,0.030269,10.0437,39.1020,40.6087,179.0,289.5,173,7357,667213.7,193190426.2,true,995000,1000000,5000,995000
json,mixed,49,7,351,4595,11175,11815,541.1,298,25647,1000.9,1.849783,13.0912,31.8376,33.6610,542,8671,23903,24991,966.4,490,55487,2161.4,2.236662,15.9982,44.1015,46.1089,892,11439,35071,36415,1507.5,807,66047,3158.6,2.095319,0.031390,12.8240,39.3173,40.8240,179.0,290.4,173,7359,666963.8,193691981.9,true,995000,1000000,5000,995000
json,mixed,50,8,349,7979,11151,11943,539.5,299,19711,1004.1,1.861239,22.8625,31.9513,34.2206,543,17135,23823,24879,972.0,485,28943,2168.0,2.230422,31.5562,43.8729,45.8177,890,25295,34943,36415,1511.5,813,42751,3168.5,2.096282,0.031461,28.4213,39.2618,40.9157,179.0,291.8,173,7359,662578.2,193312858.3,true,995000,1000000,5000,995000
json,mixed,51,9,349,7787,11007,11671,535.6,308,21263,989.2,1.846741,22.3123,31.5387,33.4413,542,17071,23935,24959,970.0,484,38975,2168.9,2.236004,31.4963,44.1605,46.0498,891,25039,34943,36319,1505.7,816,49279,3154.6,2.095126,0.030303,28.1021,39.2177,40.7621,179.0,290.9,173,7359,666864.4,193997200.7,true,995000,1000000,5000,995000
json,mixed,52,10,349,3667,11135,11831,538.7,298,26479,999.8,1.856090,10.5072,31.9054,33.8997,543,7851,23791,24799,967.8,485,41855,2145.1,2.216455,14.4586,43.8140,45.6703,891,11263,34943,36415,1506.5,807,53471,3140.4,2.084542,0.031425,12.6409,39.2177,40.8698,179.0,290.1,173,7359,666974.9,193463318.2,true,995000,1000000,5000,995000
json,mixed,53,11,349,3783,11063,11703,538.0,296,16959,991.9,1.843535,10.8395,31.6991,33.5330,542,8543,23903,24911,966.9,488,28351,2157.2,2.230963,15.7620,44.1015,45.9613,891,11351,34943,36287,1505.0,808,40895,3145.9,2.090287,0.032548,12.7396,39.2177,40.7262,179.0,290.5,173,7359,666031.8,193482814.0,true,995000,1000000,5000,995000
json,mixed,54,12,349,7727,10991,11751,539.3,300,20351,987.6,1.831319,22.1404,31.4928,33.6705,542,16959,23855,24863,970.9,490,33599,2164.6,2.229552,31.2897,44.0129,45.8727,890,24895,34879,36223,1510.2,796,43519,3148.8,2.085082,0.031461,27.9719,39.1899,40.7000,179.0,291.5,173,7359,662574.5,193110789.1,true,995000,1000000,5000,995000
json,mixed,55,13,368,4095,11151,11767,553.4,311,18303,996.0,1.799943,11.1277,30.3016,31.9755,541,8607,23839,24927,969.3,491,30607,2154.3,2.222669,15.9094,44.0647,46.0758,907,11423,34975,36383,1522.6,818,41535,3146.9,2.066763,0.038589,12.5943,38.5612,40.1136,179.0,290.7,173,7359,659865.1,191802450.3,true,995000,1000000,5000,995000
json,mixed,56,14,350,4283,11039,11751,540.0,300,21391,990.0,1.833281,12.2371,31.5400,33.5743,542,8831,24031,25039,970.7,487,39903,2170.6,2.236018,16.2934,44.3376,46.1974,891,11655,35071,36479,1510.8,803,49631,3156.6,2.089434,0.032548,13.0808,39.3614,40.9416,179.0,290.6,173,7359,665281.8,193317915.7,true,995000,1000000,5000,995000
json,mixed,57,15,350,7051,10999,11695,539.1,303,20335,987.7,1.832137,20.1457,31.4257,33.4143,541,12535,23759,24767,968.3,485,40959,2157.5,2.227987,23.1701,43.9168,45.7800,891,15239,34783,36191,1507.5,813,51967,3141.6,2.084081,0.030303,17.1033,39.0382,40.6184,179.0,291.3,173,7359,663890.2,193378804.6,true,995000,1000000,5000,995000
json,mixed,58,16,351,7927,11007,11703,541.7,298,23999,996.7,1.839958,22.5840,31.3590,33.3419,542,17263,23807,24943,973.3,486,40511,2173.8,2.233375,31.8506,43.9244,46.0203,891,25327,34847,36255,1515.1,810,50271,3166.8,2.090192,0.030303,28.4254,39.1100,40.6902,179.0,292.0,173,7359,661515.1,193170420.5,true,995000,1000000,5000,995000
json,mixed,59,17,349,7867,11047,11751,540.2,300,21071,997.1,1.845683,22.5415,31.6533,33.6705,543,17119,23903,25071,971.5,487,35679,2170.2,2.233881,31.5267,44.0203,46.1713,892,25167,34943,36479,1511.8,802,46303,3163.8,2.092787,0.032511,28.2141,39.1738,40.8957,179.0,291.7,173,7359,663442.5,193498700.8,true,995000,1000000,5000,995000
json,mixed,60,18,350,3913,11023,11695,535.4,308,21951,986.5,1.842391,11.1800,31.4943,33.4143,542,8367,23871,24943,969.4,489,34495,2154.8,2.222868,15.4373,44.0424,46.0203,891,11239,34911,36415,1504.8,816,45183,3137.4,2.084844,0.030303,12.6139,39.1818,40.8698,179.0,290.6,173,7359,664421.4,193106987.4,true,995000,1000000,5000,995000
json,mixed,61,19,349,5547,11023,11719,538.2,299,25599,989.9,1.839371,15.8940,31.5845,33.5788,542,8743,23839,24831,965.7,483,28815,2152.0,2.228298,16.1310,43.9834,45.8137,891,11535,34847,36191,1503.9,816,49727,3137.9,2.086496,0.032548,12.9461,39.1100,40.6184,179.0,290.6,173,7359,665564.6,193438876.1,true,995000,1000000,5000,995000
json,mixed,62,20,350,3965,11167,11879,536.2,308,28911,997.4,1.860128,11.3286,31.9057,33.9400,542,8567,23823,24863,965.5,488,40703,2145.1,2.221763,15.8063,43.9539,45.8727,890,11375,35007,36415,1501.7,815,52415,3138.1,2.089669,0.029213,12.7809,39.3337,40.9157,179.0,290.2,173,7359,663741.3,192597837.4,true,995000,1000000,5000,995000
json,mixed,63,21,349,5583,10991,11655,534.7,307,17759,985.7,1.843363,15.9971,31.4928,33.3954,542,8799,23871,24863,970.1,488,51295,2163.6,2.230312,16.2343,44.0424,45.8727,890,11583,34879,36223,1504.8,815,59423,3145.6,2.090344,0.029213,13.0146,39.1899,40.7000,179.0,290.9,173,7359,666260.7,193811156.2,true,995000,1000000,5000,995000
json,mixed,64,22,360,3371,11007,11735,547.2,299,17295,981.1,1.792786,9.3639,30.5750,32.5972,542,6171,23871,24911,966.8,485,35487,2145.9,2.219556,11.3856,44.0424,45.9613,902,8999,34911,36255,1514.1,807,46591,3123.2,2.062750,0.043237,9.9767,38.7040,40.1940,179.0,289.8,173,7359,664789.5,192640512.7,true,995000,1000000,5000,995000
json,mixed,65,23,352,3679,11191,11791,540.0,298,20447,1002.1,1.855616,10.4517,31.7926,33.4972,543,6171,23807,24863,962.1,486,30975,2142.0,2.226220,11.3646,43.8435,45.7882,895,11095,34975,36287,1502.2,804,41983,3140.8,2.090760,0.031285,12.3966,39.0782,40.5441,179.0,289.6,173,7359,668701.9,193624690.7,true,995000,1000000,5000,995000
json,mixed,66,24,351,7591,11047,11775,537.6,314,19951,991.7,1.844594,21.6268,31.4729,33.5470,542,13847,23999,25071,972.9,481,35423,2179.6,2.240364,25.5480,44.2786,46.2565,891,16783,35071,36351,1510.5,815,46559,3167.1,2.096694,0.029181,18.8361,39.3614,40.7980,179.0,290.8,173,7359,666460.3,193831495.3,true,995000,1000000,5000,995000
json,mixed,67,25,349,3553,10967,11647,535.5,300,21887,979.6,1.829244,10.1805,31.4241,33.3725,542,6295,23775,24815,964.8,489,38079,2141.9,2.220057,11.6144,43.8653,45.7841,890,11271,34751,36287,1500.3,808,47039,3116.9,2.077475,0.031461,12.6640,39.0461,40.7719,179.0,289.7,173,7359,668139.5,193587906.9,true,995000,1000000,5000,995000
json,mixed,68,26,349,8111,11239,11935,538.8,308,22991,1012.6,1.879411,23.2407,32.2034,34.1977,542,17119,23743,25199,971.5,487,34655,2166.5,2.230096,31.5849,43.8063,46.4926,889,25311,34975,36959,1510.3,815,44895,3173.6,2.101294,0.028121,28.4713,39.3420,41.5737,179.0,291.2,173,7359,665301.0,193744117.3,true,995000,1000000,5000,995000
json,mixed,69,27,348,5631,10959,11751,537.4,297,18655,984.0,1.831018,16.1810,31.4914,33.7672,543,8895,23839,24863,969.5,484,36639,2156.9,2.224725,16.3812,43.9024,45.7882,890,11695,34815,36255,1506.9,809,47103,3136.5,2.081380,0.032584,13.1404,39.1180,40.7360,179.0,290.8,173,7359,664864.4,193363559.7,true,995000,1000000,5000,995000
json,mixed,70,28,351,5043,10975,11711,535.8,314,23023,980.4,1.829652,14.3675,31.2678,33.3647,542,8767,23887,25087,971.6,486,37087,2160.3,2.223367,16.1753,44.0720,46.2860,892,11479,34879,36255,1507.5,808,48223,3136.3,2.080467,0.029148,12.8688,39.1020,40.6446,179.0,290.7,173,7359,666565.1,193792121.5,true,995000,1000000,5000,995000
json,mixed,71,29,354,5507,10999,11703,543.0,297,23039,986.8,1.817393,15.5565,31.0706,33.0593,542,8703,23887,25087,970.7,486,36895,2159.8,2.225123,16.0572,44.0720,46.2860,895,11535,34911,36415,1513.6,810,47519,3142.4,2.076048,0.033520,12.8883,39.0067,40.6872,179.0,290.8,173,7359,664952.2,193399522.4,true,995000,1000000,5000,995000
json,order,42,0,410,490,731,3213,414.0,354,11423,63.4,0.153159,1.1951,1.7829,7.8366,669,713,763,3563,672.2,616,6255,76.8,0.114286,1.0658,1.1405,5.3259,1080,1173,3753,4051,1086.2,995,12215,100.7,0.092724,0.013889,1.0861,3.4750,3.7509,202.0,202.1,193,209,943335.0,190677707.9,true,495000,500000,5000,495000
json,order,43,1,409,489,726,3197,412.8,348,4623,60.3,0.145987,1.1956,1.7751,7.8166,666,710,769,3545,668.7,615,14751,77.3,0.115613,1.0661,1.1547,5.3228,1075,1168,3741,4047,1081.6,980,15135,99.4,0.091900,0.013953,1.0865,3.4800,3.7647,202.0,202.1,193,209,946386.3,191299889.5,true,495000,500000,5000,495000
json,order,44,2,412,493,748,3313,416.4,345,13791,74.4,0.178728,1.1966,1.8155,8.0413,669,717,774,3739,672.7,617,17663,91.6,0.136193,1.0717,1.1570,5.5889,1083,1178,3755,4319,1089.1,995,18079,119.4,0.109637,0.014774,1.0877,3.4672,3.9880,202.0,202.1,193,209,939003.7,189801654.8,true,495000,500000,5000,495000
json,order,45,3,394,474,719,3223,398.1,338,18111,68.7,0.172533,1.2030,1.8249,8.1802,667,710,756,3591,669.9,619,18047,81.4,0.121475,1.0645,1.1334,5.3838,1062,1154,3677,4223,1068.1,987,18943,107.6,0.100770,0.014124,1.0866,3.4623,3.9765,202.0,202.1,193,209,946598.6,191329348.4,true,495000,500000,5000,495000
json,order,46,4,401,482,721,3319,405.3,345,11743,66.9,0.165180,1.2020,1.7980,8.2768,666,710,772,3675,669.2,616,11039,79.5,0.118778,1.0661,1.1592,5.5180,1068,1162,3817,4267,1074.4,990,12535,105.6,0.098267,0.015918,1.0880,3.5740,3.9953,202.0,202.1,193,209,945988.2,191214343.5,true,495000,500000,5000,495000
json,order,47,5,393,474,711,3331,397.7,340,16479,75.9,0.190730,1.2061,1.8092,8.4758,674,719,769,3837,677.5,619,12143,92.5,0.136597,1.0668,1.1409,5.6929,1069,1161,3741,4963,1075.2,975,17343,121.0,0.112494,0.014967,1.0861,3.4995,4.6427,202.0,202.1,193,209,940720.5,190146051.2,true,495000,500000,5000,495000
json,order,48,6,394,475,731,3337,398.5,350,16703,73.6,0.184808,1.2056,1.8553,8.4695,672,721,778,3691,675.0,617,14183,81.2,0.120234,1.0729,1.1577,5.4926,1067,1161,3803,4243,1073.5,986,17583,111.2,0.103564,0.014995,1.0881,3.5642,3.9766,202.0,202.1,193,209,943364.4,190682597.7,true,495000,500000,5000,495000
json,order,49,7,394,475,713,3647,398.8,351,30335,97.3,0.243950,1.2056,1.8096,9.2563,668,712,782,4183,672.0,616,36927,133.1,0.198007,1.0659,1.1707,6.2620,1063,1159,3915,7743,1070.9,988,37311,166.1,0.155105,0.014111,1.0903,3.6830,7.2841,202.0,202.1,193,209,945796.8,191177806.2,true,495000,500000,5000,495000
json,order,50,8,394,474,735,3341,401.8,349,368127,1074.4,2.673996,1.2030,1.8655,8.4797,668,715,782,3731,675.4,616,347647,1059.2,1.568278,1.0704,1.1707,5.5853,1063,1156,3759,5071,1077.2,979,369407,1512.2,1.403872,0.014111,1.0875,3.5362,4.7705,202.0,202.1,193,209,945150.4,191042244.3,true,495000,500000,5000,495000
json,order,51,9,394,475,711,3197,398.1,347,5703,62.1,0.156023,1.2056,1.8046,8.1142,669,720,768,3539,672.8,618,5131,73.6,0.109442,1.0762,1.1480,5.2900,1064,1159,3723,4017,1070.9,984,6427,97.4,0.090996,0.015038,1.0893,3.4991,3.7754,202.0,202.1,193,209,943894.6,190781819.0,true,495000,500000,5000,495000
json,order,52,10,406,485,722,3213,409.9,355,11951,66.5,0.162132,1.1946,1.7783,7.9138,671,720,764,3523,674.6,617,7811,75.0,0.111145,1.0730,1.1386,5.2504,1078,1170,3733,4065,1084.5,995,12743,101.5,0.093619,0.014842,1.0853,3.4629,3.7709,202.0,202.1,193,209,946014.9,191218164.7,true,495000,500000,5000,495000
json,order,53,11,411,494,728,3195,415.9,356,19503,80.0,0.192357,1.2019,1.7713,7.7737,667,711,768,3627,670.2,615,11367,78.6,0.117258,1.0660,1.1514,5.4378,1079,1174,3759,4199,1086.0,1002,20383,113.6,0.104569,0.013902,1.0880,3.4838,3.8916,202.0,202.1,193,209,947465.0,191511085.7,true,495000,500000,5000,495000
json,order,54,12,394,475,724,3269,398.1,345,10951,67.1,0.168479,1.2056,1.8376,8.2970,666,708,758,3589,668.8,613,12751,76.9,0.114946,1.0631,1.1381,5.3889,1060,1155,3673,4195,1066.9,985,13151,103.4,0.096867,0.014151,1.0896,3.4651,3.9575,202.0,202.1,193,209,947293.7,191481816.6,true,495000,500000,5000,495000
json,order,55,13,394,475,734,3171,398.2,351,10847,65.5,0.164444,1.2056,1.8629,8.0482,666,708,751,3487,669.3,620,10383,73.3,0.109471,1.0631,1.1276,5.2357,1061,1153,3717,4023,1067.6,991,11599,99.4,0.093145,0.014138,1.0867,3.5033,3.7917,202.0,202.1,193,209,945170.2,191051392.9,true,495000,500000,5000,495000
json,order,56,14,412,494,733,3267,416.4,366,5791,62.7,0.150620,1.1990,1.7791,7.9296,683,727,775,3583,686.4,622,12183,78.1,0.113744,1.0644,1.1347,5.2460,1096,1192,3797,4093,1102.8,1016,12599,101.5,0.092013,0.013686,1.0876,3.4644,3.7345,202.0,202.1,193,209,944537.9,190917073.7,true,495000,500000,5000,495000
json,order,57,15,401,481,728,3187,404.8,344,8051,61.5,0.151878,1.1995,1.8155,7.9476,683,727,815,3511,685.7,620,5123,74.7,0.109009,1.0644,1.1933,5.1406,1084,1179,3739,4029,1090.5,985,8863,98.2,0.090059,0.013838,1.0876,3.4493,3.7168,202.0,202.1,193,209,945232.8,191057331.1,true,495000,500000,5000,495000
json,order,58,16,395,475,719,3407,399.1,344,19231,79.8,0.199966,1.2025,1.8203,8.6253,668,712,827,4005,671.1,615,18447,97.2,0.144849,1.0659,1.2380,5.9955,1063,1161,3819,4895,1070.3,982,20079,127.1,0.118774,0.015052,1.0922,3.5927,4.6049,202.0,202.1,193,209,944064.3,190820891.1,true,495000,500000,5000,495000
json,order,59,17,393,474,716,3301,397.6,349,11527,62.0,0.155864,1.2061,1.8219,8.3995,667,710,761,3711,670.3,619,19455,89.8,0.134033,1.0645,1.1409,5.5637,1061,1153,3811,4255,1067.9,987,19855,110.2,0.103188,0.014138,1.0867,3.5919,4.0104,202.0,202.1,193,209,946626.4,191338235.0,true,495000,500000,5000,495000
json,order,60,18,409,489,744,3431,413.7,348,12895,80.5,0.194601,1.1956,1.8191,8.3888,665,708,760,3827,668.7,614,12015,92.3,0.138055,1.0647,1.1429,5.7549,1075,1166,3793,5115,1082.4,987,13735,123.9,0.114430,0.013953,1.0847,3.5284,4.7581,202.0,202.1,193,209,947902.8,191597644.4,true,495000,500000,5000,495000
json,order,61,19,394,474,707,3443,398.0,347,19279,76.1,0.191091,1.2030,1.7944,8.7386,667,711,765,3831,670.7,616,19167,105.0,0.156589,1.0660,1.1469,5.7436,1062,1154,3835,4471,1068.7,983,20127,130.8,0.122349,0.014124,1.0866,3.6111,4.2100,202.0,202.1,193,209,944239.8,190861948.0,true,495000,500000,5000,495000
json,order,62,20,406,486,733,3273,410.6,354,5463,61.9,0.150665,1.1970,1.8054,8.0616,670,720,800,3693,673.3,613,18591,88.7,0.131776,1.0746,1.1940,5.5119,1077,1174,3783,4339,1084.0,994,19007,109.3,0.100830,0.014856,1.0901,3.5125,4.0288,202.0,202.1,193,209,938853.8,189767277.7,true,495000,500000,5000,495000
json,order,63,21,406,487,734,3199,410.0,347,5059,61.1,0.148987,1.1995,1.8079,7.8793,666,712,847,3535,669.7,615,12887,78.7,0.117479,1.0691,1.2718,5.3078,1073,1171,3747,4027,1079.7,980,13287,101.1,0.093646,0.013979,1.0913,3.4921,3.7530,202.0,202.1,193,209,944658.7,190945112.9,true,495000,500000,5000,495000
json,order,64,22,406,487,731,3589,410.4,353,18255,91.9,0.223886,1.1995,1.8005,8.8399,668,711,766,3989,671.3,618,17455,98.1,0.146119,1.0644,1.1467,5.9716,1074,1168,3853,7391,1081.7,997,19087,135.7,0.125413,0.013966,1.0875,3.5875,6.8818,202.0,202.1,193,209,945323.9,191076257.7,true,495000,500000,5000,495000
json,order,65,23,409,489,733,3317,412.9,363,11487,66.2,0.160365,1.1956,1.7922,8.1100,674,724,777,3677,677.5,615,18623,89.2,0.131722,1.0742,1.1528,5.4555,1084,1178,3795,4267,1090.3,1003,19039,112.6,0.103278,0.014760,1.0867,3.5009,3.9363,202.0,202.1,193,209,939483.2,189899641.2,true,495000,500000,5000,495000
json,order,66,24,394,475,725,3473,398.4,346,17983,81.5,0.204474,1.2056,1.8401,8.8147,668,713,768,3925,671.2,615,20831,98.1,0.146141,1.0674,1.1497,5.8757,1063,1156,3741,5215,1069.6,986,21231,129.2,0.120758,0.014111,1.0875,3.5193,4.9059,202.0,202.1,193,209,946649.6,191347790.3,true,495000,500000,5000,495000
json,order,67,25,395,475,708,3253,399.0,347,12911,64.9,0.162718,1.2025,1.7924,8.2354,666,706,757,3573,668.3,619,11415,75.7,0.113216,1.0601,1.1366,5.3649,1061,1152,3673,4077,1067.3,985,13823,100.9,0.094560,0.014138,1.0858,3.4618,3.8426,202.0,202.1,193,209,946874.3,191389248.7,true,495000,500000,5000,495000
json,order,68,26,405,485,727,3487,409.8,342,9503,66.5,0.162254,1.1975,1.7951,8.6099,667,712,830,3863,670.2,615,11855,85.8,0.128064,1.0675,1.2444,5.7916,1073,1166,3965,4495,1080.0,997,12247,110.8,0.102556,0.013979,1.0867,3.6952,4.1892,202.0,202.1,193,209,946791.9,191371150.6,true,495000,500000,5000,495000
json,order,69,27,394,474,728,3287,398.1,345,32303,83.6,0.209976,1.2030,1.8477,8.3426,671,724,777,3695,675.0,619,32415,93.3,0.138173,1.0790,1.1580,5.5067,1066,1162,3825,4311,1073.2,979,33151,126.8,0.118120,0.015947,1.0901,3.5882,4.0441,202.0,202.1,193,209,945758.0,191169461.0,true,495000,500000,5000,495000
json,order,70,28,406,485,743,3251,410.2,348,12423,65.5,0.159580,1.1946,1.8300,8.0074,667,714,794,3615,670.6,615,11407,77.0,0.114845,1.0705,1.1904,5.4198,1074,1171,3765,4115,1080.8,998,13311,102.6,0.094963,0.013966,1.0903,3.5056,3.8315,202.0,202.1,193,209,943973.7,190806130.9,true,495000,500000,5000,495000
json,order,71,29,394,473,723,3263,398.5,348,17519,70.3,0.176402,1.2005,1.8350,8.2817,667,709,771,3597,670.1,615,6043,75.0,0.111937,1.0630,1.1559,5.3928,1062,1155,3783,4111,1068.6,986,18527,104.2,0.097550,0.014124,1.0876,3.5621,3.8710,202.0,202.1,193,209,943361.4,190676325.4,true,495000,500000,5000,495000
json,tick,42,0,341,402,483,3013,343.4,312,11503,57.7,0.168065,1.1789,1.4164,8.8358,532,562,581,3253,534.3,491,10999,67.0,0.125410,1.0564,1.0921,6.1147,874,937,1253,3721,877.7,815,12087,89.1,0.101536,0.012586,1.0721,1.4336,4.2574,179.0,178.5,173,181,1094646.8,195435877.9,true,995000,1000000,5000,995000
json,tick,43,1,377,438,527,3041,379.5,328,9207,57.3,0.150919,1.1618,1.3979,8.0663,535,563,577,3215,536.7,492,14543,65.2,0.121471,1.0523,1.0785,6.0093,912,976,1304,3667,916.2,833,14911,87.3,0.095285,0.012061,1.0702,1.4298,4.0208,179.0,178.5,173,181,1129599.9,201678275.3,true,995000,1000000,5000,995000
json,tick,44,2,341,402,491,3027,343.4,313,11407,54.4,0.158418,1.1789,1.4399,8.8768,532,562,578,3243,533.9,488,8027,65.3,0.122310,1.0564,1.0865,6.0959,874,938,1259,3663,877.3,812,12031,85.6,0.097593,0.012586,1.0732,1.4405,4.1911,179.0,178.5,173,181,1074970.4,191926254.1,true,995000,1000000,5000,995000
json,tick,45,3,375,438,529,3159,378.2,326,327935,335.5,0.887200,1.1680,1.4107,8.4240,537,565,585,3379,538.5,487,20351,75.1,0.139514,1.0521,1.0894,6.2924,913,980,1302,3931,916.7,829,329215,344.7,0.376046,0.012048,1.0734,1.4261,4.3056,179.0,178.5,173,181,1124398.3,200749582.5,true,995000,1000000,5000,995000
json,tick,46,4,368,429,509,3129,370.2,331,10367,55.2,0.149045,1.1658,1.3832,8.5027,535,565,583,3331,536.6,490,18111,68.8,0.128192,1.0561,1.0897,6.2262,903,967,1284,3795,906.8,840,18463,89.0,0.098180,0.013289,1.0709,1.4219,4.2027,179.0,178.5,173,181,1089478.9,194512243.2,true,995000,1000000,5000,995000
json,tick,47,5,344,404,478,3197,345.7,314,14239,62.5,0.180861,1.1744,1.3895,9.2936,532,562,579,3489,534.5,486,14495,75.6,0.141439,1.0564,1.0883,6.5583,876,940,1234,4009,880.2,817,14863,98.7,0.112128,0.012557,1.0731,1.4087,4.5765,179.0,178.5,173,181,1093938.5,195309921.9,true,995000,1000000,5000,995000
json,tick,48,6,364,425,520,3103,366.4,322,17135,61.0,0.166486,1.1676,1.4286,8.5247,534,562,576,3315,535.4,489,23871,72.4,0.135213,1.0524,1.0787,6.2079,898,961,1289,3851,901.8,826,24223,95.4,0.105753,0.013363,1.0702,1.4354,4.2884,179.0,178.5,173,181,1094731.7,195451848.4,true,995000,1000000,5000,995000
json,tick,49,7,341,403,484,3057,343.7,314,19775,59.0,0.171757,1.1818,1.4194,8.9648,532,562,588,3255,533.9,489,18703,72.3,0.135381,1.0564,1.1053,6.1184,874,938,1244,3745,877.6,815,20511,93.9,0.106975,0.012586,1.0732,1.4233,4.2849,179.0,178.5,173,181,1095549.4,195598708.6,true,995000,1000000,5000,995000
json,tick,50,8,341,403,485,3141,343.9,313,18863,57.8,0.168145,1.1818,1.4223,9.2111,532,562,584,3363,533.9,490,11167,67.9,0.127146,1.0564,1.0977,6.3214,874,939,1254,3779,877.8,813,19567,89.9,0.102476,0.013730,1.0744,1.4348,4.3238,179.0,178.5,173,181,1095228.7,195541381.0,true,995000,1000000,5000,995000
json,tick,51,9,341,402,492,3175,343.4,314,11215,59.0,0.171800,1.1789,1.4428,9.3109,532,562,580,3471,534.0,489,20063,77.1,0.144464,1.0564,1.0902,6.5244,874,937,1259,3963,877.4,813,20399,97.8,0.111437,0.012586,1.0721,1.4405,4.5343,179.0,178.5,173,181,1094168.4,195351212.7,true,995000,1000000,5000,995000
json,tick,52,10,377,439,537,3213,380.2,320,17967,69.8,0.183543,1.1645,1.4244,8.5225,534,563,620,3357,536.2,489,18191,76.2,0.142107,1.0543,1.1610,6.2865,912,979,1309,3929,916.4,825,18591,104.0,0.113544,0.013158,1.0735,1.4353,4.3081,179.0,178.5,173,181,1132424.3,202179984.1,true,995000,1000000,5000,995000
json,tick,53,11,344,405,488,3101,346.4,313,11135,55.3,0.159557,1.1773,1.4186,9.0145,532,561,574,3345,533.5,488,13559,68.2,0.127767,1.0545,1.0789,6.2876,876,940,1245,3789,880.0,818,13903,88.2,0.100287,0.013699,1.0731,1.4212,4.3253,179.0,178.5,173,181,1078969.9,192639135.9,true,995000,1000000,5000,995000
json,tick,54,12,341,403,482,3283,343.2,312,13167,59.2,0.172413,1.1818,1.4135,9.6276,533,563,586,3467,534.7,487,18207,72.0,0.134655,1.0563,1.0994,6.5047,874,940,1235,3921,877.9,812,18527,93.9,0.106935,0.012586,1.0755,1.4130,4.4863,179.0,178.5,173,181,1089473.9,194514367.0,true,995000,1000000,5000,995000
json,tick,55,13,341,402,479,3085,343.3,313,17887,59.5,0.173252,1.1789,1.4047,9.0469,532,562,578,3407,534.1,487,32351,85.2,0.159563,1.0564,1.0865,6.4041,874,936,1241,3853,877.4,814,32687,104.4,0.119017,0.012586,1.0709,1.4199,4.4085,179.0,178.5,173,181,1095358.1,195565574.3,true,995000,1000000,5000,995000
json,tick,56,14,341,403,506,3101,346.3,312,367359,907.7,2.621406,1.1818,1.4839,9.0938,532,562,576,3383,535.4,485,368383,697.5,1.302716,1.0564,1.0827,6.3590,874,937,1301,3897,881.7,811,369151,1146.7,1.300647,0.012586,1.0721,1.4886,4.4588,179.0,178.5,173,181,1095765.3,195635826.4,true,995000,1000000,5000,995000
json,tick,57,15,364,426,519,3253,366.6,324,13607,63.8,0.174119,1.1703,1.4258,8.9368,534,563,590,3445,535.7,488,17743,81.4,0.151984,1.0543,1.1049,6.4513,898,964,1281,4111,902.3,826,18111,104.2,0.115483,0.012249,1.0735,1.4265,4.5780,179.0,178.5,173,181,1095361.2,195564801.6,true,995000,1000000,5000,995000
json,tick,58,16,342,403,483,3109,344.2,314,9815,57.7,0.167616,1.1784,1.4123,9.0906,532,563,683,3371,534.6,486,12047,69.6,0.130169,1.0583,1.2838,6.3365,875,943,1255,3823,878.8,815,12391,92.1,0.104814,0.012571,1.0777,1.4343,4.3691,179.0,178.5,173,181,1094654.5,195437947.1,true,995000,1000000,5000,995000
json,tick,59,17,377,439,527,3271,379.8,320,18271,66.4,0.174915,1.1645,1.3979,8.6764,534,562,583,3499,535.8,477,19343,82.0,0.153016,1.0524,1.0918,6.5524,911,975,1311,4111,915.6,811,19727,106.1,0.115863,0.012075,1.0703,1.4391,4.5126,179.0,178.5,173,181,1130946.4,201919480.6,true,995000,1000000,5000,995000
json,tick,60,18,341,403,483,3159,343.8,313,16623,58.0,0.168842,1.1818,1.4164,9.2639,532,562,612,3403,534.0,487,18335,76.1,0.142497,1.0564,1.1504,6.3966,874,941,1249,3877,877.8,813,18655,96.3,0.109677,0.012586,1.0767,1.4291,4.4359,179.0,178.5,173,181,1095094.1,195516213.8,true,995000,1000000,5000,995000
json,tick,61,19,364,425,508,3045,366.2,327,5535,53.7,0.146700,1.1676,1.3956,8.3654,534,564,579,3239,535.8,485,12103,66.2,0.123461,1.0562,1.0843,6.0655,898,962,1280,3669,902.1,834,12463,85.9,0.095210,0.013363,1.0713,1.4254,4.0857,179.0,178.5,173,181,1095016.4,195504643.5,true,995000,1000000,5000,995000
json,tick,62,20,341,402,480,3087,343.2,313,7487,52.7,0.153705,1.1789,1.4076,9.0528,532,562,579,3315,533.9,484,11423,66.1,0.123832,1.0564,1.0883,6.2312,873,937,1243,3699,877.1,812,11751,85.1,0.097039,0.012600,1.0733,1.4238,4.2371,179.0,178.5,173,181,1095005.2,195501410.3,true,995000,1000000,5000,995000
json,tick,63,21,341,402,485,3195,343.6,312,17151,61.4,0.178646,1.1789,1.4223,9.3695,532,562,579,3491,534.4,480,17807,79.9,0.149560,1.0564,1.0883,6.5620,874,938,1254,4011,877.9,812,18143,101.3,0.115395,0.012586,1.0732,1.4348,4.5892,179.0,178.5,173,181,1094579.4,195424993.9,true,995000,1000000,5000,995000
json,tick,64,22,367,425,517,3113,368.7,340,7983,53.7,0.145729,1.1580,1.4087,8.4823,528,557,575,3305,529.8,479,8791,65.4,0.123441,1.0549,1.0890,6.2595,895,957,1273,3727,898.5,840,9159,85.2,0.094773,0.011173,1.0693,1.4223,4.1642,179.0,178.5,173,181,1067553.0,190600553.8,true,995000,1000000,5000,995000
json,tick,65,23,341,402,479,3117,343.1,313,12015,55.1,0.160578,1.1789,1.4047,9.1408,533,563,581,3369,534.6,487,16559,70.2,0.131288,1.0563,1.0901,6.3208,874,937,1239,3781,877.7,812,16895,89.7,0.102250,0.012586,1.0721,1.4176,4.3261,179.0,178.5,173,181,1089552.7,194527190.6,true,995000,1000000,5000,995000
json,tick,66,24,375,436,522,3069,377.8,324,17679,61.1,0.161582,1.1627,1.3920,8.1840,534,563,579,3259,535.8,486,19327,75.8,0.141516,1.0543,1.0843,6.1030,910,973,1300,3851,913.7,836,19679,97.9,0.107137,0.013187,1.0692,1.4286,4.2319,179.0,178.5,173,181,1132308.2,202161543.9,true,995000,1000000,5000,995000
json,tick,67,25,341,403,491,3033,344.4,312,356607,562.9,1.634598,1.1818,1.4399,8.8944,532,562,587,3333,536.8,488,338687,903.9,1.683809,1.0564,1.1034,6.2650,874,938,1293,3877,881.2,811,357887,1066.7,1.210493,0.012586,1.0732,1.4794,4.4359,179.0,178.5,173,181,1095586.4,195606309.2,true,995000,1000000,5000,995000
json,tick,68,26,342,404,489,3025,344.3,312,17919,58.6,0.170119,1.1813,1.4298,8.8450,535,567,582,3289,536.4,485,18687,71.1,0.132523,1.0598,1.0879,6.1477,877,941,1244,3763,880.7,816,19023,92.6,0.105166,0.013683,1.0730,1.4185,4.2908,179.0,178.5,173,181,1092658.5,195082901.4,true,995000,1000000,5000,995000
json,tick,69,27,381,443,534,3059,382.5,324,11391,58.1,0.152001,1.1627,1.4016,8.0289,534,564,582,3253,536.1,490,18895,72.4,0.135008,1.0562,1.0899,6.0918,915,982,1306,3771,918.6,824,19295,93.6,0.101840,0.016393,1.0732,1.4273,4.1213,179.0,178.5,173,181,1131881.8,202084501.0,true,995000,1000000,5000,995000
json,tick,70,28,372,433,521,3091,374.6,328,17951,65.1,0.173814,1.1640,1.4005,8.3091,534,562,578,3341,535.8,487,26767,81.3,0.151661,1.0524,1.0824,6.2566,906,970,1290,3867,910.4,827,27135,104.7,0.114954,0.013245,1.0706,1.4238,4.2682,179.0,178.5,173,181,1132678.1,202227642.0,true,995000,1000000,5000,995000
json,tick,71,29,377,438,528,3093,379.1,322,10919,60.1,0.158482,1.1618,1.4005,8.2042,541,579,597,3363,543.9,492,19999,78.9,0.145122,1.0702,1.1035,6.2163,919,983,1305,3913,923.0,825,20383,99.5,0.107763,0.014146,1.0696,1.4200,4.2579,179.0,178.5,173,181,1126541.4,201131677.3,true,995000,1000000,5000,995000
protobuf,book_large,42,0,3991,4763,7319,9631,4002.9,3140,13799,439.0,0.109674,1.1934,1.8339,2.4132,6607,7583,10351,16071,6614.5,5452,37471,625.7,0.094589,1.1477,1.5667,2.4324,10607,12447,15119,20335,10616.8,8680,41951,997.6,0.093966,0.075233,1.1735,1.4254,1.9171,1838.0,1837.7,1414,2224,97213.4,178651339.9,true,95000,100000,5000,95000
protobuf,book_large,43,1,3999,4815,7327,11335,4004.6,3124,25599,458.9,0.114597,1.2041,1.8322,2.8345,6467,7499,10295,15023,6483.5,5320,24719,614.8,0.094823,1.1596,1.5919,2.3230,10471,12335,15039,22831,10487.6,8504,33247,995.9,0.094963,0.075351,1.1780,1.4363,2.1804,1838.0,1838.9,1414,2224,97155.2,178662456.4,true,95000,100000,5000,95000
protobuf,book_large,44,2,3975,4747,7347,9687,3992.3,3090,16247,440.1,0.110241,1.1942,1.8483,2.4370,6447,7511,10191,14071,6463.8,5328,21711,604.8,0.093564,1.1650,1.5807,2.1826,10431,12311,14919,19423,10455.6,8496,26271,984.6,0.094173,0.076503,1.1802,1.4303,1.8620,1839.0,1838.9,1413,2224,96877.5,178148804.2,true,95000,100000,5000,95000
protobuf,book_large,45,3,3979,4747,7319,11327,3990.6,3094,22495,448.7,0.112434,1.1930,1.8394,2.8467,6411,7415,10255,14503,6431.2,5352,24127,613.3,0.095362,1.1566,1.5996,2.2622,10399,12247,14951,21711,10421.3,8496,29711,992.1,0.095200,0.076546,1.1777,1.4377,2.0878,1838.0,1838.2,1414,2224,97480.8,179189495.6,true,95000,100000,5000,95000
protobuf,book_large,46,4,3947,4723,7251,9767,3958.2,3096,35487,446.4,0.112768,1.1966,1.8371,2.4745,6451,7479,10167,13599,6474.5,5292,38911,609.3,0.094108,1.1594,1.5760,2.1080,10415,12247,14823,19855,10432.2,8504,43167,987.3,0.094641,0.075852,1.1759,1.4232,1.9064,1838.0,1837.9,1414,2224,96936.5,178158744.4,true,95000,100000,5000,95000
protobuf,book_large,47,5,3959,4731,7499,8991,3971.3,3102,13911,440.3,0.110873,1.1950,1.8942,2.2710,6495,7499,10415,12511,6507.8,5324,17423,604.6,0.092904,1.1546,1.6035,1.9263,10463,12407,15167,18527,10478.6,8544,21887,981.6,0.093673,0.075791,1.1858,1.4496,1.7707,1839.0,1837.9,1414,2224,97445.9,179096941.6,true,95000,100000,5000,95000
protobuf,book_large,48,6,3953,4775,7343,10047,3968.7,3046,22287,454.6,0.114546,1.2079,1.8576,2.5416,6463,7523,10279,16463,6486.9,5316,39711,634.3,0.097780,1.1640,1.5904,2.5473,10423,12359,15039,21231,10455.1,8464,44031,1017.3,0.097299,0.076466,1.1857,1.4429,2.0369,1837.0,1837.5,1413,2224,97059.5,178350833.9,true,95000,100000,5000,95000
protobuf,book_large,49,7,3963,4727,7259,9575,3973.2,3092,15823,429.6,0.108128,1.1928,1.8317,2.4161,6455,7483,10127,13711,6470.1,5304,20799,605.8,0.093633,1.1593,1.5689,2.1241,10431,12271,14759,19039,10442.8,8504,24575,975.5,0.093410,0.076407,1.1764,1.4149,1.8252,1840.0,1839.2,1414,2224,97196.1,178759365.7,true,95000,100000,5000,95000
protobuf,book_large,50,8,3949,4775,7331,8903,3963.8,3082,12983,448.6,0.113183,1.2092,1.8564,2.2545,6587,7611,10407,13871,6602.4,5532,25823,608.9,0.092228,1.1555,1.5799,2.1058,10551,12463,15079,19503,10565.6,8720,30255,996.5,0.094313,0.074874,1.1812,1.4292,1.8485,1838.0,1837.4,1413,2224,97474.4,179098074.1,true,95000,100000,5000,95000
protobuf,book_large,51,9,3971,4735,7275,14591,3982.8,3104,21807,453.9,0.113968,1.1924,1.8320,3.6744,6431,7459,10119,11383,6447.2,5296,25103,607.0,0.094150,1.1599,1.5735,1.7700,10407,12263,14775,27327,10429.5,8512,29343,984.4,0.094389,0.075046,1.1783,1.4197,2.6258,1838.0,1837.5,1413,2224,97340.8,178864265.3,true,95000,100000,5000,95000
protobuf,book_large,52,10,3975,4751,7251,8011,3989.0,3116,34783,448.0,0.112316,1.1952,1.8242,2.0153,6527,7523,10247,11423,6542.0,5436,38335,615.2,0.094032,1.1526,1.5699,1.7501,10511,12335,14871,19599,10530.5,8640,42303,994.4,0.094432,0.076777,1.1735,1.4148,1.8646,1839.0,1838.8,1414,2224,97305.4,178924127.7,true,95000,100000,5000,95000
protobuf,book_large,53,11,4119,4731,7307,8139,4103.8,3114,13143,366.3,0.089262,1.1486,1.7740,1.9760,6463,7487,10111,11431,6474.0,5304,37951,630.0,0.097316,1.1584,1.5644,1.7687,10599,12343,14783,19823,10577.3,8600,42303,921.4,0.087111,0.067082,1.1645,1.3948,1.8703,1838.0,1838.3,1413,2224,97328.3,178918833.1,true,95000,100000,5000,95000
protobuf,book_large,54,12,3963,4771,7295,7871,3976.7,3070,20895,452.8,0.113851,1.2039,1.8408,1.9861,6451,7591,10263,11391,6483.9,5300,33023,624.2,0.096266,1.1767,1.5909,1.7658,10423,12407,14935,18127,10460.1,8440,37279,1014.9,0.097025,0.076753,1.1903,1.4329,1.7391,1838.0,1838.6,1414,2224,97308.6,178913723.0,true,95000,100000,5000,95000
protobuf,book_large,55,13,3961,4751,7279,8083,3970.7,3066,20495,445.8,0.112261,1.1994,1.8377,2.0406,6447,7519,10271,20639,6470.2,5308,39807,662.4,0.102375,1.1663,1.5931,3.2013,10423,12319,14911,26271,10440.4,8408,44191,1027.9,0.098453,0.077521,1.1819,1.4306,2.5205,1838.0,1838.2,1413,2224,97372.9,178993590.7,true,95000,100000,5000,95000
protobuf,book_large,56,14,3983,4827,7247,10351,3997.9,3108,35327,477.4,0.119403,1.2119,1.8195,2.5988,6455,8767,13743,14543,6488.4,5300,34719,733.6,0.113067,1.3582,2.1290,2.2530,10447,13415,20527,23983,10485.8,8456,42655,1133.2,0.108074,0.075141,1.2841,1.9649,2.2957,1839.0,1838.7,1413,2224,97388.6,179063716.2,true,95000,100000,5000,95000
protobuf,book_large,57,15,3967,4735,7275,15895,3993.8,3116,346623,2224.8,0.557064,1.1936,1.8339,4.0068,6403,7403,10231,38751,6448.7,5324,376575,3275.8,0.507986,1.1562,1.5978,6.0520,10383,12255,14855,353279,10442.0,8520,380415,4123.9,0.394930,0.075315,1.1803,1.4307,34.0248,1838.0,1838.4,1414,2224,97362.4,178988427.4,true,95000,100000,5000,95000
protobuf,book_large,58,16,3961,4731,7211,7815,3973.0,3112,20767,425.2,0.107026,1.1944,1.8205,1.9730,6439,7467,10111,12431,6454.4,5280,25183,608.9,0.094332,1.1597,1.5703,1.9306,10415,12255,14751,17103,10426.9,8512,29247,973.9,0.093404,0.075276,1.1767,1.4163,1.6422,1838.0,1838.5,1413,2224,96909.0,178162433.3,true,95000,100000,5000,95000
protobuf,book_large,59,17,3981,4739,7355,8687,3987.7,3092,14575,435.7,0.109264,1.1904,1.8475,2.1821,6431,7459,10215,13399,6444.8,5292,25663,606.2,0.094054,1.1599,1.5884,2.0835,10423,12287,14887,19199,10432.0,8504,29279,980.1,0.093952,0.075698,1.1788,1.4283,1.8420,1838.0,1837.8,1414,2224,97303.0,178822491.4,true,95000,100000,5000,95000
protobuf,book_large,60,18,3977,4735,7391,8567,3985.9,3126,21999,444.0,0.111383,1.1906,1.8584,2.1541,6463,7487,10263,11991,6475.3,5320,25471,607.2,0.093779,1.1584,1.5880,1.8553,10447,12311,14919,21743,10460.7,8512,29903,981.9,0.093861,0.074758,1.1784,1.4281,2.0813,1840.0,1839.6,1413,2224,97019.9,178474805.2,true,95000,100000,5000,95000
protobuf,book_large,61,19,3949,4879,7455,9591,3980.9,3058,35135,497.0,0.124841,1.2355,1.8878,2.4287,6487,8887,13935,16479,6550.3,5308,25215,754.9,0.115246,1.3700,2.1481,2.5403,10447,13623,20767,23471,10530.7,8408,42527,1178.3,0.111889,0.082416,1.3040,1.9878,2.2467,1838.0,1838.2,1413,2224,97134.7,178552264.9,true,95000,100000,5000,95000
protobuf,book_large,62,20,3957,4735,7263,7875,3971.1,3112,29679,437.3,0.110129,1.1966,1.8355,1.9901,6427,7467,10159,11023,6441.5,5316,19503,595.0,0.092367,1.1618,1.5807,1.7151,10391,12247,14807,15591,10412.1,8480,37599,973.2,0.093464,0.075835,1.1786,1.4250,1.5004,1838.0,1837.4,1414,2224,97338.8,178854196.1,true,95000,100000,5000,95000
protobuf,book_large,63,21,3957,4715,7263,8043,3966.0,3086,35423,437.6,0.110343,1.1916,1.8355,2.0326,6435,7475,10111,11047,6448.2,5296,24175,605.8,0.093949,1.1616,1.5713,1.7167,10399,12239,14703,16087,10413.7,8472,42975,979.5,0.094059,0.075777,1.1769,1.4139,1.5470,1838.0,1837.7,1414,2224,97306.4,178819590.1,true,95000,100000,5000,95000
protobuf,book_large,64,22,3953,4775,7211,7891,3976.1,3088,21007,442.5,0.111292,1.2079,1.8242,1.9962,6487,7555,10191,10927,6508.0,5316,11951,607.4,0.093334,1.1646,1.5710,1.6844,10447,12343,14839,15775,10483.6,8480,28591,994.9,0.094898,0.075141,1.1815,1.4204,1.5100,1838.0,1838.0,1413,2224,97469.4,179148275.6,true,95000,100000,5000,95000
protobuf,book_large,65,23,4029,4963,7351,8075,4036.3,3060,9511,466.5,0.115586,1.2318,1.8245,2.0042,6463,7547,10255,11319,6485.5,5296,19231,609.6,0.093996,1.1677,1.5867,1.7514,10503,12543,15111,15991,10521.3,8424,23519,1018.2,0.096773,0.073693,1.1942,1.4387,1.5225,1840.0,1838.6,1414,2224,97192.3,178696803.8,true,95000,100000,5000,95000
protobuf,book_large,66,24,3941,4727,7371,12279,3956.6,3100,21647,457.4,0.115591,1.1994,1.8703,3.1157,6455,7487,10215,14143,6466.5,5280,24783,620.2,0.095903,1.1599,1.5825,2.1910,10407,12263,14919,25807,10422.6,8456,28991,1003.7,0.096295,0.076967,1.1783,1.4336,2.4798,1838.0,1837.9,1413,2224,95783.4,176037435.7,true,95000,100000,5000,95000
protobuf,book_large,67,25,3961,4747,7419,7927,3974.4,3092,17439,436.2,0.109749,1.1984,1.8730,2.0013,6459,7511,10231,12279,6482.4,5292,38559,611.4,0.094321,1.1629,1.5840,1.9011,10431,12335,14911,16719,10456.3,8464,42015,981.3,0.093847,0.074873,1.1825,1.4295,1.6028,1838.0,1837.0,1413,2224,97384.8,178897494.0,true,95000,100000,5000,95000
protobuf,book_large,68,26,3941,4747,7227,7863,3958.4,3068,34847,450.4,0.113773,1.2045,1.8338,1.9952,6471,7531,10295,11671,6485.7,5284,23631,614.8,0.094788,1.1638,1.5909,1.8036,10415,12335,14871,16655,10443.6,8416,41407,1002.6,0.095999,0.077100,1.1843,1.4278,1.5991,1840.0,1838.8,1414,2224,96979.2,178323121.1,true,95000,100000,5000,95000
protobuf,book_large,69,27,3959,4763,7307,7919,3974.0,3090,12695,445.3,0.112057,1.2031,1.8457,2.0003,6455,7531,10271,13031,6484.0,5300,38271,646.9,0.099766,1.1667,1.5912,2.0187,10423,12367,14911,17695,10457.4,8456,42495,1023.9,0.097909,0.077329,1.1865,1.4306,1.6977,1835.0,1837.1,1413,2224,97367.8,178878631.1,true,95000,100000,5000,95000
protobuf,book_large,70,28,3977,4751,7383,9543,3988.8,3106,34719,464.3,0.116392,1.1946,1.8564,2.3995,6507,7495,10279,12111,6514.4,5424,38431,618.2,0.094895,1.1518,1.5797,1.8612,10495,12335,14959,23999,10502.7,8632,42783,1002.9,0.095491,0.076036,1.1753,1.4253,2.2867,1840.0,1838.0,1413,2224,97309.4,178850961.3,true,95000,100000,5000,95000
protobuf,book_large,71,29,3971,4731,7307,9879,3983.6,3086,21599,442.5,0.111081,1.1914,1.8401,2.4878,6411,7411,10151,11159,6433.5,5348,25231,596.9,0.092776,1.1560,1.5834,1.7406,10391,12239,14807,20159,10416.6,8488,29663,973.9,0.093494,0.074391,1.1778,1.4250,1.9400,1838.0,1838.7,1413,2224,97286.5,178878536.9,true,95000,100000,5000,95000
protobuf,book_medium,42,0,1028,1194,1506,6299,1039.0,933,20399,140.0,0.134725,1.1615,1.4650,6.1274,1907,1991,4807,8687,1916.2,1681,20479,202.4,0.105605,1.0440,2.5207,4.5553,2939,3163,5911,11791,2955.8,2692,22527,251.3,0.085031,0.012930,1.0762,2.0112,4.0119,458.0,447.0,413,464,359286.1,160615230.1,true,95000,100000,5000,95000
protobuf,book_medium,43,1,1026,1216,3811,6387,1037.9,928,9335,129.5,0.124787,1.1852,3.7144,6.2251,1906,1990,4803,7663,1914.1,1670,15767,161.1,0.084141,1.0441,2.5199,4.0205,2937,3179,5907,9975,2952.5,2698,16751,211.5,0.071624,0.012598,1.0824,2.0112,3.3963,458.0,447.1,413,464,359384.6,160672666.5,true,95000,100000,5000,95000
protobuf,book_medium,44,2,1025,1189,1474,4083,1034.9,931,7699,100.9,0.097526,1.1600,1.4380,3.9834,1907,1995,4959,8183,1916.4,1713,12615,169.4,0.088400,1.0461,2.6004,4.2910,2937,3165,6019,9447,2951.8,2706,13639,200.2,0.067813,0.012598,1.0776,2.0494,3.2165,458.0,447.2,413,464,359780.6,160880048.5,true,95000,100000,5000,95000
protobuf,book_medium,45,3,1026,1196,3559,5007,1037.8,929,7279,112.0,0.107894,1.1657,3.4688,4.8801,1905,1989,4747,7307,1913.7,1703,18719,162.6,0.084959,1.0441,2.4919,3.8357,2937,3161,5835,10623,2952.0,2692,19775,202.8,0.068685,0.012938,1.0763,1.9867,3.6170,458.0,447.2,413,464,359511.0,160765813.2,true,95000,100000,5000,95000
protobuf,book_medium,46,4,1033,1180,3615,5023,1044.7,939,7539,111.0,0.106232,1.1423,3.4995,4.8625,1908,1994,4751,7323,1916.2,1801,13855,152.0,0.079311,1.0451,2.4900,3.8381,2945,3153,5835,9263,2961.4,2790,14903,193.6,0.065372,0.012224,1.0706,1.9813,3.1453,458.0,447.1,413,464,357016.6,159627627.7,true,95000,100000,5000,95000
protobuf,book_medium,47,5,1027,1201,2771,5811,1038.6,931,8295,119.8,0.115321,1.1694,2.6981,5.6582,1948,2039,4939,7015,1957.0,1853,12631,155.2,0.079301,1.0467,2.5354,3.6011,2979,3229,6023,9343,2996.1,2816,13655,202.9,0.067708,0.012756,1.0839,2.0218,3.1363,458.0,447.1,413,464,355727.1,159051318.5,true,95000,100000,5000,95000
protobuf,book_medium,48,6,1026,1187,2387,5811,1037.2,930,13927,120.3,0.115949,1.1569,2.3265,5.6637,1909,1997,4811,7303,1917.8,1682,13991,157.7,0.082238,1.0461,2.5202,3.8256,2939,3159,5891,8759,2955.5,2650,15975,201.9,0.068326,0.012930,1.0749,2.0044,2.9803,458.0,447.1,413,464,358938.5,160474851.0,true,95000,100000,5000,95000
protobuf,book_medium,49,7,1031,1209,3737,5747,1042.8,938,8215,117.9,0.113102,1.1726,3.6246,5.5742,1913,1997,4755,7395,1920.9,1799,15631,150.3,0.078247,1.0439,2.4856,3.8657,2949,3181,5855,9271,2964.2,2798,16671,195.2,0.065853,0.012547,1.0787,1.9854,3.1438,458.0,447.0,413,464,349363.2,156156049.1,true,95000,100000,5000,95000
protobuf,book_medium,50,8,1028,1190,2665,5159,1039.4,932,7583,111.8,0.107553,1.1576,2.5924,5.0185,1907,1991,4799,7647,1915.7,1687,9079,154.2,0.080515,1.0440,2.5165,4.0100,2941,3157,5895,9471,2955.5,2704,12047,197.5,0.066815,0.012581,1.0734,2.0044,3.2203,458.0,447.1,413,464,357681.2,159927002.0,true,95000,100000,5000,95000
protobuf,book_medium,51,9,1028,1190,3711,4287,1038.8,928,12567,117.0,0.112641,1.1576,3.6099,4.1702,1908,1993,4779,5999,1916.3,1803,14703,149.1,0.077821,1.0445,2.5047,3.1441,2941,3157,5851,7531,2955.5,2780,15727,191.6,0.064840,0.012921,1.0734,1.9895,2.5607,458.0,447.2,413,464,359116.5,160586760.1,true,95000,100000,5000,95000
protobuf,book_medium,52,10,1024,1192,3759,4223,1035.5,926,13239,117.3,0.113254,1.1641,3.6709,4.1240,1906,1991,4851,5935,1914.2,1691,7487,137.3,0.071704,1.0446,2.5451,3.1139,2935,3159,5915,7171,2950.1,2660,15375,184.2,0.062454,0.012606,1.0763,2.0153,2.4433,458.0,447.2,413,464,358019.1,160100573.7,true,95000,100000,5000,95000
protobuf,book_medium,53,11,1029,1199,3723,4403,1040.9,929,12199,118.7,0.114076,1.1652,3.6181,4.2789,1906,1994,4843,6171,1914.7,1704,19407,163.3,0.085295,1.0462,2.5409,3.2377,2941,3167,5931,7415,2956.1,2714,20415,203.5,0.068836,0.012921,1.0768,2.0167,2.5213,458.0,447.0,413,464,358241.9,160145308.3,true,95000,100000,5000,95000
protobuf,book_medium,54,12,1025,1193,3619,4091,1036.4,928,7271,106.2,0.102461,1.1639,3.5307,3.9912,1906,1992,4791,5835,1913.7,1681,13191,142.9,0.074668,1.0451,2.5136,3.0614,2937,3171,5867,6979,2950.7,2698,14175,179.3,0.060768,0.012938,1.0797,1.9976,2.3762,458.0,447.1,413,464,359565.2,160766147.1,true,95000,100000,5000,95000
protobuf,book_medium,55,13,1027,1196,3507,5647,1038.5,925,7203,110.5,0.106381,1.1646,3.4148,5.4985,1906,1990,4747,7999,1914.1,1706,15095,164.6,0.085974,1.0441,2.4906,4.1967,2937,3165,5823,9959,2953.1,2668,16119,202.3,0.068490,0.012938,1.0776,1.9826,3.3909,458.0,447.0,413,464,359116.2,160519767.2,true,95000,100000,5000,95000
protobuf,book_medium,56,14,1028,1193,1473,4903,1038.7,928,19983,134.4,0.129435,1.1605,1.4329,4.7695,1919,2006,4867,9495,1928.6,1693,19375,199.2,0.103275,1.0453,2.5362,4.9479,2951,3177,5951,11055,2967.8,2706,22015,242.8,0.081806,0.013216,1.0766,2.0166,3.7462,458.0,447.1,413,464,358907.1,160464557.2,true,95000,100000,5000,95000
protobuf,book_medium,57,15,1029,1205,2025,4779,1040.0,932,15279,117.1,0.112573,1.1710,1.9679,4.6443,1939,2026,4815,7407,1945.5,1695,17183,169.4,0.087060,1.0449,2.4832,3.8200,2973,3207,5891,10527,2986.1,2670,18255,210.0,0.070316,0.012782,1.0787,1.9815,3.5409,458.0,447.2,413,464,355633.0,159031193.6,true,95000,100000,5000,95000
protobuf,book_medium,58,16,1035,1207,2579,6239,1047.2,942,10095,120.5,0.115072,1.1662,2.4918,6.0280,1908,1995,4759,8063,1916.7,1695,12919,167.3,0.087300,1.0456,2.4942,4.2259,2947,3175,5867,10287,2964.4,2726,13951,210.8,0.071096,0.012216,1.0774,1.9908,3.4907,458.0,447.1,413,464,357510.6,159851375.2,true,95000,100000,5000,95000
protobuf,book_medium,59,17,1024,1180,3671,5543,1035.0,926,8279,114.5,0.110586,1.1523,3.5850,5.4131,1906,1991,4759,7507,1914.7,1694,13207,152.6,0.079709,1.0446,2.4969,3.9386,2935,3153,5839,9303,2950.2,2702,14271,195.7,0.066344,0.012606,1.0743,1.9894,3.1697,458.0,447.1,413,464,359603.8,160778852.8,true,95000,100000,5000,95000
protobuf,book_medium,60,18,1040,1216,3841,5831,1050.4,934,13815,130.1,0.123818,1.1692,3.6933,5.6067,1909,1996,4819,7439,1916.9,1669,9583,146.2,0.076288,1.0456,2.5244,3.8968,2951,3187,5907,9407,2967.9,2672,15847,200.1,0.067438,0.012877,1.0800,2.0017,3.1877,458.0,447.0,413,464,357670.5,159861141.9,true,95000,100000,5000,95000
protobuf,book_medium,61,19,1028,1194,1481,6075,1039.4,931,18975,154.5,0.148675,1.1615,1.4407,5.9095,1917,2000,4827,8975,1925.7,1729,21999,199.7,0.103715,1.0433,2.5180,4.6818,2949,3175,5943,14591,2965.5,2760,22975,255.5,0.086148,0.012547,1.0766,2.0153,4.9478,458.0,447.0,413,464,359339.5,160640529.5,true,95000,100000,5000,95000
protobuf,book_medium,62,20,1028,1195,3703,5099,1039.5,929,8343,116.0,0.111596,1.1625,3.6021,4.9601,1914,2004,4759,7439,1922.5,1690,9255,150.0,0.078032,1.0470,2.4864,3.8866,2947,3173,5843,9639,2962.5,2688,12655,196.9,0.066449,0.012894,1.0767,1.9827,3.2708,458.0,447.0,413,464,359388.5,160654421.0,true,95000,100000,5000,95000
protobuf,book_medium,63,21,1218,1384,3813,5203,1177.3,943,13695,161.7,0.137359,1.1363,3.1305,4.2718,1900,1992,4775,7451,1908.1,1695,10127,151.2,0.079214,1.0484,2.5132,3.9216,3097,3335,6027,9623,3086.0,2690,15695,219.9,0.071258,0.025831,1.0768,1.9461,3.1072,458.0,447.0,413,464,342156.8,152957754.7,true,95000,100000,5000,95000
protobuf,book_medium,64,22,1024,1210,3699,5951,1036.5,928,7487,119.3,0.115120,1.1816,3.6123,5.8115,1906,1990,4807,7959,1914.4,1697,19551,187.5,0.097961,1.0441,2.5220,4.1758,2935,3171,5923,10271,2951.3,2712,20559,226.8,0.076853,0.012947,1.0804,2.0181,3.4995,458.0,447.1,413,464,359526.8,160734378.4,true,95000,100000,5000,95000
protobuf,book_medium,65,23,1029,1188,2085,5783,1040.0,934,8599,113.4,0.109007,1.1545,2.0262,5.6200,1915,2003,4831,7407,1923.1,1687,10183,151.9,0.078982,1.0460,2.5227,3.8679,2949,3165,5895,9231,2963.6,2690,12263,194.0,0.065458,0.012208,1.0732,1.9990,3.1302,458.0,447.2,413,464,359162.9,160603881.3,true,95000,100000,5000,95000
protobuf,book_medium,66,24,1034,1194,1867,6655,1044.6,934,11063,123.7,0.118460,1.1547,1.8056,6.4362,1907,1995,4795,7427,1916.2,1671,11023,157.9,0.082400,1.0461,2.5144,3.8946,2945,3169,5895,10079,2961.3,2706,13079,207.8,0.070156,0.012903,1.0761,2.0017,3.4224,458.0,447.1,413,464,358011.6,160068039.1,true,95000,100000,5000,95000
protobuf,book_medium,67,25,1025,1194,2289,5827,1036.3,925,7687,112.8,0.108807,1.1649,2.2332,5.6849,1908,1991,4819,7303,1916.3,1691,16247,164.3,0.085726,1.0435,2.5257,3.8276,2937,3169,5891,9599,2953.1,2650,17295,204.5,0.069246,0.012598,1.0790,2.0058,3.2683,458.0,447.2,413,464,359608.6,160800771.5,true,95000,100000,5000,95000
protobuf,book_medium,68,26,1027,1188,3797,5159,1038.2,931,7519,117.5,0.113164,1.1568,3.6972,5.0234,1909,1998,4827,7203,1917.5,1817,10703,149.9,0.078196,1.0466,2.5285,3.7732,2941,3175,5931,9911,2956.2,2774,12279,196.7,0.066532,0.012921,1.0796,2.0167,3.3699,458.0,447.2,413,464,358823.6,160460112.5,true,95000,100000,5000,95000
protobuf,book_medium,69,27,1025,1198,2301,6239,1037.3,928,17887,142.1,0.137022,1.1688,2.2449,6.0868,1905,1990,4851,9999,1916.0,1686,22431,230.4,0.120236,1.0446,2.5465,5.2488,2935,3171,6055,15399,2953.7,2658,23471,277.0,0.093771,0.012606,1.0804,2.0630,5.2467,458.0,447.1,413,464,359620.3,160798845.0,true,95000,100000,5000,95000
protobuf,book_medium,70,28,1028,1190,3707,5095,1038.7,930,14007,119.6,0.115149,1.1576,3.6060,4.9562,1904,1987,4779,7359,1912.2,1697,10103,150.3,0.078577,1.0436,2.5100,3.8650,2937,3151,5859,9359,2951.4,2650,16063,196.1,0.066446,0.012938,1.0729,1.9949,3.1866,458.0,447.1,413,464,358946.2,160499824.4,true,95000,100000,5000,95000
protobuf,book_medium,71,29,1037,1221,3757,4371,1049.5,944,9007,117.0,0.111490,1.1774,3.6230,4.2150,1911,1997,4779,7107,1919.3,1710,9311,146.1,0.076108,1.0450,2.5008,3.7190,2953,3191,5887,8487,2969.3,2712,14095,191.7,0.064560,0.012530,1.0806,1.9936,2.8740,458.0,447.1,413,464,357699.5,159938234.4,true,95000,100000,5000,95000
protobuf,book_small,42,0,364,458,723,3445,371.5,331,5819,72.0,0.193718,1.2582,1.9863,9.4643,661,724,793,3859,664.8,593,5107,80.6,0.121281,1.0953,1.1997,5.8381,1027,1142,3881,4443,1036.3,937,6635,110.3,0.106421,0.019474,1.1120,3.7790,4.3262,129.0,126.8,117,134,1004496.1,127383974.5,true,95000,100000,5000,95000
protobuf,book_small,43,1,363,457,729,3535,369.8,325,5011,67.8,0.183395,1.2590,2.0083,9.7383,662,725,768,4671,664.4,568,33503,176.7,0.266013,1.0952,1.1601,7.0559,1027,1145,3825,5487,1034.2,900,33855,190.8,0.184499,0.022395,1.1149,3.7244,5.3427,128.0,126.8,117,134,1007708.0,127772561.4,true,95000,100000,5000,95000
protobuf,book_small,44,2,363,455,733,3421,370.0,327,15167,84.9,0.229603,1.2534,2.0193,9.4242,668,730,766,3739,671.0,586,6171,77.5,0.115546,1.0928,1.1467,5.5973,1032,1145,3861,4407,1040.9,943,15991,116.9,0.112278,0.019380,1.1095,3.7413,4.2703,129.0,126.8,117,134,1005804.6,127562095.4,true,95000,100000,5000,95000
protobuf,book_small,45,3,364,458,722,3423,371.5,331,5203,69.0,0.185673,1.2582,1.9835,9.4038,669,733,818,3863,670.1,578,5327,82.6,0.123201,1.0957,1.2227,5.7743,1035,1157,3865,4363,1041.6,917,5999,110.5,0.106080,0.022222,1.1179,3.7343,4.2155,129.0,126.8,117,134,1005449.1,127518658.0,true,95000,100000,5000,95000
protobuf,book_small,46,4,362,456,721,3399,369.0,328,5063,65.8,0.178337,1.2597,1.9917,9.3895,645,706,748,3849,649.0,579,5711,82.2,0.126711,1.0946,1.1597,5.9674,1009,1127,3845,4267,1018.0,934,6063,107.2,0.105314,0.019822,1.1169,3.8107,4.2289,129.0,126.8,117,134,1005489.2,127532144.6,true,95000,100000,5000,95000
protobuf,book_small,47,5,362,456,714,3565,369.7,330,17663,98.6,0.266686,1.2597,1.9724,9.8481,655,715,763,4071,657.8,573,5807,86.9,0.132066,1.0916,1.1649,6.2153,1019,1135,3833,5511,1027.5,915,18511,133.3,0.129737,0.019627,1.1138,3.7615,5.4082,128.0,126.8,117,134,1006018.6,127575737.2,true,95000,100000,5000,95000
protobuf,book_small,48,6,363,456,744,3561,369.8,328,5547,71.5,0.193381,1.2562,2.0496,9.8099,665,730,797,5455,666.6,566,7711,96.2,0.144244,1.0977,1.1985,8.2030,1030,1147,3175,6259,1036.3,914,8091,124.5,0.120169,0.022330,1.1136,3.0825,6.0767,129.0,126.8,117,134,1006183.0,127594302.6,true,95000,100000,5000,95000
protobuf,book_small,49,7,368,461,729,4695,374.4,330,6891,77.1,0.206038,1.2527,1.9810,12.7582,653,712,827,5499,656.5,581,17919,108.6,0.165413,1.0904,1.2665,8.4211,1021,1138,3753,6771,1030.9,931,18255,138.5,0.134364,0.021548,1.1146,3.6758,6.6317,128.0,126.8,117,134,1004605.6,127389150.4,true,95000,100000,5000,95000
protobuf,book_small,50,8,361,452,743,3419,368.1,329,5735,67.9,0.184471,1.2521,2.0582,9.4709,636,694,845,5223,640.4,577,9287,98.2,0.153394,1.0912,1.3286,8.2123,999,1111,2879,6555,1008.5,930,9639,124.6,0.123528,0.019019,1.1121,2.8819,6.5616,129.0,126.8,117,134,1006071.2,127596876.3,true,95000,100000,5000,95000
protobuf,book_small,51,9,363,455,740,4463,370.2,330,5411,77.1,0.208326,1.2534,2.0386,12.2948,666,729,803,5571,670.2,577,8087,97.7,0.145750,1.0946,1.2057,8.3649,1031,1147,3829,6743,1040.3,933,8447,129.1,0.124110,0.019399,1.1125,3.7139,6.5403,129.0,126.8,117,134,1002718.3,127143925.3,true,95000,100000,5000,95000
protobuf,book_small,52,10,363,462,742,3789,370.9,327,17631,104.4,0.281497,1.2727,2.0441,10.4380,654,708,800,6419,658.4,580,22815,161.8,0.245753,1.0826,1.2232,9.8150,1019,1136,3117,8599,1029.3,932,23167,195.5,0.189910,0.018646,1.1148,3.0589,8.4387,129.0,126.8,117,134,1004129.3,127343298.2,true,95000,100000,5000,95000
protobuf,book_small,53,11,362,458,736,3423,369.3,328,7111,70.6,0.191237,1.2652,2.0331,9.4558,639,698,865,5935,643.2,573,8311,103.0,0.160062,1.0923,1.3537,9.2879,1002,1124,3733,6687,1012.6,925,9127,129.6,0.128026,0.019960,1.1218,3.7255,6.6737,129.0,126.8,117,134,1005624.6,127523043.3,true,95000,100000,5000,95000
protobuf,book_small,54,12,362,456,741,3503,369.5,330,7699,78.1,0.211252,1.2597,2.0470,9.6768,665,729,863,5467,665.9,569,7519,98.0,0.147227,1.0962,1.2977,8.2211,1029,1148,3747,6483,1035.4,907,8439,129.6,0.125161,0.022352,1.1156,3.6414,6.3003,129.0,126.8,117,134,1006259.8,127615965.7,true,95000,100000,5000,95000
protobuf,book_small,55,13,363,450,742,5299,370.1,329,6935,89.9,0.242904,1.2397,2.0441,14.5978,653,716,811,3753,655.4,567,6819,81.5,0.124411,1.0965,1.2420,5.7473,1018,1131,2897,7063,1025.5,917,7747,129.8,0.126536,0.021611,1.1110,2.8458,6.9381,129.0,126.8,117,134,1007313.7,127741379.2,true,95000,100000,5000,95000
protobuf,book_small,56,14,362,455,750,4971,369.9,327,9007,86.1,0.232691,1.2569,2.0718,13.7320,659,722,819,5847,661.1,572,7655,104.5,0.158062,1.0956,1.2428,8.8725,1023,1138,3725,6947,1031.0,912,9823,141.1,0.136858,0.020528,1.1124,3.6413,6.7908,129.0,126.8,117,134,1008199.4,127857869.8,true,95000,100000,5000,95000
protobuf,book_small,57,15,363,456,730,4311,370.6,331,11039,80.2,0.216324,1.2562,2.0110,11.8760,662,723,831,5463,666.8,590,17407,110.4,0.165633,1.0921,1.2553,8.2523,1027,1144,3527,6995,1037.4,941,17775,140.5,0.135432,0.019474,1.1139,3.4343,6.8111,129.0,126.8,117,134,1004803.7,127443145.8,true,95000,100000,5000,95000
protobuf,book_small,58,16,363,457,748,3267,369.7,330,7111,69.4,0.187868,1.2590,2.0606,9.0000,663,731,848,5671,665.5,568,7347,100.7,0.151292,1.1026,1.2790,8.5535,1028,1149,3659,6143,1035.2,916,7947,126.1,0.121858,0.022374,1.1177,3.5593,5.9757,129.0,126.8,117,134,1006299.4,127607519.1,true,95000,100000,5000,95000
protobuf,book_small,59,17,364,454,712,3315,370.1,329,7187,66.9,0.180891,1.2473,1.9560,9.1071,660,720,982,5483,661.2,568,7311,98.0,0.148263,1.0909,1.4879,8.3076,1025,1140,2855,6295,1031.3,915,8043,122.9,0.119160,0.020488,1.1122,2.7854,6.1415,129.0,126.8,117,134,1008008.5,127818745.9,true,95000,100000,5000,95000
protobuf,book_small,60,18,364,459,740,3355,371.7,329,24175,104.4,0.280923,1.2610,2.0330,9.2170,663,729,908,5459,664.1,570,7259,96.3,0.145047,1.0995,1.3695,8.2338,1029,1150,2973,6431,1035.8,907,25167,146.4,0.141302,0.023324,1.1176,2.8892,6.2498,128.0,126.8,117,134,1002610.1,127135093.8,true,95000,100000,5000,95000
protobuf,book_small,61,19,363,460,738,4791,370.4,327,34495,131.6,0.355255,1.2672,2.0331,13.1983,666,732,1106,5967,668.9,572,32287,169.0,0.252598,1.0991,1.6607,8.9595,1031,1155,3727,7499,1039.3,914,35263,217.3,0.209089,0.023278,1.1203,3.6149,7.2735,129.0,126.9,117,134,1005190.7,127511380.3,true,95000,100000,5000,95000
protobuf,book_small,62,20,362,454,709,3369,369.1,330,4651,60.2,0.163025,1.2541,1.9586,9.3066,648,706,775,3847,652.2,583,5935,85.2,0.130585,1.0895,1.1960,5.9367,1012,1126,3743,4303,1021.4,935,6307,106.2,0.103972,0.018775,1.1126,3.6986,4.2520,129.0,126.8,117,134,1005801.0,127549673.9,true,95000,100000,5000,95000
protobuf,book_small,63,21,363,455,731,3329,369.4,328,5171,65.2,0.176501,1.2534,2.0138,9.1708,663,732,773,3811,664.4,572,6047,82.6,0.124260,1.1041,1.1659,5.7481,1028,1147,3749,4471,1033.8,911,6403,107.3,0.103741,0.022374,1.1158,3.6469,4.3492,129.0,126.8,117,134,1002484.2,127126683.1,true,95000,100000,5000,95000
protobuf,book_small,64,22,363,453,714,3201,369.4,326,5051,61.8,0.167221,1.2479,1.9669,8.8182,658,725,784,3785,659.6,567,7767,84.1,0.127476,1.1018,1.1915,5.7523,1023,1142,1682,4255,1029.0,908,8123,106.2,0.103239,0.023460,1.1163,1.6442,4.1593,129.0,126.8,117,134,1007048.1,127723546.9,true,95000,100000,5000,95000
protobuf,book_small,65,23,363,453,704,3241,369.5,329,5155,59.7,0.161422,1.2479,1.9394,8.9284,661,729,838,3719,663.4,571,5271,83.7,0.126220,1.1029,1.2678,5.6263,1026,1147,3645,4295,1033.0,909,5927,104.9,0.101580,0.021442,1.1179,3.5526,4.1862,129.0,126.8,117,134,1006542.8,127646284.5,true,95000,100000,5000,95000
protobuf,book_small,66,24,363,455,725,3289,370.9,328,8751,70.7,0.190681,1.2534,1.9972,9.0606,658,719,760,3745,659.4,565,7919,79.7,0.120939,1.0927,1.1550,5.6915,1024,1139,3511,4271,1030.3,904,9519,109.0,0.105752,0.021484,1.1123,3.4287,4.1709,128.0,126.8,117,134,1005693.6,127504585.9,true,95000,100000,5000,95000
protobuf,book_small,67,25,364,457,735,3309,370.5,331,4507,61.8,0.166761,1.2555,2.0192,9.0907,665,730,774,3929,665.7,573,7963,89.1,0.133875,1.0977,1.1639,5.9083,1031,1150,3769,4403,1036.2,910,8319,110.5,0.106615,0.022308,1.1154,3.6557,4.2706,129.0,126.8,117,134,1006219.9,127604482.3,true,95000,100000,5000,95000
protobuf,book_small,68,26,365,460,723,3249,371.4,331,6195,62.7,0.168965,1.2603,1.9808,8.9014,649,705,742,3621,652.7,583,6139,80.0,0.122550,1.0863,1.1433,5.5794,1015,1129,3585,4279,1024.1,939,6907,103.0,0.100542,0.018719,1.1123,3.5320,4.2158,129.0,126.8,117,134,1007476.3,127748843.4,true,95000,100000,5000,95000
protobuf,book_small,69,27,363,456,695,3281,369.9,328,3993,59.2,0.160148,1.2562,1.9146,9.0386,656,719,764,4081,658.4,571,14063,99.2,0.150613,1.0960,1.1646,6.2210,1021,1141,3611,4499,1028.2,915,14431,117.3,0.114066,0.022527,1.1175,3.5367,4.4065,129.0,126.8,117,134,1005695.2,127545753.2,true,95000,100000,5000,95000
protobuf,book_small,70,28,363,455,737,3455,370.1,326,7187,75.3,0.203325,1.2534,2.0303,9.5179,659,720,877,5499,663.5,590,7347,94.5,0.142387,1.0926,1.3308,8.3445,1024,1138,3753,6235,1033.7,945,8263,124.4,0.120342,0.019531,1.1113,3.6650,6.0889,129.0,126.8,117,134,1006493.9,127652735.3,true,95000,100000,5000,95000
protobuf,book_small,71,29,363,455,726,3291,369.2,326,6451,67.8,0.183680,1.2534,2.0000,9.0661,663,726,912,5491,664.7,560,7587,95.7,0.143966,1.0950,1.3756,8.2821,1028,1143,3649,6275,1033.9,897,8431,121.7,0.117686,0.021401,1.1119,3.5496,6.1041,129.0,126.8,117,134,1008221.5,127860827.2,true,95000,100000,5000,95000
protobuf,burst,42,0,145,1158,4571,4899,217.4,127,15455,400.8,1.843865,7.9862,31.5241,33.7862,120,2143,7263,7635,266.6,103,24767,673.8,2.527112,17.8583,60.5250,63.6250,265,3251,11847,12615,484.0,235,29135,1068.6,2.207839,0.056604,12.2679,44.7057,47.6038,44.0,75.0,40,2224,2101914.8,157679828.1,true,995000,1000000,5000,995000
protobuf,burst,43,1,145,1167,4595,4879,218.7,127,10159,400.8,1.832937,8.0483,31.6897,33.6483,120,2063,7247,7531,266.3,104,20831,669.8,2.515278,17.1917,60.3917,62.7583,265,3201,11855,12415,485.0,236,21503,1066.3,2.198599,0.056604,12.0792,44.7358,46.8491,44.0,75.0,40,2224,2093228.2,156949855.5,true,995000,1000000,5000,995000
protobuf,burst,44,2,145,1146,4543,4911,216.4,128,16271,398.0,1.839371,7.9034,31.3310,33.8690,120,2036,7311,7711,265.0,104,19375,670.8,2.530938,16.9667,60.9250,64.2583,265,3151,11847,12639,481.4,236,23167,1061.7,2.205366,0.056604,11.8906,44.7057,47.6943,44.0,74.7,40,2224,2092022.9,156361386.2,true,995000,1000000,5000,995000
protobuf,burst,45,3,145,1144,4563,4847,216.3,130,15559,396.6,1.833587,7.8897,31.4690,33.4276,127,2093,7291,7643,270.4,105,20527,671.4,2.483321,16.4803,57.4094,60.1811,271,3203,11863,12655,486.7,238,24911,1062.1,2.182420,0.055351,11.8192,43.7749,46.6974,44.0,74.7,40,2224,2114136.4,157848372.0,true,995000,1000000,5000,995000
protobuf,burst,46,4,145,1142,4555,4871,216.0,127,17039,394.7,1.827381,7.8759,31.4138,33.5931,120,2129,7355,7627,266.9,104,17647,676.1,2.532923,17.7417,61.2917,63.5583,265,3233,11919,12503,482.9,236,24479,1065.3,2.205969,0.056604,12.2000,44.9774,47.1811,44.0,74.7,40,2224,2107529.8,157341318.1,true,995000,1000000,5000,995000
protobuf,burst,47,5,145,1147,4571,4859,217.3,128,12431,396.8,1.826134,7.9103,31.5241,33.5103,120,2153,7247,7715,266.9,104,16199,672.2,2.518914,17.9417,60.3917,64.2917,265,3247,11823,12519,484.2,237,20639,1063.5,2.196525,0.056604,12.2528,44.6151,47.2415,44.0,74.9,40,2224,2103631.4,157584358.6,true,995000,1000000,5000,995000
protobuf,burst,48,6,145,1133,4551,4835,214.9,128,15295,389.4,1.812308,7.8138,31.3862,33.3448,120,2061,7287,7583,263.6,104,19679,663.1,2.515623,17.1750,60.7250,63.1917,265,3161,11839,12503,478.5,236,23279,1047.8,2.189909,0.056604,11.9283,44.6755,47.1811,44.0,74.3,40,2224,2124616.8,157819128.1,true,995000,1000000,5000,995000
protobuf,burst,49,7,145,1141,4567,4855,215.9,128,12279,395.0,1.829826,7.8690,31.4966,33.4828,120,2035,7371,7671,264.2,104,17327,668.7,2.530644,16.9583,61.4250,63.9250,265,3143,11943,12919,480.1,236,21551,1059.5,2.206867,0.056604,11.8604,45.0679,48.7509,44.0,74.6,40,2224,2117675.7,157872995.6,true,995000,1000000,5000,995000
protobuf,burst,50,8,145,1143,4567,4851,216.8,129,10743,396.8,1.829946,7.8828,31.4966,33.4552,122,2117,7287,7571,268.5,106,14927,670.1,2.495872,17.3525,59.7295,62.0574,267,3215,11863,12447,485.3,239,18879,1062.6,2.189648,0.056180,12.0412,44.4307,46.6180,44.0,75.0,40,2224,2092333.4,156824593.4,true,995000,1000000,5000,995000
protobuf,burst,51,9,146,1141,4567,4867,216.9,129,20383,396.3,1.827021,7.8151,31.2808,33.3356,120,2117,7315,7627,267.9,104,19967,673.1,2.512747,17.6417,60.9583,63.5583,266,3213,11895,12607,484.8,237,27359,1064.3,2.195586,0.060150,12.0789,44.7180,47.3947,44.0,74.7,40,2222,2104835.2,157263795.7,true,995000,1000000,5000,995000
protobuf,burst,52,10,145,1147,4687,4975,218.6,128,15743,403.2,1.844529,7.9103,32.3241,34.3103,121,2363,7679,7999,285.4,104,19823,718.1,2.516297,19.5289,63.4628,66.1074,267,3467,12375,13007,503.9,237,25759,1114.4,2.211355,0.067416,12.9850,46.3483,48.7154,44.0,74.4,40,2224,2022715.3,150558755.7,true,995000,1000000,5000,995000
protobuf,burst,53,11,145,1137,4603,4943,217.6,128,329983,697.3,3.204735,7.8414,31.7448,34.0897,120,2103,7263,7587,266.9,104,369663,1090.8,4.086892,17.5250,60.5250,63.2250,265,3207,11879,13039,484.5,237,370175,1483.8,3.062645,0.056604,12.1019,44.8264,49.2038,44.0,74.7,40,2224,2100515.8,156815519.3,true,995000,1000000,5000,995000
protobuf,burst,54,12,146,1139,4583,4843,217.5,129,17775,398.1,1.829755,7.8014,31.3904,33.1712,120,2079,7259,7547,266.8,104,30255,670.8,2.513977,17.3250,60.4917,62.8917,266,3189,11847,12447,484.4,237,33759,1063.2,2.194979,0.060150,11.9887,44.5376,46.7932,44.0,74.9,40,2224,2084437.3,156054696.7,true,995000,1000000,5000,995000
protobuf,burst,55,13,146,1142,4575,4851,217.1,129,19071,395.6,1.822763,7.8219,31.3356,33.2260,122,2059,7223,7519,266.0,106,21151,659.7,2.479968,16.8770,59.2049,61.6311,268,3167,11807,12407,483.1,239,25231,1049.2,2.172049,0.055970,11.8172,44.0560,46.2948,44.0,74.6,40,2224,2103180.5,156816667.2,true,995000,1000000,5000,995000
protobuf,burst,56,14,145,1295,4743,5047,217.9,128,18703,406.5,1.865788,8.9310,32.7103,34.8069,120,2087,7291,7579,264.8,104,16415,667.6,2.520633,17.3917,60.7583,63.1583,265,3351,12039,12671,482.7,235,25487,1068.2,2.212866,0.056604,12.6453,45.4302,47.8151,44.0,74.5,40,2222,2108560.5,157157484.5,true,995000,1000000,5000,995000
protobuf,burst,57,15,145,1141,4831,5131,218.2,129,22383,414.3,1.898712,7.8690,33.3172,35.3862,120,2153,7395,7719,269.4,104,21151,684.5,2.541078,17.9417,61.6250,64.3250,265,3253,12231,12815,487.6,237,30239,1091.5,2.238643,0.056604,12.2755,46.1547,48.3585,44.0,74.9,40,2224,2100698.0,157268436.6,true,995000,1000000,5000,995000
protobuf,burst,58,16,145,1149,4583,4843,217.2,128,13967,399.6,1.840206,7.9241,31.6069,33.4000,120,2169,7307,7603,268.5,104,17951,682.5,2.541806,18.0750,60.8917,63.3583,265,3281,11895,12503,485.7,237,22479,1077.5,2.218612,0.056604,12.3811,44.8868,47.1811,44.0,75.1,40,2224,2097176.7,157477263.3,true,995000,1000000,5000,995000
protobuf,burst,59,17,146,1145,4555,4859,217.6,127,19151,396.9,1.823845,7.8425,31.1986,33.2808,120,2025,7171,7471,263.3,104,20095,657.6,2.497317,16.8750,59.7583,62.2583,266,3137,11735,12359,480.9,236,24719,1048.5,2.180132,0.060150,11.7932,44.1165,46.4624,44.0,74.9,40,2224,2105766.2,157677336.4,true,995000,1000000,5000,995000
protobuf,burst,60,18,147,1141,4559,4879,217.6,130,16751,393.2,1.806890,7.7619,31.0136,33.1905,120,2179,7379,7679,268.5,104,23103,681.7,2.538910,18.1583,61.4917,63.9917,267,3285,11951,12615,486.1,237,27887,1068.5,2.197960,0.056180,12.3034,44.7603,47.2472,44.0,74.7,40,2224,2109776.8,157524385.1,true,995000,1000000,5000,995000
protobuf,burst,61,19,145,1140,4547,4887,216.0,129,14959,395.4,1.830390,7.8621,31.3586,33.7034,120,2113,7263,7547,265.7,104,17999,667.9,2.514383,17.6083,60.5250,62.8917,265,3211,11815,12775,481.7,235,21647,1057.4,2.195177,0.056604,12.1170,44.5849,48.2075,44.0,74.6,40,2224,2112836.6,157717358.5,true,995000,1000000,5000,995000
protobuf,burst,62,20,145,1154,4567,4867,216.2,128,17359,395.6,1.829442,7.9586,31.4966,33.5655,120,2063,7275,7583,264.6,104,17311,665.2,2.514471,17.1917,60.6250,63.1917,265,3179,11855,12423,480.8,236,22911,1055.7,2.195613,0.056604,11.9962,44.7358,46.8792,44.0,74.6,40,2224,2115250.3,157726057.5,true,995000,1000000,5000,995000
protobuf,burst,63,21,145,1136,4603,4907,216.5,129,19327,398.0,1.838412,7.8345,31.7448,33.8414,120,2073,7259,7551,265.2,104,20191,668.1,2.518822,17.2750,60.4917,62.9250,265,3175,11879,12447,481.7,237,25807,1060.3,2.200943,0.056604,11.9811,44.8264,46.9698,44.0,74.7,40,2224,2115653.4,158055109.4,true,995000,1000000,5000,995000
protobuf,burst,64,22,145,1194,4587,4883,216.0,129,17455,395.4,1.830109,8.2345,31.6345,33.6759,121,2281,7427,7783,271.5,105,20879,687.3,2.531083,18.8512,61.3802,64.3223,266,3393,12031,12735,487.5,238,25423,1076.1,2.207225,0.056391,12.7556,45.2293,47.8759,44.0,74.4,40,2224,2106471.4,156717682.1,true,995000,1000000,5000,995000
protobuf,burst,65,23,145,1136,4547,4871,215.1,129,16311,392.4,1.824036,7.8345,31.3586,33.5931,120,2099,7375,7667,264.9,104,16223,674.9,2.547894,17.4917,61.4583,63.8917,265,3197,11935,12599,480.0,237,21471,1062.4,2.213127,0.056604,12.0642,45.0377,47.5434,44.0,74.4,40,2224,2118294.2,157506718.1,true,995000,1000000,5000,995000
protobuf,burst,66,24,145,1137,4563,4903,216.1,128,15895,396.6,1.835506,7.8414,31.4690,33.8138,120,2119,7275,7603,265.5,104,21647,670.1,2.523394,17.6583,60.6250,63.3583,265,3219,11839,13111,481.6,236,25935,1060.0,2.200959,0.056604,12.1472,44.6755,49.4755,44.0,74.7,40,2224,2112600.6,157751136.2,true,995000,1000000,5000,995000
protobuf,burst,67,25,145,1136,4567,4871,215.4,127,16431,393.4,1.826582,7.8345,31.4966,33.5931,120,2185,7335,7659,266.7,103,23519,677.1,2.538722,18.2083,61.1250,63.8250,265,3281,11911,12535,482.1,235,27807,1064.6,2.208273,0.056604,12.3811,44.9472,47.3019,44.0,74.4,40,2224,2121226.2,157736015.5,true,995000,1000000,5000,995000
protobuf,burst,68,26,145,1145,4603,4923,216.7,129,16295,400.9,1.850259,7.8966,31.7448,33.9517,120,2159,7263,7567,265.1,104,18271,671.9,2.534206,17.9917,60.5250,63.0583,265,3257,11871,12447,481.8,236,23023,1066.8,2.214009,0.056604,12.2906,44.7962,46.9698,44.0,74.8,40,2224,2105652.6,157576170.8,true,995000,1000000,5000,995000
protobuf,burst,69,27,145,1149,4587,4899,216.4,128,17519,399.4,1.845689,7.9241,31.6345,33.7862,120,2131,7367,7667,267.6,104,23471,680.6,2.542974,17.7583,61.3917,63.8917,265,3241,11959,12959,484.0,237,27439,1072.0,2.214732,0.056604,12.2302,45.1283,48.9019,44.0,74.7,40,2224,2091454.1,156206751.4,true,995000,1000000,5000,995000
protobuf,burst,70,28,145,1151,4551,4815,215.9,129,13575,392.4,1.817295,7.9379,31.3862,33.2069,120,2089,7175,7483,263.4,104,20271,655.5,2.488264,17.4083,59.7917,62.3583,265,3201,11743,12335,479.3,236,24495,1042.8,2.175444,0.060377,12.0792,44.3132,46.5472,44.0,74.6,40,2222,2102505.9,156769569.1,true,995000,1000000,5000,995000
protobuf,burst,71,29,145,1142,4579,4883,216.2,129,16591,393.8,1.821499,7.8759,31.5793,33.6759,120,2139,7283,7587,267.4,104,21119,669.8,2.505473,17.8250,60.6917,63.2250,265,3243,11863,12447,483.5,237,25615,1058.0,2.187979,0.056604,12.2377,44.7660,46.9698,44.0,74.6,40,2224,2115244.6,157900236.5,true,995000,1000000,5000,995000
protobuf,mixed,42,0,146,3375,4595,4871,225.5,129,13335,418.3,1.855115,23.1164,31.4726,33.3630,121,5599,7303,7591,284.4,104,12655,709.0,2.492874,46.2727,60.3554,62.7355,266,9007,11903,12679,509.9,238,19727,1123.1,2.202576,0.060150,33.8609,44.7481,47.6654,44.0,78.6,40,2224,1994622.6,156841925.7,true,995000,1000000,5000,995000
protobuf,mixed,43,1,145,3361,4595,4851,224.8,127,21151,417.1,1.855398,23.1793,31.6897,33.4552,121,5599,7259,7523,280.9,104,32319,699.8,2.491365,46.2727,59.9917,62.1736,266,8983,11871,12423,505.7,236,32687,1112.5,2.200090,0.060150,33.7707,44.6278,46.7030,44.0,78.4,40,2224,1999908.4,156887379.9,true,995000,1000000,5000,995000
protobuf,mixed,44,2,146,3349,4659,5739,226.1,129,17087,422.3,1.867723,22.9384,31.9110,39.3082,121,5615,7343,9695,283.4,104,25247,713.1,2.516600,46.4050,60.6860,80.1240,266,8991,12007,14623,509.5,236,29775,1130.5,2.218902,0.060150,33.8008,45.1391,54.9737,44.0,78.2,40,2224,2005420.7,156913066.7,true,995000,1000000,5000,995000
protobuf,mixed,45,3,145,3323,4595,4851,224.2,129,12911,416.4,1.857124,22.9172,31.6897,33.4552,120,5031,7311,7603,282.5,104,12295,702.7,2.487442,41.9250,60.9250,63.3583,266,6183,11919,12551,506.7,237,16719,1115.0,2.200423,0.060150,23.2444,44.8083,47.1842,44.0,78.1,40,2224,2004965.6,156685074.4,true,995000,1000000,5000,995000
protobuf,mixed,46,4,146,3323,4595,4923,227.4,129,328447,623.4,2.741163,22.7603,31.4726,33.7192,120,5587,7367,7671,284.0,104,374527,1210.3,4.262090,46.5583,61.3917,63.9250,266,8951,11999,13055,511.4,236,378623,1567.0,3.064152,0.060150,33.6504,45.1090,49.0789,44.0,78.2,40,2224,1982746.9,154962021.1,true,995000,1000000,5000,995000
protobuf,mixed,47,5,145,3349,4571,4831,224.9,129,31503,418.4,1.860123,23.0966,31.5241,33.3172,121,5431,7195,7499,282.1,104,38783,697.2,2.471774,44.8843,59.4628,61.9752,266,8823,11775,12415,507.0,237,42687,1109.2,2.187813,0.060150,33.1692,44.2669,46.6729,44.0,78.4,40,2224,1982813.5,155428291.4,true,995000,1000000,5000,995000
protobuf,mixed,48,6,146,1438,4599,4891,223.7,129,13767,413.0,1.846393,9.8493,31.5000,33.5000,121,2141,7275,7543,280.5,104,25583,693.6,2.472508,17.6942,60.1240,62.3388,266,3417,11895,12463,504.2,238,29903,1101.8,2.185246,0.060150,12.8459,44.7180,46.8534,44.0,77.8,40,2224,2003579.4,155839234.8,true,995000,1000000,5000,995000
protobuf,mixed,49,7,146,3207,4559,4827,228.3,129,8439,411.2,1.800736,21.9658,31.2260,33.0616,121,3739,7327,7591,280.8,104,12223,699.9,2.492324,30.9008,60.5537,62.7355,266,5879,11871,12439,509.2,237,16847,1107.5,2.175159,0.060150,22.1015,44.6278,46.7632,44.0,78.0,40,2224,1998526.5,155938628.2,true,995000,1000000,5000,995000
protobuf,mixed,50,8,145,3333,4567,4827,224.7,129,8511,414.2,1.843478,22.9862,31.4966,33.2897,121,5583,7307,7571,282.8,104,12063,704.1,2.489997,46.1405,60.3884,62.5702,266,8967,11887,12503,507.5,237,16831,1114.5,2.196130,0.060150,33.7105,44.6880,47.0038,44.0,78.4,40,2224,1993093.6,156324861.2,true,995000,1000000,5000,995000
protobuf,mixed,51,9,145,3321,4571,4839,224.2,129,14839,414.6,1.849060,22.9034,31.5241,33.3724,121,5439,7267,7543,281.3,104,11335,697.5,2.479195,44.9504,60.0579,62.3388,266,8783,11847,12415,505.5,237,21199,1107.9,2.191514,0.060150,33.0188,44.5376,46.6729,44.0,78.2,40,2222,2000771.2,156446835.0,true,995000,1000000,5000,995000
protobuf,mixed,52,10,146,3057,4567,4827,224.6,130,9079,410.3,1.826549,20.9384,31.2808,33.0616,123,3139,7315,7651,281.8,106,11439,695.2,2.467016,25.5203,59.4715,62.2033,269,4013,11895,12471,506.4,240,17391,1101.7,2.175449,0.059480,14.9182,44.2193,46.3606,44.0,77.9,40,2224,2003632.6,156154203.2,true,995000,1000000,5000,995000
protobuf,mixed,53,11,146,3103,4583,4843,223.8,128,7587,412.3,1.842509,21.2534,31.3904,33.1712,124,3379,7271,7535,283.6,107,11671,694.8,2.450422,27.2500,58.6371,60.7661,270,4103,11855,12367,507.4,241,16183,1103.2,2.174472,0.059259,15.1963,43.9074,45.8037,44.0,78.1,40,2224,1982605.5,154773210.8,true,995000,1000000,5000,995000
protobuf,mixed,54,12,145,3331,4571,4835,224.5,129,9335,414.6,1.846698,22.9724,31.5241,33.3448,121,5543,7287,7531,281.9,104,15927,701.8,2.489251,45.8099,60.2231,62.2397,266,8911,11863,12399,506.4,237,16879,1112.5,2.196862,0.060150,33.5000,44.5977,46.6128,44.0,78.3,40,2224,1980688.6,155162279.4,true,995000,1000000,5000,995000
protobuf,mixed,55,13,145,3123,4563,4831,223.9,129,19375,412.9,1.844213,21.5379,31.4690,33.3172,121,3671,7235,7503,279.9,105,12671,691.6,2.471038,30.3388,59.7934,62.0083,266,4671,11799,12375,503.8,236,26607,1100.3,2.183885,0.060150,17.5602,44.3571,46.5226,44.0,78.1,40,2224,2007460.4,156798654.6,true,995000,1000000,5000,995000
protobuf,mixed,56,14,145,3267,4591,4871,224.3,129,8847,414.3,1.847017,22.5310,31.6621,33.5931,121,3619,7355,7623,282.3,104,11183,704.6,2.495924,29.9091,60.7851,63.0000,266,4539,11951,12599,506.6,237,16367,1114.7,2.200264,0.060150,17.0639,44.9286,47.3647,44.0,78.1,40,2222,2003246.8,156418734.7,true,995000,1000000,5000,995000
protobuf,mixed,57,15,146,3305,4583,4855,224.7,128,10967,415.6,1.849557,22.6370,31.3904,33.2534,121,5507,7367,7635,285.3,104,16959,711.1,2.492403,45.5124,60.8843,63.0992,266,7311,11951,12503,510.0,238,18303,1122.6,2.201098,0.060150,27.4850,44.9286,47.0038,44.0,78.3,40,2224,1998323.4,156434696.4,true,995000,1000000,5000,995000
protobuf,mixed,58,16,146,3365,4603,4871,225.2,129,17039,418.9,1.859657,23.0479,31.5274,33.3630,121,5787,7311,7591,284.5,104,21023,714.2,2.510443,47.8264,60.4215,62.7355,266,9183,11927,12479,509.7,237,25135,1128.1,2.213196,0.060150,34.5226,44.8383,46.9135,44.0,78.5,40,2224,1988235.2,156139005.0,true,995000,1000000,5000,995000
protobuf,mixed,59,17,146,3583,4799,5087,227.3,129,12871,438.7,1.930287,24.5411,32.8699,34.8425,121,5415,7191,7467,279.9,104,18911,691.1,2.469481,44.7521,59.4298,61.7107,266,9031,12007,12687,507.2,236,23359,1124.3,2.216839,0.060150,33.9511,45.1391,47.6955,44.0,78.4,40,2224,2002290.0,157004083.8,true,995000,1000000,5000,995000
protobuf,mixed,60,18,145,3239,4607,4991,225.2,129,15951,419.7,1.863892,22.3379,31.7724,34.4207,120,3723,7251,7539,281.2,104,17967,696.4,2.477069,31.0250,60.4250,62.8250,266,6003,11863,12487,506.3,236,25519,1109.3,2.190828,0.060150,22.5677,44.5977,46.9436,44.0,78.1,40,2224,1998856.8,156113512.2,true,995000,1000000,5000,995000
protobuf,mixed,61,19,146,3225,4579,4847,224.2,129,18751,415.6,1.853936,22.0890,31.3630,33.1986,120,4815,7275,7567,281.6,104,18623,699.0,2.482264,40.1250,60.6250,63.0583,266,5971,11871,12951,505.8,237,27135,1109.9,2.194377,0.060150,22.4474,44.6278,48.6880,44.0,78.1,40,2224,2005085.0,156615317.6,true,995000,1000000,5000,995000
protobuf,mixed,62,20,146,3275,4599,4903,224.3,128,15487,416.5,1.856686,22.4315,31.5000,33.5822,121,3711,7279,7559,280.6,104,19135,697.8,2.486753,30.6694,60.1570,62.4711,266,5531,11887,12575,504.9,236,22847,1107.9,2.194267,0.060150,20.7932,44.6880,47.2744,44.0,78.0,40,2224,2009999.6,156689836.8,true,995000,1000000,5000,995000
protobuf,mixed,63,21,145,3307,4831,5079,225.9,129,13983,430.8,1.906879,22.8069,33.3172,35.0276,121,4923,7303,7567,282.0,104,20079,701.8,2.488856,40.6860,60.3554,62.5372,266,6079,12143,12655,507.9,237,24719,1127.8,2.220511,0.060150,22.8534,45.6504,47.5752,44.0,78.2,40,2224,1998390.0,156244530.7,true,995000,1000000,5000,995000
protobuf,mixed,64,22,145,1432,4867,5143,225.4,129,15471,430.5,1.909922,9.8759,33.5655,35.4690,121,3041,7375,7783,285.5,104,20495,711.0,2.490581,25.1322,60.9504,64.3223,266,3617,12247,12991,510.9,237,24959,1134.7,2.221048,0.060150,13.5977,46.0414,48.8383,44.0,77.8,40,2224,2000549.5,155716198.0,true,995000,1000000,5000,995000
protobuf,mixed,65,23,145,3165,4575,4863,223.8,129,12359,412.9,1.845365,21.8276,31.5517,33.5379,120,3325,7299,7563,279.7,104,18191,697.3,2.493221,27.7083,60.8250,63.0250,266,4131,11887,12615,503.5,237,22591,1105.8,2.196268,0.060150,15.5301,44.6880,47.4248,44.0,77.8,40,2224,2014929.4,156732353.1,true,995000,1000000,5000,995000
protobuf,mixed,66,24,145,3303,4583,4851,224.2,128,13767,414.9,1.850567,22.7793,31.6069,33.4552,121,5259,7295,7567,281.6,104,11111,700.7,2.488219,43.4628,60.2893,62.5372,266,6307,11887,12583,505.8,237,20911,1111.3,2.196955,0.060150,23.7105,44.6880,47.3045,44.0,78.2,40,2224,2004975.7,156741692.6,true,995000,1000000,5000,995000
protobuf,mixed,67,25,145,1481,4583,4847,223.6,129,14183,413.3,1.848336,10.2138,31.6069,33.4276,121,3247,7371,7643,284.1,104,18559,710.7,2.501261,26.8347,60.9174,63.1653,266,3785,11959,12727,507.7,237,22207,1118.1,2.202355,0.060150,14.2293,44.9586,47.8459,44.0,77.8,40,2224,2010127.7,156477237.9,true,995000,1000000,5000,995000
protobuf,mixed,68,26,145,3387,4603,4899,226.9,129,348159,856.4,3.773919,23.3586,31.7448,33.7862,121,5539,7283,7567,283.3,104,356351,1078.9,3.807638,45.7769,60.1901,62.5372,266,8967,11887,12895,510.3,236,356607,1579.9,3.096181,0.060150,33.7105,44.6880,48.4774,44.0,78.3,40,2224,2001059.2,156636210.5,true,995000,1000000,5000,995000
protobuf,mixed,69,27,145,3303,4595,4863,224.9,129,15223,414.9,1.844327,22.7793,31.6897,33.5379,121,4655,7303,7591,281.3,104,19231,699.8,2.487796,38.4711,60.3554,62.7355,266,6083,11911,12543,506.2,237,23759,1110.2,2.193001,0.060150,22.8684,44.7782,47.1541,44.0,78.2,40,2224,2002441.9,156513309.3,true,995000,1000000,5000,995000
protobuf,mixed,70,28,145,3237,4579,4859,224.2,128,12751,412.3,1.838937,22.3241,31.5793,33.5103,121,3819,7207,7483,280.4,104,20319,691.1,2.464576,31.5620,59.5620,61.8430,266,5891,11791,12367,504.6,238,24031,1098.0,2.176017,0.060150,22.1466,44.3271,46.4925,44.0,78.1,40,2222,1991173.2,155565378.8,true,995000,1000000,5000,995000
protobuf,mixed,71,29,146,3259,4579,4895,224.3,128,27519,415.7,1.853093,22.3219,31.3630,33.5274,121,3869,7307,7619,284.1,105,23759,705.0,2.481640,31.9752,60.3884,62.9669,266,6019,11895,12879,508.4,237,34367,1114.6,2.192335,0.060150,22.6278,44.7180,48.4173,44.0,78.2,40,2224,2008402.8,156994108.8,true,995000,1000000,5000,995000
protobuf,order,42,0,165,234,467,3033,169.2,151,9663,50.4,0.297836,1.4182,2.8303,18.3818,210,239,257,3101,212.2,183,10007,52.1,0.245754,1.1381,1.2238,14.7667,376,453,737,3413,381.4,340,10167,74.5,0.195268,0.026596,1.2048,1.9601,9.0771,58.0,57.9,51,63,2663468.2,154299936.4,true,495000,500000,5000,495000
protobuf,order,43,1,166,236,471,3023,170.5,151,7055,50.4,0.295499,1.4217,2.8373,18.2108,210,241,256,3075,212.3,185,14391,54.5,0.256816,1.1476,1.2190,14.6429,378,454,718,3353,382.8,343,14607,76.1,0.198733,0.029101,1.2011,1.8995,8.8704,58.0,57.9,51,63,2659739.8,154099187.5,true,495000,500000,5000,495000
protobuf,order,44,2,166,233,442,3011,169.3,151,13503,49.1,0.289737,1.4036,2.6627,18.1386,211,241,256,3059,212.7,183,13591,53.4,0.251237,1.1422,1.2133,14.4976,377,452,692,3349,382.1,340,13783,74.0,0.193674,0.026525,1.1989,1.8355,8.8833,58.0,57.9,51,63,2655818.9,153854708.2,true,495000,500000,5000,495000
protobuf,order,45,3,166,234,451,3027,169.4,150,6899,45.5,0.268451,1.4096,2.7169,18.2349,211,242,262,3095,213.0,185,7195,51.2,0.240352,1.1469,1.2417,14.6682,378,453,699,3335,382.4,342,7383,69.9,0.182715,0.026455,1.1984,1.8492,8.8228,58.0,57.9,51,63,2648518.7,153414700.1,true,495000,500000,5000,495000
protobuf,order,46,4,167,237,448,3105,171.0,152,6735,48.3,0.282451,1.4192,2.6826,18.5928,210,240,256,3157,212.4,184,18863,73.6,0.346717,1.1429,1.2190,15.0333,378,455,709,3759,383.4,342,19023,89.6,0.233771,0.026455,1.2037,1.8757,9.9444,58.0,57.9,51,63,2654358.3,153771287.3,true,495000,500000,5000,495000
protobuf,order,47,5,167,236,459,3069,171.3,151,12135,54.0,0.315173,1.4132,2.7485,18.3772,211,240,255,3111,212.6,183,16207,55.8,0.262666,1.1374,1.2085,14.7441,379,456,715,3409,383.9,342,16367,79.4,0.206903,0.026385,1.2032,1.8865,8.9947,58.0,57.9,51,63,2660187.0,154101334.2,true,495000,500000,5000,495000
protobuf,order,48,6,166,237,462,3023,170.0,151,19631,55.2,0.325059,1.4277,2.7831,18.2108,213,244,259,3087,215.0,186,17023,58.8,0.273322,1.1455,1.2160,14.4930,380,458,715,3427,384.9,342,20175,82.3,0.213862,0.028947,1.2053,1.8816,9.0184,58.0,57.9,51,63,2632922.4,152524507.4,true,495000,500000,5000,495000
protobuf,order,49,7,166,234,454,3021,170.2,151,16111,54.7,0.321634,1.4096,2.7349,18.1988,210,240,255,3099,212.3,185,17759,57.3,0.269866,1.1429,1.2143,14.7571,378,453,713,3359,382.5,341,17919,80.6,0.210760,0.026455,1.1984,1.8862,8.8862,58.0,57.9,51,63,2661566.4,154195020.9,true,495000,500000,5000,495000
protobuf,order,50,8,165,234,450,3021,169.2,151,6867,50.9,0.301064,1.4182,2.7273,18.3091,210,241,255,3045,212.4,185,8615,48.4,0.227618,1.1476,1.2143,14.5000,377,453,700,3337,381.6,341,8767,72.4,0.189651,0.026525,1.2016,1.8568,8.8515,58.0,57.9,51,63,2650305.1,153532816.5,true,495000,500000,5000,495000
protobuf,order,51,9,166,234,452,3043,169.7,151,7007,48.4,0.285101,1.4096,2.7229,18.3313,211,241,256,3099,212.8,184,7835,50.9,0.239144,1.1422,1.2133,14.6872,378,453,707,3369,382.6,342,8071,72.0,0.188148,0.026455,1.1984,1.8704,8.9127,58.0,57.9,51,63,2662238.1,154206676.3,true,495000,500000,5000,495000
protobuf,order,52,10,166,235,465,3025,170.4,152,8271,48.2,0.282945,1.4157,2.8012,18.2229,213,243,260,3119,214.6,186,16607,60.9,0.283567,1.1408,1.2207,14.6432,380,456,721,3403,385.0,342,16767,79.3,0.206031,0.026316,1.2000,1.8974,8.9553,58.0,57.9,51,63,2649479.9,153479600.5,true,495000,500000,5000,495000
protobuf,order,53,11,167,239,472,3037,172.5,151,18575,55.6,0.322314,1.4311,2.8263,18.1856,210,240,257,3123,212.3,184,18911,61.8,0.291252,1.1429,1.2238,14.8714,379,457,736,3533,384.8,340,19087,84.8,0.220324,0.029024,1.2058,1.9420,9.3219,58.0,57.9,51,63,2665010.3,154384807.7,true,495000,500000,5000,495000
protobuf,order,54,12,165,233,448,3025,169.1,150,7675,50.5,0.298510,1.4121,2.7152,18.3333,210,240,255,3083,212.2,185,7095,47.6,0.224232,1.1429,1.2143,14.6810,376,452,700,3347,381.3,340,8607,71.6,0.187677,0.026596,1.2021,1.8617,8.9016,58.0,57.9,51,63,2661933.5,154224035.9,true,495000,500000,5000,495000
protobuf,order,55,13,165,235,474,3167,173.7,150,363519,1180.6,6.796247,1.4242,2.8727,19.1939,210,240,266,3269,215.6,185,362751,974.8,4.521350,1.1429,1.2667,15.5667,377,454,780,5591,389.3,342,364287,1532.8,3.937276,0.026525,1.2042,2.0690,14.8302,58.0,57.9,51,63,2657417.1,153953837.3,true,495000,500000,5000,495000
protobuf,order,56,14,167,236,447,3009,170.3,151,7287,43.6,0.256319,1.4132,2.6766,18.0180,213,243,259,3093,215.3,185,8343,54.1,0.251414,1.1408,1.2160,14.5211,381,457,706,3367,385.6,341,8511,71.2,0.184569,0.028871,1.1995,1.8530,8.8373,58.0,57.9,51,63,2659690.2,154072359.4,true,495000,500000,5000,495000
protobuf,order,57,15,167,237,458,2995,171.4,151,9311,48.0,0.280264,1.4192,2.7425,17.9341,210,240,255,3087,212.3,183,7455,54.0,0.254361,1.1429,1.2143,14.7000,379,455,715,3379,383.7,340,9639,73.9,0.192623,0.026385,1.2005,1.8865,8.9156,58.0,57.9,51,63,2662339.6,154226944.1,true,495000,500000,5000,495000
protobuf,order,58,16,165,233,453,2999,169.1,151,7007,47.9,0.283085,1.4121,2.7455,18.1758,210,241,255,3065,212.4,184,8863,51.1,0.240633,1.1476,1.2143,14.5952,377,452,705,3405,381.5,341,9031,71.7,0.187892,0.026525,1.1989,1.8700,9.0318,58.0,57.9,51,63,2653570.5,153713638.6,true,495000,500000,5000,495000
protobuf,order,59,17,165,233,446,2989,169.0,151,5663,41.8,0.247428,1.4121,2.7030,18.1152,210,241,256,3087,212.5,184,9151,57.3,0.269544,1.1476,1.2190,14.7000,377,452,710,3341,381.6,341,9311,72.3,0.189609,0.026525,1.1989,1.8833,8.8621,58.0,57.9,51,63,2661514.2,154171993.1,true,495000,500000,5000,495000
protobuf,order,60,18,165,234,459,3189,169.3,151,18367,69.4,0.409799,1.4182,2.7818,19.3273,210,241,258,3287,212.8,185,28367,75.7,0.355677,1.1476,1.2286,15.6524,377,454,715,4479,382.1,340,28527,104.6,0.273767,0.026525,1.2042,1.8966,11.8806,58.0,57.9,51,63,2662928.0,154259928.2,true,495000,500000,5000,495000
protobuf,order,61,19,165,233,455,3071,169.2,151,7611,48.1,0.284084,1.4121,2.7576,18.6121,211,241,259,3159,212.8,184,9991,52.7,0.247824,1.1422,1.2275,14.9716,377,452,708,3491,382.1,341,10151,73.5,0.192239,0.026525,1.1989,1.8780,9.2599,58.0,57.9,51,63,2649175.3,153475198.1,true,495000,500000,5000,495000
protobuf,order,62,20,166,234,469,3027,169.6,151,9031,50.0,0.295057,1.4096,2.8253,18.2349,211,242,258,3087,213.2,185,8327,51.7,0.242317,1.1469,1.2227,14.6303,378,454,731,3363,382.8,341,9327,73.9,0.192940,0.026455,1.2011,1.9339,8.8968,58.0,57.9,51,63,2647348.7,153359420.6,true,495000,500000,5000,495000
protobuf,order,63,21,165,233,457,3011,169.2,151,16639,56.6,0.334742,1.4121,2.7697,18.2485,210,242,302,3103,212.6,185,8871,53.6,0.251936,1.1524,1.4381,14.7762,377,454,718,3399,381.8,341,16959,79.6,0.208502,0.026525,1.2042,1.9045,9.0159,58.0,57.9,51,63,2662243.5,154230294.7,true,495000,500000,5000,495000
protobuf,order,64,22,167,235,450,3061,171.3,154,6883,50.6,0.295106,1.4072,2.6946,18.3293,210,240,255,3109,212.3,184,5395,46.3,0.218348,1.1429,1.2143,14.8048,379,453,702,3375,383.6,343,7731,70.9,0.184812,0.026385,1.1953,1.8522,8.9050,58.0,57.9,51,63,2660285.7,154111150.1,true,495000,500000,5000,495000
protobuf,order,65,23,166,234,453,3073,169.9,151,18575,62.0,0.364825,1.4096,2.7289,18.5120,211,242,264,3159,213.5,186,21135,70.9,0.332111,1.1469,1.2512,14.9716,378,454,708,3685,383.4,343,21295,95.8,0.249941,0.026455,1.2011,1.8730,9.7487,58.0,57.9,51,63,2650964.7,153576602.8,true,495000,500000,5000,495000
protobuf,order,66,24,166,234,468,3057,170.4,151,7423,50.5,0.296026,1.4096,2.8193,18.4157,212,243,262,3149,214.3,183,15583,54.7,0.255298,1.1462,1.2358,14.8538,380,455,722,3441,384.7,341,15751,76.3,0.198384,0.026316,1.1974,1.9000,9.0553,58.0,57.9,51,63,2651970.7,153637461.3,true,495000,500000,5000,495000
protobuf,order,67,25,165,234,446,3041,169.3,151,14839,53.1,0.313653,1.4182,2.7030,18.4303,211,241,257,3149,213.1,183,8255,53.1,0.249132,1.1422,1.2180,14.9242,377,454,705,3421,382.4,340,15167,76.6,0.200357,0.026525,1.2042,1.8700,9.0743,58.0,57.9,51,63,2656282.6,153871064.3,true,495000,500000,5000,495000
protobuf,order,68,26,167,235,452,3033,170.6,149,17823,61.5,0.360717,1.4072,2.7066,18.1617,210,240,255,3117,212.5,183,7451,54.5,0.256607,1.1429,1.2143,14.8429,379,454,704,4463,383.0,341,18255,84.2,0.219697,0.031662,1.1979,1.8575,11.7757,58.0,57.9,51,63,2663741.2,154305981.8,true,495000,500000,5000,495000
protobuf,order,69,27,166,234,454,3017,169.9,151,6059,47.3,0.278471,1.4096,2.7349,18.1747,212,242,257,3071,214.5,185,6631,51.0,0.237885,1.1415,1.2123,14.4858,379,455,708,3377,384.3,344,6915,71.4,0.185668,0.026385,1.2005,1.8681,8.9103,58.0,57.9,51,63,2642811.7,153113988.2,true,495000,500000,5000,495000
protobuf,order,70,28,165,235,447,3111,169.2,151,30783,80.9,0.477936,1.4242,2.7091,18.8545,211,241,256,3221,212.8,185,7595,52.5,0.246677,1.1422,1.2133,15.2654,377,454,702,3713,382.0,340,31071,97.7,0.255849,0.026525,1.2042,1.8621,9.8488,58.0,57.9,51,63,2634730.1,152633208.9,true,495000,500000,5000,495000
protobuf,order,71,29,166,233,436,3073,169.3,151,14047,46.2,0.272858,1.4036,2.6265,18.5120,210,240,253,3157,212.3,184,13103,50.3,0.236991,1.1429,1.2048,15.0333,377,451,688,3397,381.6,340,14399,69.0,0.180839,0.026525,1.1963,1.8249,9.0106,58.0,57.9,51,63,2657964.7,153958554.6,true,495000,500000,5000,495000
protobuf,tick,42,0,140,209,280,3007,142.5,127,17967,48.8,0.342824,1.4929,2.0000,21.4786,112,136,150,2943,115.7,104,32351,52.9,0.456609,1.2143,1.3393,26.2768,255,321,412,3229,258.2,236,32479,72.5,0.280945,0.031373,1.2588,1.6157,12.6627,44.0,43.5,40,44,4096748.6,178049128.6,true,995000,1000000,5000,995000
protobuf,tick,43,1,140,209,270,2969,142.3,129,12975,39.4,0.276816,1.4929,1.9286,21.2071,112,136,145,2917,115.6,104,5955,33.5,0.289610,1.2143,1.2946,26.0446,255,321,391,3167,257.9,236,13183,52.4,0.203074,0.031373,1.2588,1.5333,12.4196,44.0,43.5,40,44,4099800.1,178184838.6,true,995000,1000000,5000,995000
protobuf,tick,44,2,140,209,276,2873,142.3,127,4275,35.5,0.249396,1.4929,1.9714,20.5214,112,136,145,2839,115.6,103,11047,34.6,0.299265,1.2143,1.2946,25.3482,255,321,396,3067,257.9,235,11183,50.1,0.194434,0.031373,1.2588,1.5529,12.0275,44.0,43.5,40,44,4096364.4,178038761.5,true,995000,1000000,5000,995000
protobuf,tick,45,3,140,209,269,3011,142.3,128,14647,42.7,0.300326,1.4929,1.9214,21.5071,112,136,148,2741,115.7,103,5055,31.7,0.273631,1.2143,1.3214,24.4732,256,321,390,3197,258.0,236,14871,53.8,0.208561,0.035156,1.2539,1.5234,12.4883,44.0,43.5,40,44,4100389.1,178208924.1,true,995000,1000000,5000,995000
protobuf,tick,46,4,140,209,273,2977,142.3,128,5643,37.8,0.265993,1.4929,1.9500,21.2643,112,136,145,2945,115.6,103,5595,34.7,0.299854,1.2143,1.2946,26.2946,255,321,391,3165,257.9,235,5791,52.0,0.201718,0.031373,1.2588,1.5333,12.4118,44.0,43.5,40,44,4101544.5,178259175.9,true,995000,1000000,5000,995000
protobuf,tick,47,5,140,209,268,2909,142.2,128,4679,37.8,0.266002,1.4929,1.9143,20.7786,112,136,147,2809,115.6,104,5259,31.1,0.269149,1.2143,1.3125,25.0804,255,321,388,3081,257.9,233,5395,49.6,0.192432,0.031373,1.2588,1.5216,12.0824,44.0,43.5,40,44,4060484.4,176475366.7,true,995000,1000000,5000,995000
protobuf,tick,48,6,141,209,276,2937,143.9,128,17647,44.8,0.311410,1.4823,1.9574,20.8298,112,134,143,2647,115.3,104,11119,33.9,0.294240,1.1964,1.2768,23.6339,258,322,397,3173,259.2,235,17839,56.9,0.219459,0.038760,1.2481,1.5388,12.2984,44.0,43.5,40,44,4087555.8,177653170.5,true,995000,1000000,5000,995000
protobuf,tick,49,7,140,209,245,2859,142.1,128,6795,34.7,0.244382,1.4929,1.7500,20.4214,112,136,145,2829,115.6,103,5363,32.6,0.282167,1.2143,1.2946,25.2589,255,320,385,3061,257.7,236,6943,48.2,0.187181,0.031373,1.2549,1.5098,12.0039,44.0,43.5,40,44,4101667.0,178264021.6,true,995000,1000000,5000,995000
protobuf,tick,50,8,142,211,280,2889,144.3,128,5775,37.8,0.261910,1.4859,1.9718,20.3451,115,138,146,2819,116.9,104,6663,34.5,0.295332,1.2000,1.2696,24.5130,259,325,408,3081,261.2,236,6811,52.0,0.198939,0.030888,1.2548,1.5753,11.8958,44.0,43.5,40,44,4090200.0,177767625.6,true,995000,1000000,5000,995000
protobuf,tick,51,9,140,209,278,2929,142.4,128,17327,49.4,0.346730,1.4929,1.9857,20.9214,112,136,146,2867,115.7,104,20911,54.2,0.468126,1.2143,1.3036,25.5982,255,321,406,3139,258.2,236,21039,74.2,0.287381,0.031373,1.2588,1.5922,12.3098,44.0,43.5,40,44,4094713.6,177961694.8,true,995000,1000000,5000,995000
protobuf,tick,52,10,140,209,275,2885,142.4,128,11959,42.6,0.299224,1.4929,1.9643,20.6071,112,136,147,2825,115.7,103,14127,37.7,0.326222,1.2143,1.3125,25.2232,255,321,405,3089,258.1,235,14263,58.0,0.224704,0.031373,1.2588,1.5882,12.1137,44.0,43.5,40,44,4100309.9,178203785.5,true,995000,1000000,5000,995000
protobuf,tick,53,11,140,209,281,2931,142.9,127,6563,41.5,0.290546,1.4929,2.0071,20.9357,112,136,146,2901,115.8,103,9191,37.3,0.321823,1.2143,1.3036,25.9018,256,322,420,3107,258.7,235,9335,56.9,0.219987,0.035156,1.2578,1.6406,12.1367,44.0,43.5,40,44,4049745.1,176013460.7,true,995000,1000000,5000,995000
protobuf,tick,54,12,140,209,281,2899,142.4,128,32447,51.3,0.360097,1.4929,2.0071,20.7071,113,136,146,2811,116.3,104,33279,59.4,0.510294,1.2035,1.2920,24.8761,256,322,418,3127,258.8,236,33439,79.1,0.305660,0.031250,1.2578,1.6328,12.2148,44.0,43.5,40,44,4035636.1,175399551.4,true,995000,1000000,5000,995000
protobuf,tick,55,13,140,209,273,2891,142.4,128,6771,40.3,0.282732,1.4929,1.9500,20.6500,112,136,145,2827,115.6,104,7675,33.8,0.292087,1.2143,1.2946,25.2411,255,321,398,3091,258.0,236,7811,53.6,0.207725,0.031373,1.2588,1.5608,12.1216,44.0,43.5,40,44,4055730.9,176267982.5,true,995000,1000000,5000,995000
protobuf,tick,56,14,140,209,278,2937,142.5,127,17711,47.0,0.329990,1.4929,1.9857,20.9786,112,136,146,2653,115.8,103,6603,33.4,0.288490,1.2143,1.3036,23.6875,255,322,408,3113,258.2,234,17903,58.9,0.227920,0.031373,1.2627,1.6000,12.2078,44.0,43.5,40,44,3977658.8,172879633.1,true,995000,1000000,5000,995000
protobuf,tick,57,15,140,209,276,2911,142.4,127,10631,43.6,0.305810,1.4929,1.9714,20.7929,112,136,145,2853,115.6,104,6539,34.9,0.301396,1.2143,1.2946,25.4732,255,321,403,3103,258.1,235,10767,56.7,0.219694,0.031373,1.2588,1.5804,12.1686,44.0,43.5,40,44,4100191.3,178201745.3,true,995000,1000000,5000,995000
protobuf,tick,58,16,140,209,277,2929,142.5,128,7339,40.2,0.282268,1.4929,1.9786,20.9214,112,136,146,2789,115.6,104,6571,34.8,0.300673,1.2143,1.3036,24.9018,256,321,404,3117,258.2,235,7775,54.3,0.210329,0.035156,1.2539,1.5781,12.1758,44.0,43.5,40,44,4100765.3,178226750.7,true,995000,1000000,5000,995000
protobuf,tick,59,17,140,209,274,2977,142.3,128,16215,46.5,0.327055,1.4929,1.9571,21.2643,112,136,146,2919,115.7,104,13031,39.5,0.341487,1.2143,1.3036,26.0625,255,321,401,3163,258.0,235,16383,61.9,0.239807,0.031373,1.2588,1.5725,12.4039,44.0,43.5,40,44,4100812.4,178234211.5,true,995000,1000000,5000,995000
protobuf,tick,60,18,153,220,291,3015,155.1,142,20783,56.1,0.361473,1.4379,1.9020,19.7059,112,136,146,2923,115.6,103,19743,44.6,0.386226,1.2143,1.3036,26.0982,266,333,425,3213,270.6,249,20991,72.5,0.267713,0.022556,1.2519,1.5977,12.0789,44.0,43.5,40,44,3637068.9,158073482.9,true,995000,1000000,5000,995000
protobuf,tick,61,19,140,209,273,2945,142.4,128,7771,39.4,0.277028,1.4929,1.9500,21.0357,112,136,146,2935,115.7,103,7815,37.2,0.321135,1.2143,1.3036,26.2054,255,321,403,3149,258.1,236,8279,55.2,0.213850,0.031373,1.2588,1.5804,12.3490,44.0,43.5,40,44,4095799.0,178009522.4,true,995000,1000000,5000,995000
protobuf,tick,62,20,140,210,308,2909,142.7,128,6747,38.8,0.272253,1.5000,2.2000,20.7786,114,137,152,2891,116.9,104,16655,44.4,0.379637,1.2018,1.3333,25.3596,257,324,571,3117,259.5,237,16799,60.1,0.231680,0.035019,1.2607,2.2218,12.1284,44.0,43.5,40,44,4096047.2,178020071.7,true,995000,1000000,5000,995000
protobuf,tick,63,21,140,209,274,2905,142.2,127,7999,41.5,0.291839,1.4929,1.9571,20.7500,112,136,145,2857,115.7,103,11823,38.3,0.330785,1.2143,1.2946,25.5089,255,321,403,3091,257.9,235,11967,57.6,0.223259,0.031373,1.2588,1.5804,12.1216,44.0,43.5,40,44,4098593.2,178128362.7,true,995000,1000000,5000,995000
protobuf,tick,64,22,140,209,274,2951,142.4,128,16071,46.5,0.326557,1.4929,1.9571,21.0786,112,136,150,2873,115.7,104,13695,42.0,0.362922,1.2143,1.3393,25.6518,255,321,400,3145,258.1,236,16335,63.8,0.247226,0.031373,1.2588,1.5686,12.3333,44.0,43.5,40,44,4094095.9,177937460.3,true,995000,1000000,5000,995000
protobuf,tick,65,23,140,209,276,2927,142.4,127,14183,47.6,0.334435,1.4929,1.9714,20.9071,112,136,146,2825,115.7,103,12399,41.0,0.354323,1.2143,1.3036,25.2232,255,321,404,3147,258.1,235,14327,63.9,0.247613,0.031373,1.2588,1.5843,12.3412,44.0,43.5,40,44,4100747.8,178225562.6,true,995000,1000000,5000,995000
protobuf,tick,66,24,140,209,274,2943,142.4,128,6783,40.1,0.281545,1.4929,1.9571,21.0214,112,136,146,2821,115.7,104,7547,36.1,0.311711,1.2143,1.3036,25.1875,255,321,400,3127,258.1,235,7691,55.1,0.213386,0.031373,1.2588,1.5686,12.2627,44.0,43.5,40,44,4095335.9,177992672.2,true,995000,1000000,5000,995000
protobuf,tick,67,25,140,209,280,2933,142.9,128,7515,41.5,0.290189,1.4929,2.0000,20.9500,112,137,152,499,115.9,104,11527,34.6,0.298398,1.2232,1.3571,4.4554,254,322,413,3095,258.8,236,11671,55.3,0.213487,0.031496,1.2677,1.6260,12.1850,44.0,43.5,40,44,4080635.8,177354875.6,true,995000,1000000,5000,995000
protobuf,tick,68,26,140,209,275,2889,143.1,127,6643,39.7,0.277632,1.4929,1.9643,20.6357,112,136,146,2837,115.7,104,8135,36.3,0.313875,1.2143,1.3036,25.3304,257,322,405,3091,258.7,235,8279,54.8,0.211864,0.035019,1.2529,1.5759,12.0272,44.0,43.5,40,44,4100705.9,178223251.3,true,995000,1000000,5000,995000
protobuf,tick,69,27,140,209,279,2937,142.5,128,7359,41.3,0.289800,1.4929,1.9929,20.9786,113,137,151,2889,116.4,104,7335,35.9,0.308400,1.2124,1.3363,25.5664,256,322,419,3111,258.9,236,7539,55.8,0.215542,0.031250,1.2578,1.6367,12.1523,44.0,43.5,40,44,4033196.6,175286601.5,true,995000,1000000,5000,995000
protobuf,tick,70,28,140,209,280,2867,142.3,126,7587,40.0,0.280798,1.4929,2.0000,20.4786,112,136,146,2869,115.8,104,13823,44.1,0.381079,1.2143,1.3036,25.6161,255,322,414,3099,258.1,233,13975,60.6,0.234887,0.031373,1.2627,1.6235,12.1529,44.0,43.5,40,44,4095227.1,177985771.4,true,995000,1000000,5000,995000
protobuf,tick,71,29,140,209,278,2911,142.4,127,33567,67.2,0.472070,1.4929,1.9857,20.7929,112,136,146,2865,115.8,103,10983,40.8,0.352496,1.2143,1.3036,25.5804,255,322,407,3173,258.2,235,33727,79.4,0.307711,0.031373,1.2627,1.5961,12.4431,44.0,43.5,40,44,4092782.5,177874955.8,true,995000,1000000,5000,995000
rkyv,book_large,42,0,485,860,946,3961,488.5,250,6515,128.4,0.262801,1.7732,1.9505,8.1670,140,160,163,3015,140.6,116,8099,45.1,0.320561,1.1429,1.1643,21.5357,624,1003,1106,4875,629.1,374,8623,139.0,0.220995,0.094551,1.6074,1.7724,7.8125,2768.0,2767.4,2288,3248,1796861.1,4972591210.3,true,95000,100000,5000,95000
rkyv,book_large,43,1,478,847,929,4127,479.5,267,5703,127.5,0.265839,1.7720,1.9435,8.6339,140,160,163,3067,140.8,115,14471,57.2,0.406271,1.1429,1.1643,21.9071,617,989,1085,4331,620.3,393,15023,142.3,0.229456,0.095624,1.6029,1.7585,7.0194,2768.0,2768.2,2288,3248,1810941.5,5013079477.2,true,95000,100000,5000,95000
rkyv,book_large,44,2,473,848,934,4367,477.7,266,7863,127.4,0.266738,1.7928,1.9746,9.2326,140,160,162,3001,140.9,116,4799,36.1,0.256058,1.1429,1.1571,21.4357,613,991,1093,5003,618.6,385,8039,135.0,0.218235,0.089723,1.6166,1.7830,8.1615,2768.0,2769.5,2288,3248,1811134.9,5015899571.9,true,95000,100000,5000,95000
rkyv,book_large,45,3,480,856,939,4171,484.1,251,16415,137.1,0.283267,1.7833,1.9563,8.6896,140,160,165,197,140.5,117,4775,32.6,0.232181,1.1429,1.1786,1.4071,619,999,1093,4447,624.6,372,16591,143.5,0.229698,0.093700,1.6139,1.7658,7.1842,2768.0,2768.2,2288,3248,1789467.9,4953638240.6,true,95000,100000,5000,95000
rkyv,book_large,46,4,473,847,933,6067,477.9,249,8711,140.4,0.293729,1.7907,1.9725,12.8266,137,160,167,3167,139.8,114,7015,52.5,0.375705,1.1679,1.2190,23.1168,611,991,1106,7303,617.8,368,8991,153.1,0.247879,0.093290,1.6219,1.8101,11.9525,2768.0,2767.6,2288,3248,1809192.7,5007152519.6,true,95000,100000,5000,95000
rkyv,book_large,47,5,480,853,940,4065,482.6,249,6855,130.8,0.271114,1.7771,1.9583,8.4688,136,155,157,237,136.4,114,3433,25.4,0.186016,1.1397,1.1544,1.7426,615,992,1092,4243,619.0,368,7039,135.9,0.219509,0.095935,1.6130,1.7756,6.8992,2768.0,2767.4,2288,3248,1821471.1,5040670651.1,true,95000,100000,5000,95000
rkyv,book_large,48,6,474,839,926,3853,473.2,258,6551,125.1,0.264313,1.7700,1.9536,8.1287,136,155,159,3111,136.8,114,6187,42.0,0.307050,1.1397,1.1691,22.8750,606,978,1086,4179,609.9,378,6731,134.4,0.220385,0.095710,1.6139,1.7921,6.8960,2768.0,2767.4,2288,3248,1812904.2,5016962333.5,true,95000,100000,5000,95000
rkyv,book_large,49,7,481,854,948,4053,483.7,250,7551,129.9,0.268650,1.7755,1.9709,8.4262,138,156,160,3159,138.8,113,7919,48.0,0.345588,1.1304,1.1594,22.8913,618,997,1107,4735,622.5,367,8439,141.4,0.227086,0.095469,1.6133,1.7913,7.6618,2768.0,2769.5,2288,3248,1795627.1,4973033310.1,true,95000,100000,5000,95000
rkyv,book_large,50,8,466,842,968,4219,471.5,249,19311,142.0,0.301130,1.8069,2.0773,9.0536,137,156,160,3067,138.0,114,14567,59.7,0.432547,1.1387,1.1679,22.3869,602,984,1131,4711,609.5,369,19503,156.4,0.256588,0.098007,1.6346,1.8787,7.8256,2768.0,2767.1,2288,3248,1771875.4,4903003006.2,true,95000,100000,5000,95000
rkyv,book_large,51,9,476,846,928,3861,479.3,269,6595,124.5,0.259720,1.7773,1.9496,8.1113,140,160,162,3147,140.8,116,4819,43.1,0.305930,1.1429,1.1571,22.4786,615,990,1091,4263,620.1,394,6803,134.5,0.216880,0.094309,1.6098,1.7740,6.9317,2768.0,2767.3,2288,3248,1816682.3,5027264003.0,true,95000,100000,5000,95000
rkyv,book_large,52,10,480,855,938,3985,483.7,250,6827,129.9,0.268485,1.7812,1.9542,8.3021,136,155,177,3087,136.9,114,4955,39.9,0.291227,1.1397,1.3015,22.6985,615,996,1106,4235,620.5,368,7007,138.8,0.223611,0.097561,1.6195,1.7984,6.8862,2768.0,2769.1,2288,3248,1810258.3,5012750392.1,true,95000,100000,5000,95000
rkyv,book_large,53,11,467,838,936,5267,471.1,254,8759,132.9,0.281984,1.7944,2.0043,11.2784,140,160,167,3183,140.8,116,8447,50.4,0.357975,1.1429,1.1929,22.7357,605,985,1152,5799,611.9,379,8927,145.2,0.237283,0.094215,1.6281,1.9041,9.5851,2768.0,2768.5,2288,3248,1804562.3,4995905562.1,true,95000,100000,5000,95000
rkyv,book_large,54,12,472,847,941,5803,476.2,254,18751,154.5,0.324498,1.7945,1.9936,12.2945,141,160,181,3195,140.7,114,6995,52.2,0.370753,1.1348,1.2837,22.6596,610,994,1138,6451,616.9,376,18959,166.9,0.270455,0.095082,1.6295,1.8656,10.5754,2768.0,2768.7,2288,3248,1811536.5,5015565160.6,true,95000,100000,5000,95000
rkyv,book_large,55,13,478,853,968,6871,483.2,258,14759,153.8,0.318250,1.7845,2.0251,14.3745,140,159,191,3299,140.7,115,7479,55.1,0.391527,1.1357,1.3643,23.5643,616,999,1167,7087,623.8,382,15095,166.8,0.267379,0.094156,1.6218,1.8945,11.5049,2768.0,2768.1,2288,3248,1796987.3,4974257589.4,true,95000,100000,5000,95000
rkyv,book_large,56,14,476,847,930,5759,477.9,257,17711,145.3,0.304069,1.7794,1.9538,12.0987,141,160,168,3115,141.0,116,8255,51.8,0.367162,1.1348,1.1915,22.0922,613,992,1111,6563,618.9,382,17919,157.2,0.254045,0.088091,1.6183,1.8124,10.7064,2768.0,2768.8,2288,3248,1793863.1,4966841629.4,true,95000,100000,5000,95000
rkyv,book_large,57,15,483,861,1045,6423,489.1,252,18255,158.7,0.324424,1.7826,2.1636,13.2981,140,160,169,3349,138.7,114,6547,52.0,0.374949,1.1429,1.2071,23.9214,620,1006,1240,6911,627.8,371,18431,170.5,0.271673,0.096774,1.6226,2.0000,11.1468,2768.0,2768.7,2288,3248,1808418.2,5006941280.2,true,95000,100000,5000,95000
rkyv,book_large,58,16,469,841,932,5575,471.1,255,8367,133.9,0.284128,1.7932,1.9872,11.8870,136,155,163,3123,136.8,114,7163,43.4,0.317457,1.1397,1.1985,22.9632,603,983,1115,5971,608.0,372,8647,144.1,0.237073,0.091211,1.6302,1.8491,9.9022,2768.0,2768.7,2288,3248,1818978.2,5036150334.5,true,95000,100000,5000,95000
rkyv,book_large,59,17,468,839,938,5819,470.1,247,8303,138.2,0.293885,1.7927,2.0043,12.4338,138,160,165,3153,140.1,119,5707,46.6,0.332382,1.1594,1.1957,22.8478,605,983,1119,6315,610.2,371,8599,149.7,0.245285,0.097521,1.6248,1.8496,10.4380,2768.0,2767.8,2288,3248,1798232.3,4977084954.8,true,95000,100000,5000,95000
rkyv,book_large,60,18,473,850,935,4043,477.4,253,6519,127.5,0.267022,1.7970,1.9767,8.5476,136,155,159,3135,136.8,114,6535,41.3,0.302117,1.1397,1.1691,23.0515,608,990,1089,4259,614.2,373,7067,136.5,0.222245,0.093750,1.6283,1.7911,7.0049,2768.0,2770.1,2288,3248,1824058.3,5052807141.3,true,95000,100000,5000,95000
rkyv,book_large,61,19,482,860,939,4123,487.8,264,7027,127.2,0.260747,1.7842,1.9481,8.5539,140,160,165,3133,140.9,116,5795,45.3,0.321662,1.1429,1.1786,22.3786,622,1005,1103,4579,628.6,385,7195,137.7,0.219021,0.091640,1.6158,1.7733,7.3617,2768.0,2767.8,2288,3248,1810041.0,5009838544.3,true,95000,100000,5000,95000
rkyv,book_large,62,20,473,845,963,4027,476.2,252,14095,134.7,0.282839,1.7865,2.0359,8.5137,141,160,163,3147,141.2,116,18271,78.0,0.552611,1.1348,1.1560,22.3191,612,991,1125,4359,617.4,374,18767,158.0,0.255981,0.091503,1.6193,1.8382,7.1225,2768.0,2767.0,2288,3248,1767662.5,4891128531.7,true,95000,100000,5000,95000
rkyv,book_large,63,21,477,851,950,4047,482.1,253,7259,128.6,0.266687,1.7841,1.9916,8.4843,140,160,172,3149,139.9,115,6075,43.0,0.307703,1.1429,1.2286,22.4929,616,995,1134,4347,621.9,376,7431,138.3,0.222364,0.092532,1.6153,1.8409,7.0568,2768.0,2767.8,2288,3248,1813769.0,5020224115.8,true,95000,100000,5000,95000
rkyv,book_large,64,22,476,844,948,5767,477.7,262,9383,142.6,0.298604,1.7731,1.9916,12.1155,141,160,166,462,141.0,114,5523,37.9,0.268630,1.1348,1.1773,3.2766,614,990,1159,6107,618.7,384,9583,151.0,0.244077,0.089577,1.6124,1.8876,9.9463,2768.0,2767.5,2288,3248,1806626.8,4999853206.8,true,95000,100000,5000,95000
rkyv,book_large,65,23,466,838,929,5271,470.3,256,14191,138.5,0.294402,1.7983,1.9936,11.3112,141,160,169,3153,140.8,116,7511,46.9,0.333071,1.1348,1.1986,22.3617,605,984,1113,5999,611.1,376,14399,149.7,0.244909,0.092562,1.6264,1.8397,9.9157,2768.0,2768.4,2288,3248,1822600.3,5045599674.1,true,95000,100000,5000,95000
rkyv,book_large,66,24,466,841,942,5831,472.0,253,8215,140.1,0.296855,1.8047,2.0215,12.5129,140,160,167,3097,140.8,116,5335,39.5,0.280658,1.1429,1.1929,22.1214,606,986,1121,6271,612.8,377,8399,148.8,0.242892,0.092409,1.6271,1.8498,10.3482,2768.0,2768.2,2288,3248,1806054.7,4999595519.8,true,95000,100000,5000,95000
rkyv,book_large,67,25,469,850,955,5471,474.7,262,10335,138.1,0.290831,1.8124,2.0362,11.6652,137,159,173,535,138.2,113,5319,36.3,0.262551,1.1606,1.2628,3.9051,605,994,1142,5767,612.9,379,10551,146.5,0.238982,0.097521,1.6430,1.8876,9.5322,2768.0,2766.7,2288,3248,1822982.2,5043561695.9,true,95000,100000,5000,95000
rkyv,book_large,68,26,482,855,955,5275,486.0,249,9343,134.6,0.276868,1.7739,1.9813,10.9440,137,159,163,4659,138.6,114,8439,66.6,0.480481,1.1606,1.1898,34.0073,618,996,1158,6119,624.7,365,9495,153.1,0.245136,0.092233,1.6117,1.8738,9.9013,2768.0,2768.6,2288,3248,1816935.2,5030398588.9,true,95000,100000,5000,95000
rkyv,book_large,69,27,481,856,1049,6663,484.4,263,22655,179.5,0.370557,1.7796,2.1809,13.8524,140,160,169,3447,141.6,115,23439,111.8,0.789484,1.1429,1.2071,24.6214,619,1002,1238,7491,626.0,386,23871,213.7,0.341360,0.098546,1.6187,2.0000,12.1018,2768.0,2766.6,2288,3248,1793090.8,4960840745.9,true,95000,100000,5000,95000
rkyv,book_large,70,28,470,849,939,4979,476.1,250,7459,130.2,0.273444,1.8064,1.9979,10.5936,141,160,193,3179,141.4,118,6379,47.2,0.333610,1.1348,1.3688,22.5461,611,995,1132,5467,617.5,372,7711,142.3,0.230408,0.096563,1.6285,1.8527,8.9476,2768.0,2768.1,2288,3248,1805102.4,4996670099.0,true,95000,100000,5000,95000
rkyv,book_large,71,29,476,848,941,5555,480.6,250,8823,136.2,0.283366,1.7815,1.9769,11.6702,140,160,169,3127,141.0,116,7415,52.5,0.372510,1.1429,1.2071,22.3357,616,995,1132,5983,621.6,379,9031,149.2,0.240095,0.094156,1.6153,1.8377,9.7127,2768.0,2768.7,2288,3248,1827721.8,5060432332.0,true,95000,100000,5000,95000
rkyv,book_medium,42,0,179,350,628,3435,201.6,138,8123,73.6,0.365233,1.9553,3.5084,19.1899,53,56,57,72,53.6,50,3421,20.5,0.381792,1.0566,1.0755,1.3585,232,404,685,3501,255.2,190,8175,76.4,0.299474,0.012931,1.7414,2.9526,15.0905,688.0,688.0,688,688,4688484.5,3225677339.2,true,95000,100000,5000,95000
rkyv,book_medium,43,1,190,375,636,3553,211.0,138,4987,69.7,0.330325,1.9737,3.3474,18.7000,53,56,57,96,53.5,50,6111,30.1,0.562596,1.0566,1.0755,1.8113,243,429,692,3615,264.5,191,6291,75.9,0.287025,0.028807,1.7654,2.8477,14.8765,688.0,688.0,688,688,4637505.7,3190603925.3,true,95000,100000,5000,95000
rkyv,book_medium,44,2,194,438,639,4639,220.9,138,8247,83.3,0.377184,2.2577,3.2938,23.9124,53,87,89,3977,55.2,50,7315,54.4,0.984616,1.6415,1.6792,75.0377,247,516,715,5107,276.1,192,8383,101.9,0.369154,0.036437,2.0891,2.8947,20.6761,688.0,688.0,688,688,4678487.0,3218799047.2,true,95000,100000,5000,95000
rkyv,book_medium,45,3,186,366,631,5107,209.6,139,7915,87.1,0.415766,1.9677,3.3925,27.4570,53,56,63,193,53.7,50,6903,36.6,0.680395,1.0566,1.1887,3.6415,240,421,692,5463,263.3,192,8099,95.5,0.362736,0.020833,1.7542,2.8833,22.7625,688.0,688.0,688,688,4686586.0,3224371194.6,true,95000,100000,5000,95000
rkyv,book_medium,46,4,186,359,633,3397,208.4,138,5695,66.9,0.321019,1.9301,3.4032,18.2634,53,56,57,85,53.6,50,3107,21.5,0.401232,1.0566,1.0755,1.6038,239,413,688,3453,262.0,190,5751,70.3,0.268294,0.016736,1.7280,2.8787,14.4477,688.0,688.0,688,688,4698163.1,3232336180.4,true,95000,100000,5000,95000
rkyv,book_medium,47,5,186,365,634,3433,209.0,139,6963,74.4,0.356012,1.9624,3.4086,18.4570,53,56,57,68,53.5,50,3015,13.3,0.248197,1.0566,1.0755,1.2830,239,419,689,3487,262.5,192,7019,75.6,0.288053,0.016736,1.7531,2.8828,14.5900,688.0,688.0,688,688,4703480.9,3235994878.1,true,95000,100000,5000,95000
rkyv,book_medium,48,6,180,367,631,3419,203.6,140,6287,75.4,0.370487,2.0389,3.5056,18.9944,53,56,94,180,53.7,50,4395,26.8,0.500060,1.0566,1.7736,3.3962,234,422,689,3585,257.3,193,6343,80.3,0.312169,0.017094,1.8034,2.9444,15.3205,688.0,688.0,688,688,4695018.1,3230172419.8,true,95000,100000,5000,95000
rkyv,book_medium,49,7,187,364,631,3355,209.7,136,5735,76.2,0.363149,1.9465,3.3743,17.9412,53,57,59,64,53.6,50,4387,16.9,0.314782,1.0755,1.1132,1.2075,241,418,686,3465,263.3,188,5791,78.0,0.296355,0.020747,1.7344,2.8465,14.3776,688.0,688.0,688,688,4687429.4,3224951413.6,true,95000,100000,5000,95000
rkyv,book_medium,50,8,185,362,634,3531,208.3,137,4911,68.4,0.328187,1.9568,3.4270,19.0865,53,56,57,103,53.7,50,5043,26.0,0.484732,1.0566,1.0755,1.9434,239,417,689,3603,262.0,188,5223,73.2,0.279405,0.016736,1.7448,2.8828,15.0753,688.0,688.0,688,688,4695274.7,3230348990.4,true,95000,100000,5000,95000
rkyv,book_medium,51,9,195,387,622,3425,217.9,137,13383,81.0,0.371798,1.9846,3.1897,17.5641,58,60,62,86,58.3,54,5867,30.9,0.530584,1.0345,1.0690,1.4828,254,447,685,3557,276.1,195,13487,86.9,0.314552,0.023622,1.7598,2.6969,14.0039,688.0,688.0,688,688,4589633.2,3157667619.9,true,95000,100000,5000,95000
rkyv,book_medium,52,10,185,361,623,3461,207.5,136,6147,71.6,0.344871,1.9514,3.3676,18.7081,53,56,57,175,53.8,50,3233,27.9,0.518322,1.0566,1.0755,3.3019,239,416,679,3519,261.3,189,6203,76.8,0.293947,0.016736,1.7406,2.8410,14.7238,688.0,688.0,688,688,4703956.0,3236321750.0,true,95000,100000,5000,95000
rkyv,book_medium,53,11,186,364,629,3453,208.8,138,5779,73.4,0.351466,1.9570,3.3817,18.5645,53,56,57,73,53.5,50,2857,9.2,0.171571,1.0566,1.0755,1.3774,240,419,684,3509,262.3,191,5835,74.0,0.282177,0.020833,1.7458,2.8500,14.6208,688.0,688.0,688,688,4682108.3,3221290482.7,true,95000,100000,5000,95000
rkyv,book_medium,54,12,179,350,621,3561,202.6,137,5883,76.6,0.377903,1.9553,3.4693,19.8939,53,56,57,77,53.6,50,3503,19.9,0.371137,1.0566,1.0755,1.4528,233,404,678,3679,256.1,190,5959,79.2,0.309053,0.017167,1.7339,2.9099,15.7897,688.0,688.0,688,688,4702318.5,3235195121.5,true,95000,100000,5000,95000
rkyv,book_medium,55,13,185,364,623,3457,208.0,138,5771,68.9,0.331103,1.9676,3.3676,18.6865,53,56,57,68,53.6,50,4707,22.7,0.422617,1.0566,1.0755,1.2830,239,418,683,3579,261.6,191,5827,72.5,0.277202,0.016736,1.7490,2.8577,14.9749,688.0,688.0,688,688,4706068.8,3237775366.9,true,95000,100000,5000,95000
rkyv,book_medium,56,14,187,362,631,3427,209.4,144,6239,70.2,0.335051,1.9358,3.3743,18.3262,53,56,57,62,53.4,50,3537,15.9,0.297333,1.0566,1.0755,1.1698,241,416,686,3525,262.9,197,6295,72.0,0.273795,0.020747,1.7261,2.8465,14.6266,688.0,688.0,688,688,4694012.4,3229480532.4,true,95000,100000,5000,95000
rkyv,book_medium,57,15,185,357,630,3319,207.3,140,5707,68.2,0.329092,1.9297,3.4054,17.9405,55,58,60,65,55.3,52,3495,21.0,0.379067,1.0545,1.0909,1.1818,240,415,688,3441,262.6,194,5767,71.4,0.271944,0.016667,1.7292,2.8667,14.3375,688.0,688.0,688,688,4650692.1,3199676194.3,true,95000,100000,5000,95000
rkyv,book_medium,58,16,186,353,603,3443,208.2,137,6923,71.5,0.343644,1.8978,3.2419,18.5108,53,56,57,59,53.5,50,3109,10.0,0.186706,1.0566,1.0755,1.1132,239,406,659,3497,261.7,190,6979,72.3,0.276160,0.016736,1.6987,2.7573,14.6318,688.0,688.0,688,688,4702619.0,3235401870.2,true,95000,100000,5000,95000
rkyv,book_medium,59,17,185,358,624,3495,207.7,138,6151,72.2,0.347643,1.9351,3.3730,18.8919,53,56,57,84,53.8,50,4579,28.2,0.525310,1.0566,1.0755,1.5849,239,413,681,3585,261.5,191,6203,77.7,0.296985,0.020921,1.7280,2.8494,15.0000,688.0,688.0,688,688,4698323.8,3232446802.5,true,95000,100000,5000,95000
rkyv,book_medium,60,18,185,356,638,3371,208.3,139,6195,69.7,0.334582,1.9243,3.4486,18.2216,53,56,57,59,53.6,50,3493,17.8,0.332765,1.0566,1.0755,1.1132,239,410,694,3439,261.9,192,6255,72.0,0.274847,0.016736,1.7155,2.9038,14.3891,688.0,688.0,688,688,4685623.7,3223709137.8,true,95000,100000,5000,95000
rkyv,book_medium,61,19,186,385,626,3387,209.3,139,6767,71.9,0.343535,2.0699,3.3656,18.2097,53,56,83,139,53.6,50,3225,14.4,0.269089,1.0566,1.5660,2.6226,240,440,683,3447,262.8,192,6823,73.6,0.280019,0.020833,1.8333,2.8458,14.3625,688.0,688.0,688,688,4699293.9,3233114212.7,true,95000,100000,5000,95000
rkyv,book_medium,62,20,179,351,624,3315,202.2,139,5243,71.1,0.351583,1.9609,3.4860,18.5196,53,56,57,74,53.6,50,3409,20.3,0.379613,1.0566,1.0755,1.3962,233,405,680,3437,255.8,192,5311,74.0,0.289305,0.017167,1.7382,2.9185,14.7511,688.0,688.0,688,688,4704966.4,3237016892.8,true,95000,100000,5000,95000
rkyv,book_medium,63,21,185,367,619,3281,208.1,138,5939,69.6,0.334746,1.9838,3.3459,17.7351,54,56,57,88,54.3,51,4923,29.8,0.548426,1.0370,1.0556,1.6296,240,423,676,3425,262.4,192,5995,76.0,0.289484,0.020833,1.7625,2.8167,14.2708,688.0,688.0,688,688,4672758.8,3214858074.5,true,95000,100000,5000,95000
rkyv,book_medium,64,22,186,366,626,3201,208.7,137,4603,63.1,0.302292,1.9677,3.3656,17.2097,53,56,57,103,53.9,50,9743,44.9,0.833696,1.0566,1.0755,1.9434,240,421,681,3507,262.5,188,9919,77.5,0.295229,0.016667,1.7542,2.8375,14.6125,688.0,688.0,688,688,4696320.8,3231068722.9,true,95000,100000,5000,95000
rkyv,book_medium,65,23,185,350,612,3241,207.5,138,5455,63.6,0.306467,1.8919,3.3081,17.5189,53,56,57,109,53.7,50,5851,30.4,0.565364,1.0566,1.0755,2.0566,239,405,670,3501,261.2,191,6035,70.5,0.270112,0.016736,1.6946,2.8033,14.6485,688.0,688.0,688,688,4728506.6,3253212522.5,true,95000,100000,5000,95000
rkyv,book_medium,66,24,186,369,632,3299,209.0,140,6095,68.2,0.326240,1.9839,3.3978,17.7366,56,58,62,101,55.9,52,3509,17.5,0.313373,1.0357,1.1071,1.8036,242,425,688,3387,264.9,195,6155,70.5,0.266175,0.020661,1.7562,2.8430,13.9959,688.0,688.0,688,688,4617349.3,3176736336.0,true,95000,100000,5000,95000
rkyv,book_medium,67,25,187,361,623,3219,209.4,141,6095,64.4,0.307392,1.9305,3.3316,17.2139,53,56,57,78,53.6,50,5059,24.1,0.450270,1.0566,1.0755,1.4717,241,416,678,3329,263.0,194,6159,68.8,0.261643,0.016598,1.7261,2.8133,13.8133,688.0,688.0,688,688,4681528.4,3220891562.1,true,95000,100000,5000,95000
rkyv,book_medium,68,26,189,362,624,3329,211.0,140,6615,67.8,0.321063,1.9153,3.3016,17.6138,53,56,57,77,53.5,50,5195,23.8,0.444777,1.0566,1.0755,1.4528,243,417,679,3433,264.6,193,6687,71.9,0.271925,0.024691,1.7160,2.7942,14.1276,688.0,688.0,688,688,4678903.8,3219085829.9,true,95000,100000,5000,95000
rkyv,book_medium,69,27,185,356,621,3299,207.5,138,4731,66.8,0.321849,1.9243,3.3568,17.8324,53,56,74,145,53.9,50,5731,39.2,0.727469,1.0566,1.3962,2.7358,239,416,677,3585,261.4,193,5915,77.5,0.296489,0.016736,1.7406,2.8326,15.0000,688.0,688.0,688,688,4701242.0,3234454502.0,true,95000,100000,5000,95000
rkyv,book_medium,70,28,192,361,606,3391,212.1,137,14815,82.2,0.387501,1.8802,3.1562,17.6615,53,56,57,89,53.8,50,6319,32.9,0.611370,1.0566,1.0755,1.6792,246,416,664,3505,265.9,191,14903,88.7,0.333529,0.032520,1.6911,2.6992,14.2480,688.0,688.0,688,688,4744032.0,3263894021.3,true,95000,100000,5000,95000
rkyv,book_medium,71,29,186,374,628,3449,208.9,139,5931,71.6,0.342889,2.0108,3.3763,18.5430,53,56,57,64,53.6,50,4727,20.2,0.377019,1.0566,1.0755,1.2075,239,428,682,3531,262.4,192,5987,74.5,0.283702,0.016736,1.7908,2.8536,14.7741,688.0,688.0,688,688,4674496.8,3216053816.4,true,95000,100000,5000,95000
rkyv,book_small,42,0,172,247,523,4327,177.3,136,8767,68.5,0.386250,1.4360,3.0407,25.1570,36,38,41,159,35.8,32,4239,23.4,0.653233,1.0556,1.1389,4.4167,207,283,576,4503,213.0,172,8927,73.4,0.344512,0.009662,1.3671,2.7826,21.7536,208.0,208.0,208,208,5743846.9,1194720159.2,true,95000,100000,5000,95000
rkyv,book_small,43,1,171,253,535,5027,178.1,138,7475,74.9,0.420745,1.4795,3.1287,29.3977,36,38,87,175,35.9,32,7071,33.9,0.942062,1.0556,2.4167,4.8611,207,289,602,5267,214.0,174,7511,83.0,0.387713,0.009662,1.3961,2.9082,25.4444,208.0,208.0,208,208,5791260.9,1204582265.1,true,95000,100000,5000,95000
rkyv,book_small,44,2,171,247,515,4915,177.5,136,7739,72.9,0.410577,1.4444,3.0117,28.7427,36,38,45,174,35.9,32,4531,30.0,0.834954,1.0556,1.2500,4.8333,207,283,584,4987,213.4,169,7875,79.9,0.374632,0.009662,1.3671,2.8213,24.0918,208.0,208.0,208,208,5782464.9,1202752696.8,true,95000,100000,5000,95000
rkyv,book_small,45,3,159,241,491,4895,165.5,137,8479,73.5,0.444137,1.5157,3.0881,30.7862,36,38,42,130,35.7,32,4307,14.1,0.393598,1.0556,1.1667,3.6111,195,277,557,4999,201.3,172,8599,75.5,0.375321,0.010256,1.4205,2.8564,25.6359,208.0,208.0,208,208,5786419.5,1203575252.0,true,95000,100000,5000,95000
rkyv,book_small,46,4,171,245,498,5171,177.1,137,8075,73.5,0.415169,1.4327,2.9123,30.2398,36,38,39,122,35.8,32,4659,23.3,0.651642,1.0556,1.0833,3.3889,207,281,556,5223,212.9,173,8215,77.8,0.365445,0.009662,1.3575,2.6860,25.2319,208.0,208.0,208,208,5793660.1,1205081296.0,true,95000,100000,5000,95000
rkyv,book_small,47,5,159,237,456,3317,165.2,137,6391,52.5,0.317808,1.4906,2.8679,20.8616,36,38,38,65,35.8,32,5075,27.4,0.763217,1.0556,1.0556,1.8056,195,273,500,3449,201.0,173,6431,59.2,0.294524,0.010256,1.4000,2.5641,17.6872,208.0,208.0,208,208,5794154.8,1205184195.0,true,95000,100000,5000,95000
rkyv,book_small,48,6,159,235,446,3227,165.2,137,6759,52.5,0.317903,1.4780,2.8050,20.2956,36,38,38,57,35.8,32,5627,26.5,0.739739,1.0556,1.0556,1.5833,195,271,489,3431,201.0,173,6815,58.9,0.292935,0.010256,1.3897,2.5077,17.5949,208.0,208.0,208,208,5777939.0,1201811304.8,true,95000,100000,5000,95000
rkyv,book_small,49,7,171,247,466,3297,177.2,137,6855,55.6,0.313966,1.4444,2.7251,19.2807,36,38,38,46,35.7,32,3715,18.1,0.506074,1.0556,1.0556,1.2778,207,282,512,3347,212.9,172,6891,58.5,0.274827,0.009662,1.3623,2.4734,16.1691,208.0,208.0,208,208,5753191.1,1196663754.7,true,95000,100000,5000,95000
rkyv,book_small,50,8,172,243,496,3375,177.2,136,5339,50.3,0.284032,1.4128,2.8837,19.6221,36,38,38,47,35.8,32,3407,20.2,0.564868,1.0556,1.0556,1.3056,207,278,537,3437,213.0,172,5383,54.3,0.254854,0.009662,1.3430,2.5942,16.6039,208.0,208.0,208,208,5796111.1,1205591111.8,true,95000,100000,5000,95000
rkyv,book_small,51,9,159,235,475,3223,164.6,137,5395,51.1,0.310256,1.4780,2.9874,20.2704,36,38,38,59,35.8,32,5587,26.6,0.744401,1.0556,1.0556,1.6389,194,271,515,3413,200.4,170,5747,57.7,0.287845,0.010309,1.3969,2.6546,17.5928,208.0,208.0,208,208,5793449.9,1205037569.3,true,95000,100000,5000,95000
rkyv,book_small,52,10,159,238,480,3275,165.3,137,6759,57.0,0.344603,1.4969,3.0189,20.5975,36,38,38,63,35.8,32,4455,24.2,0.675274,1.0556,1.0556,1.7500,195,274,521,3417,201.1,172,6795,61.9,0.307787,0.010256,1.4051,2.6718,17.5231,208.0,208.0,208,208,5768228.5,1199791518.0,true,95000,100000,5000,95000
rkyv,book_small,53,11,171,245,459,3253,176.7,137,6199,50.4,0.285269,1.4327,2.6842,19.0234,36,38,42,55,35.7,32,4319,19.6,0.548031,1.0556,1.1667,1.5278,207,281,502,3313,212.4,174,6259,54.1,0.254818,0.009662,1.3575,2.4251,16.0048,208.0,208.0,208,208,5791362.2,1204603340.5,true,95000,100000,5000,95000
rkyv,book_small,54,12,172,245,466,3405,177.6,138,5719,57.2,0.321863,1.4244,2.7093,19.7965,36,38,38,49,35.7,32,3145,17.1,0.479191,1.0556,1.0556,1.3611,207,281,508,3439,213.3,174,5755,59.7,0.280039,0.009662,1.3575,2.4541,16.6135,208.0,208.0,208,208,5781868.7,1202628693.1,true,95000,100000,5000,95000
rkyv,book_small,55,13,159,236,454,3275,165.1,138,5443,52.0,0.314884,1.4843,2.8553,20.5975,36,38,38,55,35.7,32,3401,18.0,0.502654,1.0556,1.0556,1.5278,195,272,498,3409,200.8,174,5479,55.0,0.274150,0.010256,1.3949,2.5538,17.4821,208.0,208.0,208,208,5787855.4,1203873915.2,true,95000,100000,5000,95000
rkyv,book_small,56,14,159,237,465,3225,165.1,138,5287,47.4,0.287394,1.4906,2.9245,20.2830,36,38,38,62,35.6,32,162,1.3,0.035327,1.0556,1.0556,1.7222,195,272,500,3285,200.7,174,5347,47.7,0.237795,0.010256,1.3949,2.5641,16.8462,208.0,208.0,208,208,5743201.4,1194585890.1,true,95000,100000,5000,95000
rkyv,book_small,57,15,173,243,477,3269,177.5,138,5667,53.0,0.298408,1.4046,2.7572,18.8960,36,38,39,68,35.8,31,3107,23.4,0.654477,1.0556,1.0833,1.8889,208,279,523,3317,213.3,173,5719,58.1,0.272320,0.009615,1.3413,2.5144,15.9471,208.0,208.0,208,208,5785990.9,1203486114.4,true,95000,100000,5000,95000
rkyv,book_small,58,16,159,236,469,3155,165.4,136,20463,79.7,0.482284,1.4843,2.9497,19.8428,38,41,41,85,38.4,35,3331,26.6,0.692596,1.0789,1.0789,2.2368,198,275,519,3269,203.7,174,20543,84.2,0.413256,0.010101,1.3889,2.6212,16.5101,208.0,208.0,208,208,5694961.6,1184552003.2,true,95000,100000,5000,95000
rkyv,book_small,59,17,159,235,476,3381,164.8,136,6667,53.8,0.326548,1.4780,2.9937,21.2642,36,38,38,51,35.7,32,5371,19.9,0.556445,1.0556,1.0556,1.4167,195,271,515,3465,200.5,172,6711,57.4,0.286209,0.010256,1.3897,2.6410,17.7692,208.0,208.0,208,208,5788913.1,1204093919.3,true,95000,100000,5000,95000
rkyv,book_small,60,18,160,235,481,3265,165.3,137,6947,54.5,0.329811,1.4688,3.0063,20.4062,36,38,38,45,35.8,32,3337,17.7,0.493498,1.0556,1.0556,1.2500,195,271,518,3403,201.1,172,6999,57.4,0.285141,0.010256,1.3897,2.6564,17.4513,208.0,208.0,208,208,5792162.0,1204769693.0,true,95000,100000,5000,95000
rkyv,book_small,61,19,159,240,475,3249,165.4,138,7231,51.4,0.310988,1.5094,2.9874,20.4340,36,38,38,60,35.9,32,4547,26.6,0.741293,1.0556,1.0556,1.6667,195,276,522,3389,201.3,173,7279,58.0,0.287926,0.010256,1.4154,2.6769,17.3795,208.0,208.0,208,208,5793829.7,1205116573.7,true,95000,100000,5000,95000
rkyv,book_small,62,20,159,237,482,3489,165.1,137,6603,60.3,0.365189,1.4906,3.0314,21.9434,36,38,38,49,35.7,32,4175,17.3,0.484322,1.0556,1.0556,1.3611,195,273,522,3557,200.8,173,6655,62.8,0.312865,0.010256,1.4000,2.6769,18.2410,208.0,208.0,208,208,5778068.3,1201838204.2,true,95000,100000,5000,95000
rkyv,book_small,63,21,159,240,494,3623,165.8,138,19103,100.0,0.603175,1.5094,3.1069,22.7862,36,38,38,45,35.6,32,147,1.2,0.032875,1.0556,1.0556,1.2500,195,276,530,3659,201.4,172,19167,100.1,0.496994,0.010256,1.4154,2.7179,18.7641,208.0,208.0,208,208,5783692.1,1203007958.2,true,95000,100000,5000,95000
rkyv,book_small,64,22,159,239,470,3323,165.1,137,13519,66.6,0.403551,1.5031,2.9560,20.8994,36,38,38,45,35.7,32,3031,9.8,0.274389,1.0556,1.0556,1.2500,194,275,507,3361,200.8,171,13607,67.5,0.336042,0.010309,1.4175,2.6134,17.3247,208.0,208.0,208,208,5783966.8,1203065088.4,true,95000,100000,5000,95000
rkyv,book_small,65,23,172,244,461,3197,177.0,138,7627,55.7,0.314883,1.4186,2.6802,18.5872,36,38,38,44,35.7,32,3073,13.5,0.377772,1.0556,1.0556,1.2222,207,280,506,3243,212.7,172,7667,57.4,0.269748,0.009662,1.3527,2.4444,15.6667,208.0,208.0,208,208,5793139.0,1204972903.7,true,95000,100000,5000,95000
rkyv,book_small,66,24,171,249,517,3509,178.1,137,6227,62.4,0.350421,1.4561,3.0234,20.5205,40,42,82,110,39.9,36,5563,20.5,0.514033,1.0500,2.0500,2.7500,211,289,584,3623,217.9,176,6267,66.1,0.303118,0.009479,1.3697,2.7678,17.1706,208.0,208.0,208,208,5648180.4,1174821529.4,true,95000,100000,5000,95000
rkyv,book_small,67,25,159,234,466,3189,165.1,137,6927,52.7,0.318987,1.4717,2.9308,20.0566,36,38,38,46,35.7,32,4499,19.9,0.556425,1.0556,1.0556,1.2778,195,270,510,3269,200.8,172,6971,56.3,0.280377,0.010256,1.3846,2.6154,16.7641,208.0,208.0,208,208,5781673.4,1202588071.8,true,95000,100000,5000,95000
rkyv,book_small,68,26,172,245,523,3247,177.6,139,5563,56.2,0.316342,1.4244,3.0407,18.8779,39,41,42,47,39.4,36,4527,14.6,0.370371,1.0513,1.0769,1.2051,211,285,564,3367,217.0,177,5611,58.1,0.267701,0.009479,1.3507,2.6730,15.9573,208.0,208.0,208,208,5658993.3,1177070616.7,true,95000,100000,5000,95000
rkyv,book_small,69,27,159,236,462,3469,165.1,137,5475,52.0,0.315011,1.4843,2.9057,21.8176,36,38,39,99,35.7,32,3303,14.6,0.408003,1.0556,1.0833,2.7500,195,272,506,3527,200.8,172,5539,54.4,0.270847,0.010256,1.3949,2.5949,18.0872,208.0,208.0,208,208,5786402.9,1203571806.4,true,95000,100000,5000,95000
rkyv,book_small,70,28,161,236,458,3163,166.4,139,7067,54.8,0.329349,1.4658,2.8447,19.6460,36,38,38,44,35.6,32,3393,18.1,0.508009,1.0556,1.0556,1.2222,196,272,495,3343,202.0,174,7103,57.7,0.285799,0.010204,1.3878,2.5255,17.0561,208.0,208.0,208,208,5718909.0,1189533072.1,true,95000,100000,5000,95000
rkyv,book_small,71,29,171,243,441,3137,176.7,138,6019,48.0,0.271462,1.4211,2.5789,18.3450,36,38,38,45,35.7,32,3199,13.9,0.388238,1.0556,1.0556,1.2500,207,279,479,3183,212.5,173,6059,50.0,0.235397,0.009662,1.3478,2.3140,15.3768,208.0,208.0,208,208,5741344.5,1194199646.6,true,95000,100000,5000,95000
rkyv,burst,42,0,67,361,586,2915,103.0,63,19775,77.5,0.753107,5.3881,8.7463,43.5075,26,87,155,161,35.6,24,4119,26.5,0.745967,3.3462,5.9615,6.1923,93,463,726,3027,138.5,87,19807,94.6,0.682714,0.021505,4.9785,7.8065,32.5484,64.0,113.0,64,3248,7762890.2,877129636.8,true,995000,1000000,5000,995000
rkyv,burst,43,1,67,370,604,2915,102.7,63,13607,78.1,0.759796,5.5224,9.0149,43.5075,26,87,151,158,35.4,24,6515,27.1,0.764953,3.3462,5.8077,6.0769,93,471,742,3043,138.1,88,13631,95.2,0.689420,0.021505,5.0645,7.9785,32.7204,64.0,113.0,64,3248,7771017.1,877785979.0,true,995000,1000000,5000,995000
rkyv,burst,44,2,69,369,600,2873,100.9,63,8767,75.8,0.751163,5.3478,8.6957,41.6377,26,91,160,166,36.0,24,5751,27.0,0.748249,3.5000,6.1538,6.3846,95,466,745,3003,137.0,88,8999,92.2,0.673236,0.031579,4.9053,7.8421,31.6105,64.0,112.6,64,3248,7719216.5,869090311.4,true,995000,1000000,5000,995000
rkyv,burst,45,3,67,365,592,2971,104.4,63,9255,79.8,0.764306,5.4478,8.8358,44.3433,26,87,156,168,35.6,24,6287,28.5,0.800928,3.3462,6.0000,6.4615,93,461,733,3083,139.9,87,9351,97.4,0.695815,0.021505,4.9570,7.8817,33.1505,64.0,112.5,64,3248,7784681.9,875544718.4,true,995000,1000000,5000,995000
rkyv,burst,46,4,67,370,601,2845,103.8,63,15375,79.7,0.767637,5.5224,8.9701,42.4627,26,87,157,167,35.6,24,6107,27.6,0.775063,3.3462,6.0385,6.4231,93,474,743,2999,139.3,87,15495,97.2,0.697360,0.032258,5.0968,7.9892,32.2473,64.0,112.5,64,3248,7804482.1,877664985.5,true,995000,1000000,5000,995000
rkyv,burst,47,5,67,360,591,2839,103.1,63,7711,75.3,0.730454,5.3731,8.8209,42.3731,26,87,156,165,35.7,24,6475,29.9,0.838595,3.3462,6.0000,6.3462,93,462,733,2957,138.8,88,7983,94.0,0.677172,0.021505,4.9677,7.8817,31.7957,64.0,112.8,64,3248,7752316.9,874739029.4,true,995000,1000000,5000,995000
rkyv,burst,48,6,67,351,595,2875,102.7,63,15687,78.2,0.761143,5.2388,8.8806,42.9104,26,87,163,171,35.6,24,7411,28.3,0.795209,3.3462,6.2692,6.5769,93,445,741,3025,138.4,87,15823,95.9,0.692712,0.021505,4.7849,7.9677,32.5269,64.0,111.9,64,3248,7775005.6,869979707.2,true,995000,1000000,5000,995000
rkyv,burst,49,7,67,355,585,2923,101.6,63,6387,73.4,0.722229,5.2985,8.7313,43.6269,26,92,154,159,35.6,24,14047,31.1,0.872000,3.5385,5.9231,6.1154,93,450,723,3063,137.3,88,14111,92.2,0.671814,0.021505,4.8387,7.7742,32.9355,64.0,112.3,64,3248,7801697.0,876184551.5,true,995000,1000000,5000,995000
rkyv,burst,50,8,67,361,599,2925,102.6,63,17983,79.8,0.777285,5.3881,8.9403,43.6567,26,87,156,168,35.6,24,6715,30.2,0.848113,3.3462,6.0000,6.4615,93,462,740,3105,138.2,88,18095,97.6,0.705919,0.021505,4.9677,7.9570,33.3871,64.0,112.9,64,3248,7765375.2,877030499.3,true,995000,1000000,5000,995000
rkyv,burst,51,9,67,371,609,2173,99.5,63,15831,76.3,0.766457,5.5373,9.0896,32.4328,26,89,157,170,35.6,24,4659,24.4,0.684437,3.4231,6.0385,6.5385,93,467,754,2989,135.1,87,15911,91.7,0.678883,0.021505,5.0215,8.1075,32.1398,64.0,112.5,64,3248,7690527.4,865528215.1,true,995000,1000000,5000,995000
rkyv,burst,52,10,68,351,581,1078,103.9,63,17727,77.7,0.747593,5.1618,8.5441,15.8529,26,86,162,180,35.6,24,18975,36.7,1.033101,3.3077,6.2308,6.9231,94,445,725,3061,139.4,87,19135,98.0,0.702624,0.031915,4.7340,7.7128,32.5638,64.0,112.1,64,3248,7766636.3,870929081.5,true,995000,1000000,5000,995000
rkyv,burst,53,11,67,365,597,2833,100.3,63,6075,73.2,0.730139,5.4478,8.9104,42.2836,26,87,158,168,35.4,24,4707,26.1,0.738096,3.3462,6.0769,6.4615,93,459,739,3075,135.6,87,6099,89.4,0.659432,0.021505,4.9355,7.9462,33.0645,64.0,112.5,64,3248,7797667.5,876917822.6,true,995000,1000000,5000,995000
rkyv,burst,54,12,67,359,596,999,104.0,63,10783,75.6,0.727153,5.3582,8.8955,14.9104,26,87,154,161,35.6,24,13783,31.5,0.886407,3.3462,5.9231,6.1923,93,456,738,3013,139.5,87,13967,94.7,0.678938,0.021505,4.9032,7.9355,32.3978,64.0,112.8,64,3248,7724878.7,871373084.1,true,995000,1000000,5000,995000
rkyv,burst,55,13,67,357,590,935,101.5,63,16559,73.8,0.726485,5.3284,8.8060,13.9552,26,86,151,156,35.5,24,4399,25.7,0.723481,3.3077,5.8077,6.0000,93,451,725,2993,137.1,88,16591,90.5,0.660514,0.021505,4.8495,7.7957,32.1828,64.0,112.3,64,3248,7802940.0,876553513.4,true,995000,1000000,5000,995000
rkyv,burst,56,14,68,360,600,984,99.2,63,6631,71.7,0.723044,5.2941,8.8235,14.4706,26,87,152,164,35.4,24,6799,27.3,0.772914,3.3462,5.8462,6.3077,93,454,735,2953,134.5,87,6935,88.2,0.655560,0.021505,4.8817,7.9032,31.7527,64.0,112.3,64,3248,7661704.3,860293118.9,true,995000,1000000,5000,995000
rkyv,burst,57,15,67,355,594,2991,103.7,63,22431,86.8,0.837176,5.2985,8.8657,44.6418,26,89,155,163,35.7,24,16415,31.4,0.879561,3.4231,5.9615,6.2692,93,450,733,3127,139.3,87,22687,104.1,0.746913,0.021505,4.8387,7.8817,33.6237,64.0,112.8,64,3248,7792100.9,878931184.4,true,995000,1000000,5000,995000
rkyv,burst,58,16,69,376,600,936,103.1,63,7831,73.9,0.716531,5.4493,8.6957,13.5652,26,87,159,167,35.5,24,6659,29.6,0.835353,3.3462,6.1154,6.4231,95,475,742,3011,138.6,88,8011,92.4,0.666923,0.031579,5.0000,7.8105,31.6947,64.0,113.1,64,3248,7765821.2,878300114.0,true,995000,1000000,5000,995000
rkyv,burst,59,17,67,367,601,959,100.1,63,7663,75.7,0.756586,5.4776,8.9701,14.3134,26,87,156,169,35.5,24,8351,30.6,0.861893,3.3462,6.0000,6.5000,93,463,745,3193,135.6,87,8519,93.1,0.686907,0.021505,4.9785,8.0108,34.3333,64.0,112.8,64,3248,7763541.8,875637945.6,true,995000,1000000,5000,995000
rkyv,burst,60,18,69,381,615,1219,101.4,63,8871,75.0,0.740014,5.5217,8.9130,17.6667,26,88,157,168,36.1,24,6443,29.3,0.813349,3.3846,6.0385,6.4615,95,470,761,3017,137.5,87,9015,92.2,0.670705,0.031579,4.9474,8.0105,31.7579,64.0,112.5,64,3248,7693126.8,865392919.9,true,995000,1000000,5000,995000
rkyv,burst,61,19,67,378,600,986,100.1,63,7951,73.5,0.734020,5.6418,8.9552,14.7164,26,87,156,164,35.4,24,18847,33.5,0.946159,3.3462,6.0000,6.3077,93,466,742,2971,135.5,88,18975,92.2,0.680469,0.021505,5.0108,7.9785,31.9462,64.0,112.4,64,3248,7787392.4,875614149.4,true,995000,1000000,5000,995000
rkyv,burst,62,20,68,361,604,2983,102.3,63,17807,78.4,0.766217,5.3088,8.8824,43.8676,30,87,151,160,37.1,24,16447,33.6,0.906919,2.9000,5.0333,5.3333,97,458,740,3109,139.4,88,17887,96.3,0.690613,0.041237,4.7216,7.6289,32.0515,64.0,112.3,64,3248,7644224.1,858680684.1,true,995000,1000000,5000,995000
rkyv,burst,63,21,77,354,590,3011,109.5,68,7311,74.3,0.678711,4.5974,7.6623,39.1039,26,87,156,164,35.5,24,7331,27.5,0.772670,3.3462,6.0000,6.3077,102,450,731,3107,145.0,93,7511,91.5,0.631273,0.019608,4.4118,7.1667,30.4608,64.0,112.5,64,3248,7385210.3,831116042.1,true,995000,1000000,5000,995000
rkyv,burst,64,22,67,368,607,2723,105.6,63,21327,85.6,0.811419,5.4925,9.0597,40.6418,26,87,157,171,35.5,24,19215,42.8,1.202688,3.3462,6.0385,6.5769,93,471,750,3155,141.1,87,21615,107.6,0.762443,0.032258,5.0645,8.0645,33.9247,64.0,112.1,64,3248,7778671.7,871892188.1,true,995000,1000000,5000,995000
rkyv,burst,65,23,67,356,583,2939,102.4,63,13703,75.1,0.733478,5.3134,8.7015,43.8657,26,86,156,165,35.5,24,12831,28.9,0.813130,3.3077,6.0000,6.3462,93,451,724,3067,137.9,87,13791,93.1,0.675237,0.032258,4.8495,7.7849,32.9785,64.0,112.0,64,3248,7782819.9,871625139.5,true,995000,1000000,5000,995000
rkyv,burst,66,24,68,354,598,1025,98.8,63,7187,70.4,0.711824,5.2059,8.7941,15.0735,27,109,157,168,35.9,24,5755,25.8,0.718293,4.0370,5.8148,6.2222,94,454,736,3109,134.8,88,7247,86.5,0.642079,0.021277,4.8298,7.8298,33.0745,64.0,112.5,64,3248,7808523.6,878210762.9,true,995000,1000000,5000,995000
rkyv,burst,67,25,68,365,604,2919,101.1,63,6695,74.2,0.733983,5.3676,8.8824,42.9265,26,86,157,166,35.4,24,4303,25.8,0.730597,3.3077,6.0385,6.3846,93,453,748,3033,136.5,88,6815,90.5,0.662828,0.021505,4.8710,8.0430,32.6129,64.0,112.0,64,3248,7774716.5,870737805.7,true,995000,1000000,5000,995000
rkyv,burst,68,26,67,368,598,972,103.8,63,16191,79.9,0.769966,5.4925,8.9254,14.5075,26,87,159,170,35.8,24,6755,29.1,0.812751,3.3462,6.1154,6.5385,93,472,741,3035,139.6,87,16263,98.0,0.701788,0.021505,5.0753,7.9677,32.6344,64.0,112.7,64,3248,7747004.0,873262284.7,true,995000,1000000,5000,995000
rkyv,burst,69,27,67,348,567,3031,101.5,63,33375,84.3,0.830009,5.1940,8.4627,45.2388,26,87,153,161,35.5,24,17231,32.4,0.913798,3.3462,5.8846,6.1923,93,446,700,3147,137.0,87,33439,101.3,0.739456,0.021505,4.7957,7.5269,33.8387,64.0,112.5,64,3248,7803169.7,878007699.4,true,995000,1000000,5000,995000
rkyv,burst,70,28,68,359,593,3001,105.7,63,13671,78.0,0.738110,5.2794,8.7206,44.1324,26,86,151,162,35.8,24,4999,26.3,0.734736,3.3077,5.8077,6.2308,94,452,729,3077,141.4,87,13759,95.3,0.673696,0.031915,4.8085,7.7553,32.7340,64.0,112.3,64,3248,7731647.5,868613962.2,true,995000,1000000,5000,995000
rkyv,burst,71,29,68,362,602,2929,102.7,63,13655,75.2,0.732385,5.3235,8.8529,43.0735,26,86,156,161,35.4,24,3739,25.8,0.727357,3.3077,6.0000,6.1923,94,457,748,3113,138.1,87,13687,92.3,0.668176,0.031915,4.8617,7.9574,33.1170,64.0,112.5,64,3248,7780649.8,874993452.9,true,995000,1000000,5000,995000
rkyv,mixed,42,0,67,400,616,1065,109.1,63,7239,80.7,0.739907,5.9701,9.1940,15.8955,26,123,156,166,36.7,24,8719,31.1,0.848019,4.7308,6.0000,6.3846,93,520,757,3025,145.8,88,8911,100.1,0.686506,0.032258,5.5914,8.1398,32.5269,64.0,118.6,64,3248,7514464.1,891287522.6,true,995000,1000000,5000,995000
rkyv,mixed,43,1,67,373,586,2927,107.7,63,20015,83.2,0.772398,5.5672,8.7463,43.6866,26,122,156,167,37.0,24,10639,32.6,0.882766,4.6923,6.0000,6.4231,93,490,723,3105,144.7,87,20111,102.0,0.704806,0.021505,5.2688,7.7742,33.3871,64.0,118.3,64,3248,7391896.0,874768592.8,true,995000,1000000,5000,995000
rkyv,mixed,44,2,67,382,602,2903,103.1,63,9463,77.6,0.752655,5.7015,8.9851,43.3284,26,123,157,166,36.5,23,6639,29.6,0.810157,4.7308,6.0385,6.3846,93,497,744,3035,139.6,87,9727,95.0,0.680487,0.021505,5.3441,8.0000,32.6344,64.0,118.0,64,3248,7523664.3,888009977.0,true,995000,1000000,5000,995000
rkyv,mixed,45,3,67,384,603,2941,108.5,63,16847,83.8,0.772098,5.7313,9.0000,43.8955,26,122,159,168,36.7,24,7363,28.7,0.782688,4.6923,6.1154,6.4615,93,503,745,3061,145.1,87,16975,101.7,0.700517,0.021505,5.4086,8.0108,32.9140,64.0,117.9,64,3248,7517185.9,886162683.0,true,995000,1000000,5000,995000
rkyv,mixed,46,4,67,389,603,2955,107.9,63,15015,83.3,0.771495,5.8060,9.0000,44.1045,26,121,159,169,36.7,24,5567,28.1,0.765120,4.6538,6.1154,6.5000,93,508,746,3099,144.6,88,15127,101.1,0.698917,0.021505,5.4624,8.0215,33.3226,64.0,117.9,64,3248,7488800.4,882867762.9,true,995000,1000000,5000,995000
rkyv,mixed,47,5,68,374,601,2815,106.8,63,6611,77.5,0.725850,5.5000,8.8382,41.3971,26,119,152,167,36.7,24,7231,30.4,0.829617,4.5769,5.8462,6.4231,94,488,740,3023,143.5,88,7411,96.3,0.671359,0.031915,5.1915,7.8723,32.1596,64.0,118.2,64,3248,7526553.4,889916796.7,true,995000,1000000,5000,995000
rkyv,mixed,48,6,67,412,646,2979,105.5,63,20367,85.1,0.806187,6.1493,9.6418,44.4627,26,104,156,164,36.8,24,17471,36.2,0.984940,4.0000,6.0000,6.3077,93,525,793,3181,142.3,87,20639,104.9,0.737103,0.032258,5.6452,8.5269,34.2043,64.0,117.3,64,3248,7494326.6,879306889.7,true,995000,1000000,5000,995000
rkyv,mixed,49,7,67,383,597,3015,106.1,63,14535,80.8,0.761719,5.7164,8.9104,45.0000,26,117,156,168,36.7,24,8391,33.4,0.910394,4.5000,6.0000,6.4615,93,499,737,3189,142.8,87,14623,100.2,0.701147,0.021505,5.3656,7.9247,34.2903,64.0,117.7,64,3248,7517734.2,884861398.2,true,995000,1000000,5000,995000
rkyv,mixed,50,8,70,389,605,2983,106.7,63,7215,78.0,0.730654,5.5571,8.6429,42.6143,26,124,156,164,36.6,24,4547,25.8,0.705712,4.7692,6.0000,6.3077,95,507,750,3097,143.3,88,7283,95.3,0.665352,0.031579,5.3368,7.8947,32.6000,64.0,118.3,64,3248,7514202.0,889301863.7,true,995000,1000000,5000,995000
rkyv,mixed,51,9,70,402,625,3001,110.6,63,32399,94.1,0.851377,5.7429,8.9286,42.8714,26,121,157,170,36.7,24,7099,30.6,0.834391,4.6538,6.0385,6.5385,95,518,770,3181,147.3,88,32527,111.0,0.753619,0.031579,5.4526,8.1053,33.4842,64.0,117.9,64,3248,7490497.4,883497042.4,true,995000,1000000,5000,995000
rkyv,mixed,52,10,70,385,603,2809,109.9,63,15663,81.5,0.741986,5.5000,8.6143,40.1286,26,98,153,167,36.6,24,4879,27.7,0.757332,3.7692,5.8846,6.4231,96,497,744,3013,146.4,88,15751,99.0,0.676232,0.031250,5.1771,7.7500,31.3854,64.0,117.6,64,3248,7499823.0,881754511.2,true,995000,1000000,5000,995000
rkyv,mixed,53,11,67,381,604,964,104.1,63,11567,77.2,0.741680,5.6866,9.0149,14.3881,26,116,157,171,36.6,24,13311,31.5,0.861408,4.4615,6.0385,6.5769,93,495,747,2997,140.7,87,13375,95.4,0.678037,0.021505,5.3226,8.0323,32.2258,64.0,117.8,64,3248,7482085.0,881115715.3,true,995000,1000000,5000,995000
rkyv,mixed,54,12,67,385,598,2967,108.2,63,16031,82.1,0.759513,5.7463,8.9254,44.2836,26,118,152,163,37.1,24,4779,28.5,0.767914,4.5385,5.8462,6.2692,93,501,736,3095,145.3,87,16095,100.4,0.691034,0.032258,5.3871,7.9140,33.2796,64.0,118.2,64,3248,7493798.8,885729540.1,true,995000,1000000,5000,995000
rkyv,mixed,55,13,68,357,567,1271,105.7,63,7203,75.6,0.714613,5.2500,8.3382,18.6912,26,120,156,167,36.6,24,6083,28.2,0.770063,4.6154,6.0000,6.4231,93,473,699,3015,142.4,88,7535,93.7,0.657785,0.021505,5.0860,7.5161,32.4194,64.0,117.8,64,3248,7530245.0,887372728.9,true,995000,1000000,5000,995000
rkyv,mixed,56,14,68,382,607,975,103.6,63,30255,84.9,0.819412,5.6176,8.9265,14.3382,26,117,153,172,36.6,24,20447,41.8,1.140300,4.5000,5.8846,6.6154,94,494,749,3145,140.2,88,30351,104.9,0.748391,0.031915,5.2553,7.9681,33.4574,64.0,117.8,64,3248,7473412.3,880404320.2,true,995000,1000000,5000,995000
rkyv,mixed,57,15,68,376,594,2915,107.6,63,7079,78.9,0.733029,5.5294,8.7353,42.8676,26,120,156,165,36.7,24,7255,29.7,0.810216,4.6154,6.0000,6.3462,93,490,732,3067,144.3,87,7323,97.5,0.675552,0.021505,5.2688,7.8710,32.9785,64.0,118.1,64,3248,7502778.2,886197942.7,true,995000,1000000,5000,995000
rkyv,mixed,58,16,69,382,601,2905,109.0,63,4847,77.6,0.711857,5.5362,8.7101,42.1014,26,118,152,162,36.8,24,4691,27.7,0.751133,4.5385,5.8462,6.2308,95,500,738,3027,145.8,88,4883,95.8,0.657224,0.031579,5.2632,7.7684,31.8632,64.0,118.5,64,3248,7505350.3,889012132.5,true,995000,1000000,5000,995000
rkyv,mixed,59,17,73,390,615,2859,108.6,70,18175,78.7,0.724707,5.3425,8.4247,39.1644,26,120,155,164,36.5,24,20319,39.2,1.073971,4.6154,5.9615,6.3077,98,503,756,2969,145.1,94,20383,99.1,0.682459,0.010204,5.1327,7.7143,30.2959,64.0,118.3,64,3248,7376255.6,872461975.0,true,995000,1000000,5000,995000
rkyv,mixed,60,18,67,433,665,2991,111.1,63,8023,87.0,0.782691,6.4627,9.9254,44.6418,26,117,156,163,36.7,24,6851,28.8,0.786223,4.5000,6.0000,6.2692,93,549,814,3091,147.8,88,8175,105.4,0.712912,0.021505,5.9032,8.7527,33.2366,64.0,117.8,64,3248,7516608.3,885684112.7,true,995000,1000000,5000,995000
rkyv,mixed,61,19,67,392,616,2939,105.4,63,18783,88.5,0.839869,5.8507,9.1940,43.8657,26,121,156,171,38.0,24,18783,36.9,0.973246,4.6538,6.0000,6.5769,93,507,758,3157,143.4,87,18847,107.6,0.750838,0.021505,5.4516,8.1505,33.9462,64.0,117.8,64,3248,7250979.6,854308639.2,true,995000,1000000,5000,995000
rkyv,mixed,62,20,67,371,595,2911,106.2,63,6695,78.3,0.736790,5.5373,8.8806,43.4478,26,116,155,167,36.6,24,9111,29.3,0.799513,4.4615,5.9615,6.4231,93,483,734,3029,142.9,87,9287,96.6,0.676184,0.021505,5.1935,7.8925,32.5699,64.0,117.6,64,3248,7392240.2,869345994.9,true,995000,1000000,5000,995000
rkyv,mixed,63,21,69,379,603,979,107.5,63,7343,76.9,0.715087,5.4928,8.7391,14.1884,26,120,158,175,36.7,24,10303,32.4,0.882702,4.6154,6.0769,6.7308,95,492,749,3029,144.2,88,10367,96.5,0.669424,0.031579,5.1789,7.8842,31.8842,64.0,117.9,64,3248,7460178.6,879806528.4,true,995000,1000000,5000,995000
rkyv,mixed,64,22,70,390,606,2897,105.0,63,13599,78.3,0.745930,5.5714,8.6571,41.3857,26,93,156,172,36.4,24,9647,28.7,0.788237,3.5769,6.0000,6.6154,95,497,752,3023,141.4,88,13695,95.1,0.672634,0.031579,5.2316,7.9158,31.8211,64.0,117.4,64,3248,7494170.8,880108187.8,true,995000,1000000,5000,995000
rkyv,mixed,65,23,67,370,591,950,106.2,63,8063,76.6,0.722042,5.5224,8.8209,14.1791,26,97,158,166,36.7,24,7107,32.0,0.871969,3.7308,6.0769,6.3846,93,487,732,3033,142.8,87,8271,96.3,0.674278,0.021505,5.2366,7.8710,32.6129,64.0,117.3,64,3248,7513998.6,881477668.1,true,995000,1000000,5000,995000
rkyv,mixed,66,24,69,402,624,2929,105.3,63,20991,86.8,0.824880,5.8261,9.0435,42.4493,26,121,156,166,36.5,24,17647,33.7,0.924256,4.6538,6.0000,6.3846,94,518,767,3071,141.8,87,21039,103.9,0.733140,0.021277,5.5106,8.1596,32.6702,64.0,117.9,64,3248,7497573.8,884044459.9,true,995000,1000000,5000,995000
rkyv,mixed,67,25,68,376,589,1001,108.4,63,5771,77.2,0.711810,5.5294,8.6618,14.7206,26,91,158,170,36.9,24,4107,28.0,0.757260,3.5000,6.0769,6.5385,94,486,733,3215,145.3,87,5803,95.7,0.658465,0.031915,5.1702,7.7979,34.2021,64.0,117.4,64,3248,7497475.9,880263893.1,true,995000,1000000,5000,995000
rkyv,mixed,68,26,67,383,598,2949,106.3,63,6095,77.0,0.723936,5.7164,8.9254,44.0149,26,118,151,159,36.6,24,6391,27.0,0.738075,4.5385,5.8077,6.1154,93,498,737,3097,143.0,87,6615,95.0,0.664301,0.021505,5.3548,7.9247,33.3011,64.0,118.1,64,3248,7502360.9,885835043.5,true,995000,1000000,5000,995000
rkyv,mixed,69,27,68,387,602,2875,108.5,63,8179,78.8,0.726259,5.6912,8.8529,42.2794,26,104,156,161,36.8,24,4607,26.4,0.715793,4.0000,6.0000,6.1923,93,501,746,2995,145.3,88,8207,96.9,0.666911,0.021505,5.3871,8.0215,32.2043,64.0,117.9,64,3248,7460623.8,879733364.7,true,995000,1000000,5000,995000
rkyv,mixed,70,28,69,382,603,2903,110.8,63,4895,79.1,0.714569,5.5362,8.7391,42.0725,26,93,155,161,36.8,24,11783,31.1,0.845722,3.5769,5.9615,6.1923,94,497,744,3081,147.6,88,11967,98.7,0.668999,0.031915,5.2872,7.9149,32.7766,64.0,117.9,64,3248,7509644.7,885268560.9,true,995000,1000000,5000,995000
rkyv,mixed,71,29,68,387,601,3029,106.0,63,7087,78.2,0.737730,5.6912,8.8382,44.5441,26,121,156,166,36.5,24,6583,27.5,0.752474,4.6538,6.0000,6.3846,94,499,744,3219,142.5,88,7179,96.0,0.673324,0.021277,5.3085,7.9149,34.2447,64.0,117.9,64,3248,7482545.1,882364036.0,true,995000,1000000,5000,995000
rkyv,order,42,0,171,238,480,3385,178.0,128,362495,1179.4,6.626154,1.3918,2.8070,19.7953,68,83,125,268,69.7,46,367359,846.3,12.139035,1.2206,1.8382,3.9412,237,308,584,4743,247.7,196,367615,1452.2,5.862599,0.033755,1.2996,2.4641,20.0127,88.0,86.0,80,88,4871028.7,418933737.7,true,495000,500000,5000,495000
rkyv,order,43,1,173,238,474,3303,175.5,134,18319,82.0,0.467248,1.3757,2.7399,19.0925,68,83,89,187,67.5,46,18335,42.3,0.627324,1.2206,1.3088,2.7500,239,308,561,3443,243.0,204,18511,92.8,0.381867,0.033473,1.2887,2.3473,14.4059,88.0,86.0,80,88,4889606.0,420551162.3,true,495000,500000,5000,495000
rkyv,order,44,2,174,244,473,3203,176.8,129,7463,57.8,0.326747,1.4023,2.7184,18.4080,68,82,89,221,67.3,46,18943,39.8,0.590727,1.2059,1.3088,3.2500,240,313,568,3321,244.2,191,19119,70.7,0.289632,0.033333,1.3042,2.3667,13.8375,88.0,86.0,80,88,4881023.9,419785722.3,true,495000,500000,5000,495000
rkyv,order,45,3,172,238,473,3121,174.4,125,6967,54.3,0.311568,1.3837,2.7500,18.1453,68,82,89,214,67.2,46,5071,26.0,0.386552,1.2059,1.3088,3.1471,238,308,571,3225,241.6,179,7147,60.8,0.251816,0.033613,1.2941,2.3992,13.5504,88.0,86.0,80,88,4884445.1,420039542.1,true,495000,500000,5000,495000
rkyv,order,46,4,174,239,448,3125,176.4,129,10559,49.4,0.279998,1.3736,2.5747,17.9598,68,82,88,98,67.4,47,13575,32.6,0.483414,1.2059,1.2941,1.4412,240,308,528,3245,243.8,197,13743,59.2,0.243048,0.033333,1.2833,2.2000,13.5208,88.0,86.0,80,88,4860976.5,418055681.7,true,495000,500000,5000,495000
rkyv,order,47,5,163,228,432,3073,164.8,125,6603,42.8,0.259831,1.3988,2.6503,18.8528,68,82,88,101,67.5,47,4631,27.0,0.399807,1.2059,1.2941,1.4853,229,298,511,3191,232.3,179,6695,50.7,0.218191,0.034934,1.3013,2.2314,13.9345,88.0,86.0,80,88,4890973.6,420624206.2,true,495000,500000,5000,495000
rkyv,order,48,6,176,242,452,3215,179.1,133,13663,52.0,0.290161,1.3750,2.5682,18.2670,71,86,91,99,70.2,49,4587,23.9,0.340403,1.2113,1.2817,1.3944,246,315,532,3329,249.3,198,13783,57.4,0.230230,0.032520,1.2805,2.1626,13.5325,88.0,86.0,80,88,4797146.9,412551224.2,true,495000,500000,5000,495000
rkyv,order,49,7,172,236,438,3131,174.0,126,6239,45.3,0.260107,1.3721,2.5465,18.2035,69,86,90,115,67.9,46,5655,30.3,0.446231,1.2464,1.3043,1.6667,239,306,525,3271,241.9,179,6343,54.5,0.225272,0.033473,1.2803,2.1967,13.6862,88.0,86.0,80,88,4895323.7,421003375.4,true,495000,500000,5000,495000
rkyv,order,50,8,173,238,460,3305,174.7,127,10775,53.5,0.306075,1.3757,2.6590,19.1040,68,82,88,177,67.5,47,33183,56.8,0.841544,1.2059,1.2941,2.6029,238,308,541,3453,242.2,188,33343,78.3,0.323176,0.033613,1.2941,2.2731,14.5084,88.0,86.0,80,88,4866273.4,418500376.0,true,495000,500000,5000,495000
rkyv,order,51,9,172,240,469,3133,174.5,126,9519,51.8,0.296602,1.3953,2.7267,18.2151,68,82,88,243,67.4,47,6947,33.3,0.494782,1.2059,1.2941,3.5735,238,309,554,3275,241.9,178,9599,62.1,0.256661,0.033613,1.2983,2.3277,13.7605,88.0,86.0,80,88,4842613.6,416430019.4,true,495000,500000,5000,495000
rkyv,order,52,10,172,238,464,3239,174.4,126,18335,69.7,0.399422,1.3837,2.6977,18.8314,68,82,88,227,67.4,46,18975,48.0,0.710915,1.2059,1.2941,3.3382,238,307,550,3449,241.9,177,19199,85.1,0.351734,0.033613,1.2899,2.3109,14.4916,88.0,86.0,80,88,4892011.8,420736180.6,true,495000,500000,5000,495000
rkyv,order,53,11,172,237,469,3089,174.0,130,8527,52.2,0.299912,1.3779,2.7267,17.9593,68,83,89,235,67.4,47,8199,30.4,0.450846,1.2206,1.3088,3.4559,238,307,553,3211,241.4,184,8847,61.3,0.253973,0.033613,1.2899,2.3235,13.4916,88.0,86.0,80,88,4887671.0,420326356.4,true,495000,500000,5000,495000
rkyv,order,54,12,171,236,467,3083,173.3,125,7171,51.0,0.294511,1.3801,2.7310,18.0292,68,83,88,209,67.5,47,10591,31.0,0.458753,1.2206,1.2941,3.0735,237,306,556,3177,240.8,178,10727,60.2,0.249931,0.033755,1.2911,2.3460,13.4051,88.0,86.0,80,88,4858501.8,417871988.2,true,495000,500000,5000,495000
rkyv,order,55,13,172,235,449,3147,173.9,122,6799,49.1,0.282150,1.3663,2.6105,18.2965,68,83,90,231,67.5,47,9039,34.3,0.507865,1.2206,1.3235,3.3971,238,305,534,3271,241.4,179,9255,60.3,0.249937,0.033613,1.2815,2.2437,13.7437,88.0,86.0,80,88,4885727.0,420210501.6,true,495000,500000,5000,495000
rkyv,order,56,14,172,236,462,3337,174.1,125,6691,50.6,0.290784,1.3721,2.6860,19.4012,68,82,89,220,67.6,47,7311,34.7,0.513804,1.2059,1.3088,3.2353,238,306,548,3473,241.7,179,7483,62.0,0.256422,0.033613,1.2857,2.3025,14.5924,88.0,86.0,80,88,4885178.8,420152931.8,true,495000,500000,5000,495000
rkyv,order,57,15,173,239,473,3033,176.1,129,10583,51.7,0.293349,1.3815,2.7341,17.5318,69,83,89,227,67.9,46,12567,35.3,0.520372,1.2029,1.2899,3.2899,240,309,564,3143,244.0,187,12743,62.9,0.257901,0.033333,1.2875,2.3500,13.0958,88.0,86.0,80,88,4878009.8,419526344.1,true,495000,500000,5000,495000
rkyv,order,58,16,171,236,463,3103,172.5,122,8091,49.5,0.286679,1.3801,2.7076,18.1462,70,84,90,225,69.2,48,5315,25.1,0.362710,1.2000,1.2857,3.2143,238,308,558,3213,241.7,176,8215,56.2,0.232687,0.033613,1.2941,2.3445,13.5000,88.0,86.0,80,88,4874782.0,419205333.3,true,495000,500000,5000,495000
rkyv,order,59,17,172,238,479,3157,174.0,126,36703,77.1,0.443158,1.3837,2.7849,18.3547,68,82,89,240,67.6,47,28911,66.7,0.986438,1.2059,1.3088,3.5294,238,308,577,3381,241.5,177,36863,102.3,0.423599,0.033613,1.2941,2.4244,14.2059,88.0,86.0,80,88,4891439.7,420667295.3,true,495000,500000,5000,495000
rkyv,order,60,18,172,237,470,3113,174.1,126,8287,50.0,0.286977,1.3779,2.7326,18.0988,68,82,89,239,67.5,47,7067,33.1,0.490607,1.2059,1.3088,3.5147,238,307,567,3235,241.6,180,8447,60.4,0.250086,0.033613,1.2899,2.3824,13.5924,88.0,86.0,80,88,4868117.4,418667068.7,true,495000,500000,5000,495000
rkyv,order,61,19,172,238,466,3109,174.4,125,12839,53.4,0.305886,1.3837,2.7093,18.0756,68,83,91,232,67.6,47,7759,33.3,0.492429,1.2206,1.3382,3.4118,238,309,559,3235,242.1,176,12943,63.7,0.263241,0.033613,1.2983,2.3487,13.5924,88.0,86.0,80,88,4884300.1,420082805.4,true,495000,500000,5000,495000
rkyv,order,62,20,173,238,471,3067,175.2,125,8879,54.5,0.310820,1.3757,2.7225,17.7283,68,83,89,243,67.5,47,6859,28.8,0.426827,1.2206,1.3088,3.5735,239,308,565,3183,242.7,179,8959,62.4,0.257097,0.033473,1.2887,2.3640,13.3180,88.0,86.0,80,88,4865448.5,418405926.9,true,495000,500000,5000,495000
rkyv,order,63,21,171,236,470,3081,174.0,128,7123,52.7,0.303097,1.3801,2.7485,18.0175,68,82,89,218,67.4,47,6475,28.1,0.416856,1.2059,1.3088,3.2059,238,306,564,3189,241.4,189,7211,60.4,0.250050,0.033613,1.2857,2.3697,13.3992,88.0,86.0,80,88,4889147.7,420491356.4,true,495000,500000,5000,495000
rkyv,order,64,22,173,238,471,3045,175.1,126,6679,50.4,0.287564,1.3757,2.7225,17.6012,68,82,89,214,67.5,47,5943,28.7,0.425127,1.2059,1.3088,3.1471,239,308,563,3169,242.6,180,6767,58.5,0.241304,0.033473,1.2887,2.3556,13.2594,88.0,86.0,80,88,4890618.8,420641592.9,true,495000,500000,5000,495000
rkyv,order,65,23,175,240,478,3071,177.4,130,16151,59.9,0.337591,1.3714,2.7314,17.5486,70,84,90,227,69.0,49,6387,26.3,0.381074,1.2000,1.2857,3.2429,243,311,566,3169,246.5,185,16271,66.1,0.268188,0.032922,1.2798,2.3292,13.0412,88.0,86.0,80,88,4758866.3,409246659.9,true,495000,500000,5000,495000
rkyv,order,66,24,166,236,438,3311,170.6,133,18703,66.7,0.391118,1.4217,2.6386,19.9458,68,82,88,157,67.1,47,10511,32.2,0.479061,1.2059,1.2941,2.3088,234,305,525,3487,237.7,194,18767,74.2,0.312054,0.038462,1.3034,2.2436,14.9017,88.0,86.0,80,88,4891047.7,420663066.0,true,495000,500000,5000,495000
rkyv,order,67,25,172,236,431,3099,174.5,130,6051,45.9,0.263020,1.3721,2.5058,18.0174,68,83,88,98,67.4,47,4103,25.5,0.377783,1.2206,1.2941,1.4412,238,306,509,3193,241.9,192,6123,52.6,0.217295,0.033613,1.2857,2.1387,13.4160,88.0,86.0,80,88,4883965.4,419998766.9,true,495000,500000,5000,495000
rkyv,order,68,26,174,238,424,3049,175.8,129,4767,40.8,0.232301,1.3678,2.4368,17.5230,68,82,88,272,67.4,47,5595,31.6,0.469375,1.2059,1.2941,4.0000,240,307,513,3153,243.2,183,5759,51.7,0.212638,0.033333,1.2792,2.1375,13.1375,88.0,86.0,80,88,4824068.6,414859370.8,true,495000,500000,5000,495000
rkyv,order,69,27,174,239,438,3129,176.7,130,6595,46.7,0.264258,1.3736,2.5172,17.9828,68,82,88,115,67.3,47,9879,30.8,0.457694,1.2059,1.2941,1.6912,240,309,521,3221,244.0,187,10047,56.0,0.229584,0.033333,1.2875,2.1708,13.4208,88.0,86.0,80,88,4888373.5,420457955.9,true,495000,500000,5000,495000
rkyv,order,70,28,173,239,458,3235,175.2,126,7371,52.9,0.302125,1.3815,2.6474,18.6994,69,84,112,244,68.0,47,7011,32.6,0.479117,1.2174,1.6232,3.5362,239,309,544,3339,243.1,180,7547,62.8,0.258130,0.033473,1.2929,2.2762,13.9707,88.0,86.0,80,88,4855475.8,417542906.8,true,495000,500000,5000,495000
rkyv,order,71,29,173,240,469,3179,176.1,127,33567,86.3,0.489891,1.3873,2.7110,18.3757,68,82,88,215,67.5,47,35967,64.8,0.959773,1.2059,1.2941,3.1618,239,310,550,3303,243.6,180,36127,108.2,0.444186,0.033473,1.2971,2.3013,13.8201,88.0,86.0,80,88,4886353.8,420242929.8,true,495000,500000,5000,495000
rkyv,tick,42,0,65,130,189,476,67.6,63,15775,32.0,0.473723,2.0000,2.9077,7.3231,26,27,28,32,25.7,24,4295,14.3,0.555159,1.0385,1.0769,1.2308,91,156,218,514,93.3,88,15807,35.1,0.375782,0.010989,1.7143,2.3956,5.6484,64.0,64.0,64,64,11473001.5,734272094.7,true,995000,1000000,5000,995000
rkyv,tick,43,1,66,130,197,472,67.9,63,6263,29.1,0.428424,1.9697,2.9848,7.1515,26,27,28,33,25.6,24,4451,14.4,0.563017,1.0385,1.0769,1.2692,91,156,223,528,93.6,88,6291,32.5,0.347247,0.010989,1.7143,2.4505,5.8022,64.0,64.0,64,64,11587259.9,741584633.1,true,995000,1000000,5000,995000
rkyv,tick,44,2,66,131,204,481,68.5,63,34079,54.2,0.791097,1.9848,3.0909,7.2879,26,27,28,86,25.7,24,18687,26.0,1.014527,1.0385,1.0769,3.3077,91,157,233,530,94.1,87,34111,60.2,0.639729,0.010989,1.7253,2.5604,5.8242,64.0,64.0,64,64,11448831.0,732725186.8,true,995000,1000000,5000,995000
rkyv,tick,45,3,67,132,205,479,69.0,63,8027,31.5,0.456804,1.9701,3.0597,7.1493,26,27,28,87,25.8,24,5507,18.5,0.718223,1.0385,1.0769,3.3462,92,157,244,540,94.8,87,8067,36.8,0.387735,0.010870,1.7065,2.6522,5.8696,64.0,64.0,64,64,11523582.9,737509307.6,true,995000,1000000,5000,995000
rkyv,tick,46,4,65,130,201,476,67.9,63,8263,32.4,0.477469,2.0000,3.0923,7.3231,26,27,28,86,25.7,24,4891,17.5,0.683105,1.0385,1.0769,3.3077,91,156,247,546,93.6,88,8343,37.0,0.395842,0.010989,1.7143,2.7143,6.0000,64.0,64.0,64,64,11511446.0,736732546.5,true,995000,1000000,5000,995000
rkyv,tick,47,5,65,131,202,483,67.8,63,13327,37.0,0.546222,2.0154,3.1077,7.4308,26,27,28,86,25.7,24,6155,18.3,0.710256,1.0385,1.0769,3.3077,91,156,232,2855,93.5,87,13367,41.5,0.443288,0.010989,1.7143,2.5495,31.3736,64.0,64.0,64,64,11561129.5,739912290.0,true,995000,1000000,5000,995000
rkyv,tick,48,6,65,131,198,477,67.5,63,7831,32.0,0.473811,2.0154,3.0462,7.3385,26,28,28,85,25.8,24,6763,20.3,0.787445,1.0769,1.0769,3.2692,91,156,225,546,93.2,87,7863,38.0,0.407468,0.010989,1.7143,2.4725,6.0000,64.0,64.0,64,64,11588278.2,741649807.0,true,995000,1000000,5000,995000
rkyv,tick,49,7,65,130,200,476,68.0,63,7547,33.4,0.491055,2.0000,3.0769,7.3231,26,27,28,86,25.7,24,4511,15.6,0.605509,1.0385,1.0769,3.3077,91,156,227,520,93.7,87,7671,37.0,0.395082,0.010989,1.7143,2.4945,5.7143,64.0,64.0,64,64,11506636.7,736424747.6,true,995000,1000000,5000,995000
rkyv,tick,50,8,65,131,218,479,67.7,63,7887,32.7,0.482925,2.0154,3.3538,7.3692,26,28,28,87,25.8,24,5511,17.9,0.695004,1.0769,1.0769,3.3462,91,157,270,2859,93.5,88,8003,37.5,0.401123,0.010989,1.7253,2.9670,31.4176,64.0,64.0,64,64,11448692.6,732716325.9,true,995000,1000000,5000,995000
rkyv,tick,51,9,66,131,202,474,68.2,63,8039,32.7,0.480192,1.9848,3.0606,7.1818,26,27,28,86,25.7,24,6587,18.7,0.726311,1.0385,1.0769,3.3077,91,156,235,522,93.9,87,8143,37.9,0.403113,0.010989,1.7143,2.5824,5.7363,64.0,64.0,64,64,11441782.1,732274052.0,true,995000,1000000,5000,995000
rkyv,tick,52,10,66,130,201,480,68.3,63,20959,52.2,0.764668,1.9697,3.0455,7.2727,26,28,28,86,25.9,24,21327,40.6,1.567288,1.0769,1.0769,3.3077,91,156,229,574,94.2,87,21391,66.3,0.703441,0.010989,1.7143,2.5165,6.3077,64.0,64.0,64,64,11519317.1,737236295.6,true,995000,1000000,5000,995000
rkyv,tick,53,11,66,130,198,477,68.2,63,6191,31.0,0.454306,1.9697,3.0000,7.2273,26,27,28,32,25.7,24,4323,15.6,0.608207,1.0385,1.0769,1.2308,91,156,224,525,93.8,87,6219,34.7,0.369532,0.010989,1.7143,2.4615,5.7692,64.0,64.0,64,64,11506609.1,736422984.7,true,995000,1000000,5000,995000
rkyv,tick,54,12,65,130,195,479,67.8,63,4695,29.4,0.433777,2.0000,3.0000,7.3692,26,27,28,32,25.6,24,7771,16.9,0.658711,1.0385,1.0769,1.2308,91,156,221,571,93.5,88,7839,33.9,0.362896,0.010989,1.7143,2.4286,6.2747,64.0,64.0,64,64,11404931.4,729915612.0,true,995000,1000000,5000,995000
rkyv,tick,55,13,65,135,204,486,67.5,63,14799,36.9,0.546594,2.0769,3.1385,7.4769,26,27,28,68,25.7,24,4119,15.0,0.583058,1.0385,1.0769,2.6154,91,161,232,566,93.2,87,14839,39.9,0.427822,0.010989,1.7692,2.5495,6.2198,64.0,64.0,64,64,11530707.7,737965293.2,true,995000,1000000,5000,995000
rkyv,tick,56,14,65,130,201,481,67.6,63,5667,29.7,0.439720,2.0000,3.0923,7.4000,28,32,33,77,28.1,24,5567,15.8,0.562515,1.1429,1.1786,2.7500,94,159,231,552,95.7,87,5691,33.7,0.352120,0.031915,1.6915,2.4574,5.8723,64.0,64.0,64,64,11052875.5,707384030.6,true,995000,1000000,5000,995000
rkyv,tick,57,15,65,131,194,482,67.5,63,13183,35.1,0.520426,2.0154,2.9846,7.4154,26,28,28,34,25.8,24,5527,16.0,0.620802,1.0769,1.0769,1.3077,91,156,221,2875,93.3,87,13215,38.6,0.413884,0.010989,1.7143,2.4286,31.5934,64.0,64.0,64,64,11567381.7,740312431.1,true,995000,1000000,5000,995000
rkyv,tick,58,16,65,130,205,480,67.9,63,7655,31.9,0.470611,2.0000,3.1538,7.3846,26,28,29,86,26.2,24,6171,19.8,0.753468,1.0769,1.1154,3.3077,91,156,238,593,94.1,88,7787,37.7,0.400777,0.010989,1.7143,2.6154,6.5165,64.0,64.0,64,64,11488971.1,735294151.6,true,995000,1000000,5000,995000
rkyv,tick,59,17,65,130,201,477,67.5,63,6647,32.4,0.479433,2.0000,3.0923,7.3385,26,27,28,86,25.7,24,5651,16.5,0.643303,1.0385,1.0769,3.3077,91,156,230,519,93.2,87,6707,36.5,0.391908,0.010989,1.7143,2.5275,5.7033,64.0,64.0,64,64,11592886.9,741944761.2,true,995000,1000000,5000,995000
rkyv,tick,60,18,69,135,220,486,71.8,63,17503,48.1,0.669640,1.9565,3.1884,7.0435,26,28,29,89,25.8,24,17983,44.7,1.728216,1.0769,1.1154,3.4231,95,161,272,563,97.6,87,18047,65.8,0.673599,0.010526,1.6947,2.8632,5.9263,64.0,64.0,64,64,11157280.6,714065956.7,true,995000,1000000,5000,995000
rkyv,tick,61,19,66,131,203,473,68.0,63,6859,31.8,0.467409,1.9848,3.0758,7.1667,26,27,28,85,25.7,24,6595,18.1,0.705654,1.0385,1.0769,3.2692,91,156,237,513,93.7,88,6883,36.8,0.392837,0.010989,1.7143,2.6044,5.6374,64.0,64.0,64,64,11571559.1,740579785.6,true,995000,1000000,5000,995000
rkyv,tick,62,20,67,132,213,482,69.1,63,14655,35.0,0.506154,1.9701,3.1791,7.1940,26,28,28,86,25.7,24,4951,17.1,0.666759,1.0769,1.0769,3.3077,92,157,251,538,94.8,88,14695,39.2,0.413020,0.010870,1.7065,2.7283,5.8478,64.0,64.0,64,64,11415042.1,730562695.7,true,995000,1000000,5000,995000
rkyv,tick,63,21,65,131,198,470,68.0,63,6667,29.9,0.440041,2.0154,3.0462,7.2308,26,27,28,85,25.7,24,8671,20.0,0.778780,1.0385,1.0769,3.2692,91,156,224,518,93.7,87,8735,36.1,0.385277,0.010989,1.7143,2.4615,5.6923,64.0,64.0,64,64,11502155.8,736137968.9,true,995000,1000000,5000,995000
rkyv,tick,64,22,65,131,200,480,68.0,63,6339,32.5,0.477532,2.0154,3.0769,7.3846,26,27,28,86,25.7,24,6427,17.1,0.664689,1.0385,1.0769,3.3077,91,156,228,531,93.7,87,6495,36.9,0.393637,0.010989,1.7143,2.5055,5.8352,64.0,64.0,64,64,11587260.0,741584641.8,true,995000,1000000,5000,995000
rkyv,tick,65,23,65,130,201,467,67.7,63,14527,33.1,0.489231,2.0000,3.0923,7.1846,26,27,28,86,25.7,24,7759,21.2,0.824171,1.0385,1.0769,3.3077,91,156,228,564,93.4,87,14559,39.5,0.422833,0.010989,1.7143,2.5055,6.1978,64.0,64.0,64,64,11521306.3,737363602.1,true,995000,1000000,5000,995000
rkyv,tick,66,24,65,130,203,476,67.7,63,7407,33.2,0.490676,2.0000,3.1231,7.3231,26,27,28,86,25.7,24,7215,19.4,0.756064,1.0385,1.0769,3.3077,91,156,236,527,93.5,88,7435,38.7,0.413717,0.010989,1.7143,2.5934,5.7912,64.0,64.0,64,64,11549172.7,739147053.8,true,995000,1000000,5000,995000
rkyv,tick,67,25,65,130,205,478,67.5,63,7987,35.3,0.523006,2.0000,3.1538,7.3538,26,27,28,86,25.7,24,14511,24.9,0.967182,1.0385,1.0769,3.3077,91,156,253,2661,93.2,87,14575,43.3,0.464871,0.010989,1.7143,2.7802,29.2418,64.0,64.0,64,64,11584484.9,741407030.8,true,995000,1000000,5000,995000
rkyv,tick,68,26,65,130,195,476,67.9,63,19935,44.2,0.651240,2.0000,3.0000,7.3231,26,28,28,69,25.7,24,19695,24.9,0.968072,1.0769,1.0769,2.6538,91,156,221,522,93.6,87,19951,50.8,0.542498,0.010989,1.7143,2.4286,5.7363,64.0,64.0,64,64,11578663.1,741034437.5,true,995000,1000000,5000,995000
rkyv,tick,69,27,65,130,202,479,67.5,63,6727,31.3,0.463571,2.0000,3.1077,7.3692,26,28,29,85,25.8,24,7143,21.4,0.829885,1.0769,1.1154,3.2692,91,156,229,567,93.4,88,7207,38.1,0.407916,0.010989,1.7143,2.5165,6.2308,64.0,64.0,64,64,11574081.6,740741223.3,true,995000,1000000,5000,995000
rkyv,tick,70,28,65,131,201,481,67.6,63,6515,32.7,0.483700,2.0154,3.0923,7.4000,26,27,28,85,25.7,24,5331,19.4,0.755308,1.0385,1.0769,3.2692,91,156,230,2911,93.3,87,6539,38.2,0.409166,0.010989,1.7143,2.5275,31.9890,64.0,64.0,64,64,11530968.3,737981970.0,true,995000,1000000,5000,995000
rkyv,tick,71,29,65,130,206,476,67.8,63,21951,37.6,0.554485,2.0000,3.1692,7.3231,26,27,28,85,25.7,24,4863,16.1,0.625333,1.0385,1.0769,3.2692,91,156,248,510,93.5,87,22015,41.0,0.438985,0.010989,1.7143,2.7253,5.6044,64.0,64.0,64,64,11509641.7,736617071.5,true,995000,1000000,5000,995000
